Date,ORCL,WBA,LMT,MO,HD,PPG,CVS,ABT,BAC,HON
2005-01-03,10.750163078308104,23.41530990600586,30.170976638793945,4.115128040313721,26.042388916015625,21.149089813232425,14.962939262390137,13.884212493896484,29.16921615600586,21.112699508666992
2005-01-04,10.469590187072754,23.247146606445312,29.658933639526367,4.143636703491211,25.710079193115234,20.67108917236328,14.793360710144045,13.744383811950684,28.76738929748535,20.73590469360352
2005-01-05,10.501653671264648,23.844417572021484,30.40472984313965,4.13616943359375,25.474414825439453,20.37861633300781,15.046070098876951,13.586711883544922,28.43463516235352,20.67609024047852
2005-01-06,10.597854614257812,23.856006622314453,30.33793258666992,4.1069841384887695,25.09375762939453,20.667943954467773,15.049397468566896,13.89313507080078,28.39069175720215,20.538522720336918
2005-01-07,10.68603515625,24.06477165222168,30.482637405395508,4.167389869689941,25.02728271484375,20.768569946289062,15.212315559387209,14.131135940551758,28.083057403564453,20.46077537536621
2005-01-10,10.57380485534668,24.14595031738281,30.61065673828125,4.2216877937316895,25.25688934326172,20.71196556091309,15.298770904541016,14.267984390258787,28.43463516235352,20.39497947692871
2005-01-11,10.58181858062744,24.163349151611328,30.666297912597656,4.180964469909668,25.20249557495117,20.535858154296875,15.664535522460938,14.006180763244627,28.36557960510254,20.33517265319824
2005-01-12,10.806282043457031,24.308326721191406,31.0559024810791,4.18300199508667,25.49858283996582,20.781150817871094,15.65455150604248,14.039092063903809,28.29024124145508,20.92131233215332
2005-01-13,10.806282043457031,23.937196731567383,30.805450439453125,4.2284746170043945,25.214603424072266,20.721391677856445,15.521556854248049,13.769854545593262,27.93865966796875,20.682069778442383
2005-01-14,10.926530838012695,24.140161514282227,31.167205810546875,4.29974365234375,25.317323684692383,20.793731689453125,15.627955436706545,13.835670471191406,28.18350601196289,21.136619567871094
2005-01-18,11.04677963256836,25.027359008789062,31.46218681335449,4.341145038604736,25.474414825439453,20.82203483581543,15.794214248657228,13.77284812927246,28.710880279541016,21.44164657592773
2005-01-19,10.798266410827637,24.951976776123047,31.105981826782227,4.3139967918396,25.25688934326172,20.9163875579834,15.7144193649292,13.775837898254396,28.233722686767575,21.15456199645996
2005-01-20,10.645952224731444,24.975177764892575,30.61065673828125,4.282774448394775,24.864147186279297,20.894371032714844,15.542241096496582,13.686094284057615,28.44720458984375,21.034936904907227
2005-01-21,10.669999122619627,24.482282638549805,30.471519470214844,4.25901985168457,24.71308898925781,21.03273582458496,15.282474517822266,13.754908561706545,28.3090763092041,20.92728805541992
2005-01-24,10.613884925842283,24.18074607849121,30.3156852722168,4.218972682952881,24.404930114746094,20.9289608001709,15.022714614868164,13.739940643310549,28.39069175720215,21.034936904907227
2005-01-25,10.894464492797852,24.337310791015625,30.198787689208984,4.227797985076904,24.513675689697266,21.22456932067871,15.17590618133545,13.733963966369627,28.622989654541016,20.98111915588379
2005-01-26,10.918512344360352,24.38949584960937,30.738645553588867,4.197255611419678,24.61037254333496,21.337787628173828,15.152600288391112,13.727974891662598,28.736007690429688,21.3818416595459
2005-01-27,11.199089050292969,24.43587684631348,31.38982582092285,4.250873565673828,24.568071365356445,21.35980224609375,15.19922161102295,13.599343299865724,28.5853271484375,21.54930686950684
2005-01-28,10.966611862182615,24.859203338623047,31.378711700439453,4.28956413269043,24.41702079772949,21.344074249267575,15.259167671203612,13.54250431060791,28.692062377929688,21.34595489501953
2005-01-31,11.038763999938965,24.70843315124512,32.1745719909668,4.33232307434082,24.930606842041016,21.63025283813477,15.435667037963867,13.467717170715332,29.11271095275879,21.519399642944336
2005-02-01,10.942564964294434,24.90559959411621,32.68104553222656,4.337751388549805,24.858110427856445,21.74662208557129,15.495620727539062,13.626262664794922,29.307336807250977,21.56724548339844
2005-02-02,10.870410919189451,25.311504364013672,32.77009201049805,4.337073802947998,24.954782485961918,21.89757537841797,16.071748733520508,13.65318202972412,29.33871841430664,21.97394752502441
2005-02-03,10.694049835205078,25.38688087463379,32.45840835571289,4.3262128829956055,25.117919921875,21.840959548950195,16.381452560424805,13.659172058105469,29.131534576416016,22.41654396057129
2005-02-04,10.950575828552246,25.613025665283203,32.08552551269531,4.547478199005127,25.631511688232425,22.123998641967773,16.60124969482422,13.617286682128906,29.439180374145508,22.637840270996094
2005-02-07,10.862396240234377,25.299894332885746,32.35823440551758,4.5169358253479,25.691938400268555,22.265512466430664,16.468048095703125,13.63823127746582,29.282224655151367,22.542150497436523
2005-02-08,10.798266410827637,25.317296981811523,32.6699104309082,4.506753444671631,25.407941818237305,22.35671615600586,16.424745559692383,13.545496940612791,29.439180374145508,22.434484481811523
2005-02-09,10.557768821716309,25.120147705078125,32.53077697753906,4.430737018585205,25.29314422607422,22.13972282409668,16.211610794067383,13.509592056274414,29.156639099121094,22.36868476867676
2005-02-10,10.533717155456545,25.218725204467773,33.22645950317383,4.506753444671631,25.6013126373291,22.312685012817383,16.33150863647461,13.455748558044434,29.46429252624512,23.002668380737305
2005-02-11,10.702062606811523,24.824403762817383,33.22090530395508,4.493178844451904,25.867170333862305,22.438480377197266,16.617900848388672,13.820709228515623,29.395227432250977,23.409385681152344
2005-02-14,10.669999122619627,24.49967193603516,33.04281234741211,4.486390113830566,25.75235366821289,22.44163703918457,16.30486488342285,13.907458305358888,29.46429252624512,23.505069732666016
2005-02-15,10.65396499633789,24.569259643554688,33.371185302734375,4.483675956726074,25.818828582763672,22.671201705932617,16.16832733154297,14.021145820617676,29.545907974243164,23.355548858642575
2005-02-16,10.68603515625,25.302261352539062,33.36561584472656,4.446347713470459,25.6013126373291,22.60516166687012,16.268230438232422,14.00917148590088,29.36383438110352,23.142696380615234
2005-02-17,10.389424324035645,24.930673599243164,33.003841400146484,4.392726898193359,25.26293182373047,22.570350646972656,16.24158477783203,13.928401947021484,29.10642433166504,22.799978256225582
2005-02-18,10.37338638305664,24.895849227905277,32.942623138427734,4.404945373535156,25.38982582092285,22.620988845825195,16.194965362548828,13.880534172058104,28.717164993286133,22.902198791503903
2005-02-22,10.14892578125,24.75650405883789,32.6532096862793,4.284132480621338,24.33846664428711,22.222240447998047,15.901900291442873,13.593356132507324,28.378145217895508,22.409162521362305
2005-02-23,10.381404876708984,24.42556953430176,32.58641815185547,4.367613792419434,24.018207550048828,22.668460845947266,16.00181007385254,13.683100700378418,28.710880279541016,22.475292205810547
2005-02-24,10.4295072555542,24.582334518432617,32.97045135498047,4.424627780914307,23.939666748046875,22.75707244873047,16.454730987548828,13.868576049804688,29.005979537963867,22.655675888061523
2005-02-25,10.525701522827148,24.76812171936035,33.428768157958984,4.459244728088379,24.51972770690918,23.086185455322266,16.607913970947266,13.841652870178224,29.376415252685547,22.926240921020508
2005-02-28,10.381404876708984,24.866823196411133,33.09901428222656,4.455848217010498,24.18136405944824,22.76972007751465,16.59459114074707,13.757887840270996,29.28850555419922,22.83003616333008
2005-03-01,10.541738510131836,25.279037475585938,33.2555046081543,4.486390113830566,24.199481964111328,22.927955627441406,16.8909912109375,13.748912811279297,29.558467864990234,22.655675888061523
2005-03-02,10.46157169342041,25.412572860717773,33.38404846191406,4.470101833343506,24.157182693481445,22.779224395751957,16.671194076538086,13.77882957458496,29.52044105529785,22.70979881286621
2005-03-03,10.493639945983888,25.92350578308105,33.3617057800293,4.458565711975098,24.000089645385746,22.893150329589844,17.57701873779297,13.763869285583496,29.3682804107666,22.84808349609375
2005-03-04,10.645952224731444,26.149932861328125,33.50142288208008,4.482997417449951,24.22366142272949,23.244422912597656,17.510404586791992,13.883526802062988,29.65355682373047,23.25693893432617
2005-03-07,10.90247917175293,25.911884307861328,33.40082550048828,4.455848217010498,24.09677124023437,23.253910064697266,17.61032485961914,13.955324172973633,29.457035064697266,23.29302215576172
2005-03-08,10.918512344360352,25.836410522460938,33.77528381347656,4.459244728088379,24.211864471435547,23.355188369750977,17.380529403686523,13.910449981689451,29.32394027709961,23.280981063842773
2005-03-09,10.702062606811523,25.522897720336918,33.836761474609375,4.41105318069458,23.92110252380371,23.307710647583008,17.280630111694336,13.730963706970217,28.968944549560547,22.92023468017578
2005-03-10,10.629919052124023,25.650623321533203,33.83119583129883,4.444991111755371,24.163393020629883,23.16847038269043,17.533720016479492,13.84763240814209,29.070358276367188,23.05853271484375
2005-03-11,10.493639945983888,25.609983444213867,33.24991989135742,4.471073627471924,23.87870216369629,23.086185455322266,17.600326538085938,13.760882377624512,29.013317108154297,23.16073226928711
2005-03-14,10.541738510131836,25.74350357055664,33.4678840637207,4.473132133483887,23.908981323242188,23.203279495239254,17.50374412536621,13.796778678894045,29.032339096069336,23.389217376708984
2005-03-15,10.541738510131836,25.49384880065918,33.53496551513672,4.4786224365234375,24.084651947021484,23.105180740356445,17.420490264892578,13.659172058105469,28.86752700805664,23.479415893554688
2005-03-16,10.43752098083496,25.220972061157227,33.507022857666016,4.428516387939453,23.551591873168945,22.731752395629883,17.310592651367188,13.587373733520508,28.398439407348636,22.93826103210449
2005-03-17,10.549750328063965,25.650623321533203,33.66349792480469,4.454598903656006,23.56975746154785,22.845672607421875,17.64694595336914,13.32112979888916,28.385761260986328,23.10662651062012
2005-03-18,10.052726745605469,26.242815017700195,33.842342376708984,4.442242622375488,23.551591873168945,22.69693756103516,17.600326538085938,13.303187370300291,28.487180709838867,23.100616455078125
2005-03-21,10.14090633392334,26.283466339111328,33.507022857666016,4.343406200408936,23.012474060058597,22.60516357421875,17.423824310302734,13.123698234558104,28.081499099731445,23.02244758605957
2005-03-22,10.01264762878418,26.56214714050293,33.47906494140625,4.361939907073975,22.90950584411621,22.611492156982425,17.467119216918945,13.090789794921877,27.675800323486328,22.99238395690918
2005-03-23,10.028679847717283,26.98017883300781,33.52937316894531,4.385962009429932,22.836803436279297,22.31401252746582,17.713558197021484,13.342070579528809,27.878639221191406,22.41517448425293
2005-03-24,9.940494537353516,26.84082794189453,33.43994140625,4.373607158660889,23.036699295043945,22.40578842163086,17.800146102905273,13.44378662109375,27.73285484313965,22.34902572631836
2005-03-28,9.964545249938965,26.190570831298828,33.64673614501953,4.427144527435303,23.375926971435547,22.34882354736328,17.70023536682129,13.515580177307127,28.07515525817871,22.2949161529541
2005-03-29,9.844297409057615,25.894472122192383,33.75294876098633,4.418907642364502,22.830753326416016,21.98172187805176,17.463790893554688,13.686094284057615,27.82160377502441,21.940168380737305
2005-03-30,10.004624366760254,26.12670135498047,34.3565559387207,4.485489368438721,23.109399795532227,22.46908187866211,17.636962890625,13.985244750976562,27.90399932861328,22.33700561523437
2005-03-31,10.004624366760254,25.789949417114254,34.12741470336914,4.488232612609863,23.16390419006348,22.633657455444336,17.52372932434082,13.946358680725098,27.954708099365234,22.37307929992676
2005-04-01,10.04471206665039,25.37774085998535,34.18328094482422,4.473817825317383,22.77622604370117,22.282367706298828,17.170724868774414,13.817720413208008,27.89765930175781,22.2468204498291
2005-04-04,10.172975540161133,25.72609519958496,34.42922592163086,4.425085544586182,22.964017868041992,22.434276580810547,17.150741577148438,13.814726829528809,27.99274253845215,22.150611877441406
2005-04-05,9.980581283569336,25.90606689453125,34.932254791259766,4.461463451385498,23.157855987548828,22.459596633911133,17.443805694580078,14.11985683441162,28.087841033935547,22.3189640045166
2005-04-06,9.924464225769045,25.78415298461914,34.70867919921875,4.498528480529785,22.89131736755371,22.61782455444336,17.5203914642334,14.242514610290527,28.27167320251465,22.60155296325684
2005-04-07,9.980581283569336,25.865434646606445,34.46834182739258,4.50813627243042,22.65508270263672,22.681116104125977,17.363880157470703,14.463881492614746,28.41744804382324,22.769914627075195
2005-04-08,9.908429145812988,25.64479637145996,34.27272415161133,4.497840881347656,22.70353889465332,22.181102752685547,17.20069694519043,14.317303657531738,28.32236862182617,22.59555435180664
2005-04-11,9.940494537353516,25.650623321533203,34.792537689208984,4.49921464920044,22.861040115356445,21.88995742797852,17.337238311767578,14.284395217895508,28.512531280517575,22.475292205810547
2005-04-12,10.01264762878418,25.400962829589844,34.71426010131836,4.474503993988037,23.351701736450195,22.12097549438477,17.510404586791992,14.329265594482422,28.85485076904297,22.51738929748535
2005-04-13,9.828266143798828,25.441606521606445,34.62483596801758,4.521177768707275,22.95795440673828,21.61146354675293,17.387189865112305,14.454127311706545,28.594940185546875,22.270870208740234
2005-04-14,9.691981315612791,25.273229598999023,34.09946823120117,4.495096683502197,22.503646850585938,21.073467254638672,17.4005184173584,14.529346466064451,28.32236862182617,21.8499813079834
2005-04-15,9.379339218139648,25.006166458129883,33.14929962158203,4.460091590881348,21.873666763305664,20.560789108276367,17.270633697509766,15.004737854003906,28.068822860717773,21.44112205505371
2005-04-18,9.459505081176758,24.895849227905277,33.110198974609375,4.374293804168701,22.249223709106445,20.703205108642575,17.227340698242188,14.736957550048828,28.35407066345215,21.54934501647949
2005-04-19,9.523639678955078,24.97713279724121,32.808372497558594,4.401062488555908,22.085678100585938,21.092458724975582,17.52706527709961,14.493240356445312,28.480846405029297,21.946189880371094
2005-04-20,9.44347095489502,24.437179565429688,32.635108947753906,4.307028770446777,21.564722061157227,20.80764579772949,17.064510345458984,14.231478691101074,28.037128448486328,21.30282974243164
2005-04-21,9.756110191345217,24.68682861328125,33.188419342041016,4.4827399253845215,22.21288108825684,21.34563446044922,17.151226043701172,14.472176551818848,28.138538360595703,21.86801147460937
2005-04-22,9.555702209472656,24.309436798095703,32.8642578125,4.4477362632751465,21.81914710998535,21.39309501647949,16.841079711914062,14.312716484069824,28.125865936279297,21.67560577392578
2005-04-25,9.67595100402832,24.739086151123047,33.39522171020508,4.4827399253845215,21.928186416625977,21.662097930908203,17.0378360748291,14.37289333343506,28.41744804382324,21.83795547485352
2005-04-26,9.523639678955078,24.7448844909668,33.44552993774414,4.392826557159424,21.928186416625977,21.032323837280277,17.34130859375,14.42404842376709,28.27800178527832,21.825927734375
2005-04-27,9.539669036865234,25.13969993591309,33.50142288208008,4.45048189163208,21.8252010345459,20.96902847290039,17.30796241760254,14.583505630493164,28.44282341003418,21.86200714111328
2005-04-28,9.315210342407228,24.82616806030273,33.797645568847656,4.425085544586182,21.25579643249512,20.927898406982425,17.074520111083984,14.469173431396484,28.328725814819336,21.60346221923828
2005-04-29,9.267109870910645,25.000349044799805,34.065921783447266,4.460775375366211,21.42540168762207,21.377281188964844,17.20124053955078,14.791110038757324,28.550575256347656,21.501245498657227
2005-05-02,9.299172401428224,25.38353538513184,34.574546813964844,4.48960542678833,21.96453285217285,21.519689559936523,17.504716873168945,14.8572998046875,28.74075126647949,21.74175453186035
2005-05-03,9.291154861450195,25.412572860717773,34.881954193115234,4.529416084289551,22.261348724365234,21.563983917236328,17.65478515625,14.821200370788574,28.75341415405273,21.22466087341309
2005-05-04,9.39536952972412,25.57513236999512,35.703556060791016,4.581578731536865,22.473358154296875,21.832988739013672,17.80152702331543,14.956591606140137,29.14009666442871,21.35694122314453
2005-05-05,9.347271919250488,25.650623321533203,35.42409133911133,4.587069511413574,22.32192039489746,21.81083297729492,17.974933624267578,14.800138473510742,29.064041137695312,21.146499633789062
2005-05-06,9.427441596984863,25.59836196899414,35.22846603393555,4.550691604614258,22.509700775146484,21.95103454589844,17.898235321044922,14.748991012573242,28.835834503173828,22.156625747680664
2005-05-09,9.419422149658203,25.795759201049805,35.463226318359375,4.538338661193848,22.564212799072266,21.855443954467773,17.864883422851562,14.764034271240234,28.987947463989254,22.168657302856445
2005-05-10,9.2350435256958,25.418376922607425,35.60853958129883,4.513627529144287,22.085678100585938,21.463520050048828,17.75817108154297,14.697836875915527,28.766094207763672,21.964216232299805
2005-05-11,9.379339218139648,25.54030418395996,36.02771759033203,4.488232612609863,22.12202453613281,21.37747573852539,17.874881744384766,14.821200370788574,28.94359016418457,22.048398971557617
2005-05-12,9.531655311584473,25.57513236999512,36.1898193359375,4.471073627471924,21.94635391235352,20.79755401611328,17.978275299072266,14.77907657623291,28.74075126647949,21.80789375305176
2005-05-13,9.908429145812988,25.57513236999512,35.78181457519531,4.458033561706543,21.98269844055176,20.552207946777344,17.911577224731445,14.670759201049805,28.607614517211918,21.60346221923828
2005-05-16,9.900413513183594,26.0454044342041,36.05006790161133,4.536963939666748,22.636903762817383,20.66054916381836,18.028295516967773,14.88437843322754,29.064041137695312,21.964216232299805
2005-05-17,9.788179397583008,26.422807693481445,36.21775436401367,4.550691604614258,23.53947639465332,21.01423454284668,18.21171188354492,14.866331100463867,29.247865676879883,21.759790420532227
2005-05-18,9.884377479553224,26.680007934570312,36.2401123046875,4.580207347869873,24.10888290405273,21.4284610748291,18.341766357421875,14.848280906677246,29.57114601135254,22.319744110107425
2005-05-19,9.964545249938965,26.98808860778809,36.19539642333984,4.626196384429932,24.314838409423828,21.211793899536133,18.375118255615234,14.7550048828125,29.44437026977539,22.464874267578125
2005-05-20,10.060745239257812,26.7207088470459,36.07244110107422,4.651590824127197,24.005916595458984,21.062034606933597,18.341766357421875,14.706864356994627,29.52044105529785,22.464874267578125
2005-05-23,10.180990219116213,26.91834259033203,36.17863082885742,4.663259506225586,24.205799102783203,21.367923736572266,18.39179801940918,14.652706146240234,29.507762908935547,22.531402587890625
2005-05-24,10.261157035827637,26.56377601623535,36.3686637878418,4.66737699508667,24.139162063598636,21.28826713562012,18.341766357421875,14.643682479858398,29.545785903930664,22.537450790405277
2005-05-25,10.221076011657717,26.598636627197266,36.24568557739258,4.655022621154785,23.84842109680176,21.0269775390625,18.308425903320312,14.514305114746094,29.501415252685547,22.150428771972656
2005-05-26,10.357354164123535,26.714889526367188,36.50839614868164,4.645413398742676,24.18157768249512,21.062034606933597,18.331768035888672,14.508291244506836,29.60919189453125,22.162521362304688
2005-05-27,10.301237106323242,26.459131240844727,36.69355392456055,4.636490345001221,24.211864471435547,21.01423454284668,18.32843017578125,14.442098617553713,29.57114601135254,22.150428771972656
2005-05-31,10.261157035827637,26.35451316833496,36.407413482666016,4.608348846435547,23.836301803588867,20.83579635620117,18.291749954223636,14.514305114746094,29.361961364746094,21.90854835510254
2005-06-01,10.333306312561035,26.633506774902344,36.39058303833008,4.602170467376709,24.193681716918945,21.19268226623535,18.36844253540039,14.54138469696045,29.630807876586918,22.059717178344727
2005-06-02,10.405449867248535,26.854402542114254,36.57011795043945,4.641295433044434,24.43598175048828,21.0875244140625,19.09210968017578,14.520328521728516,29.56038475036621,22.150428771972656
2005-06-03,10.09281063079834,26.662578582763672,36.50278091430664,4.615212440490723,24.06042861938477,20.845359802246094,19.09879302978516,14.523330688476562,29.30433654785156,21.975067138671875
2005-06-06,10.14090633392334,26.62770271301269,36.407413482666016,4.610408782958984,24.19974708557129,20.829421997070312,19.362239837646484,14.57748794555664,29.38117408752441,21.98716354370117
2005-06-07,10.09281063079834,26.60445785522461,36.3456916809082,4.652276992797852,24.290847778320312,20.813495635986328,19.43560218811035,14.670759201049805,29.355562210083008,21.99925804138184
2005-06-08,10.156942367553713,26.47657012939453,36.289588928222656,4.718855381011963,24.09044647216797,20.77525329589844,19.268856048583984,14.640667915344238,29.38755798339844,21.84808158874512
2005-06-09,10.156942367553713,26.738130569458008,36.58131790161133,4.753172397613525,24.047929763793945,20.663726806640625,19.36890411376953,14.736957550048828,29.502784729003903,21.860170364379883
2005-06-10,10.132893562316896,26.796266555786133,36.55327987670898,4.748369693756104,23.987201690673828,20.75613594055176,19.362239837646484,14.712885856628418,29.445165634155277,22.011354446411133
2005-06-13,10.100824356079102,26.77881622314453,36.23348236083984,4.739350318908691,24.14509010314941,20.80712127685547,19.24219512939453,14.697836875915527,29.393957138061523,21.82993507385254
2005-06-14,10.004624366760254,26.87763786315918,36.1661376953125,4.644315242767334,24.30904960632324,20.83261108398437,19.43560218811035,14.748991012573242,29.425960540771484,22.27741813659668
2005-06-15,10.116857528686523,26.802080154418945,36.03710174560547,4.611711502075195,24.30904960632324,20.94731903076172,19.495635986328125,14.748991012573242,29.82923698425293,22.55558967590332
2005-06-16,9.988597869873049,26.726512908935547,36.009037017822266,4.6214213371276855,24.41229248046875,21.33924865722656,19.615697860717773,14.76703643798828,29.720415115356445,23.027263641357425
2005-06-17,9.892398834228516,26.674203872680664,36.278350830078125,4.650558471679688,24.41229248046875,21.22134780883789,19.702390670776367,14.87234592437744,29.854835510253903,23.05145072937012
2005-06-20,9.948512077331545,26.49983024597168,36.3232536315918,4.637378692626953,24.260475158691406,20.969627380371094,19.48895835876465,14.860312461853027,29.8996639251709,22.876073837280277
2005-06-21,10.060745239257812,26.28475570678711,36.39058303833008,4.643623352050781,24.09650611877441,20.83579635620117,19.39559555053711,14.87836456298828,30.136499404907227,22.803503036499023
2005-06-22,10.124876976013184,26.389385223388672,36.36812973022461,4.665820121765137,24.10867118835449,20.79755401611328,19.475629806518555,14.959598541259766,30.13008689880371,22.803503036499023
2005-06-23,10.028679847717283,26.05225372314453,36.05392837524414,4.592285633087158,23.768592834472656,20.415189743041992,19.315547943115234,14.76703643798828,29.82923698425293,22.610008239746094
2005-06-24,10.020662307739258,25.79648971557617,35.633155822753906,4.519450664520264,23.222034454345703,20.0678825378418,19.14214324951172,14.748991012573242,29.92524528503418,22.19275665283203
2005-06-27,10.052726745605469,26.65094947814941,35.627525329589844,4.506962776184082,23.36171531677246,20.122045516967773,19.06210327148437,14.739965438842772,29.70122718811035,21.95087432861328
2005-06-28,10.285204887390137,27.48797035217285,36.14369201660156,4.522222995758057,23.8718204498291,20.43431282043457,19.60902214050293,14.893407821655272,29.874053955078125,22.356029510498047
2005-06-29,10.878433227539062,27.09853172302246,35.99222183227539,4.515980243682861,23.562110900878903,20.332347869873047,19.615697860717773,14.812172889709473,30.02767562866211,22.331850051879883
2005-06-30,10.58181858062744,26.73232650756836,36.39619445800781,4.485459327697754,23.62283134460449,19.997774124145508,19.388919830322266,14.74597454071045,29.195541381835938,22.150428771972656
2005-07-01,10.65396499633789,26.784650802612305,36.21664047241211,4.511122703552246,23.981130599975582,20.077436447143555,19.37557983398437,14.75200080871582,28.7922477722168,21.93877410888672
2005-07-05,10.637933731079102,27.1450309753418,35.89684295654297,4.512512683868408,24.33942604064941,20.051942825317383,19.93583869934082,14.727925300598145,28.875469207763672,21.745281219482425
2005-07-06,10.678018569946287,27.052026748657227,35.34698867797852,4.482682704925537,23.847532272338867,19.844825744628903,19.655702590942383,14.785088539123535,28.613021850585938,21.430831909179688
2005-07-07,10.65396499633789,27.01714134216309,35.2572135925293,4.45354700088501,23.902179718017575,19.75560760498047,19.60234832763672,14.73394775390625,28.60022735595703,21.412687301635746
2005-07-08,10.870410919189451,27.255464553833008,35.06645965576172,4.500025272369385,24.33942604064941,20.096555709838867,20.1826229095459,14.848280906677246,28.901084899902344,21.78155517578125
2005-07-11,10.99066162109375,27.482162475585938,34.65690612792969,4.566622257232666,24.473012924194336,20.54902458190918,20.50275993347168,14.9385404586792,28.913877487182617,21.702953338623047
2005-07-12,11.062808990478516,27.64490509033203,34.71861267089844,4.5138983726501465,25.080291748046875,20.46936416625977,20.61615562438965,15.040841102600098,29.00348854064941,21.82993507385254
2005-07-13,11.191076278686523,27.31940269470215,34.49418258666992,4.566622257232666,24.885963439941406,20.29730033874512,20.576135635375977,14.416088104248049,29.2851505279541,21.878314971923828
2005-07-14,11.263218879699709,27.22640609741211,34.589561462402344,4.622117042541504,24.922399520874023,20.450244903564453,20.376039505004883,14.104476928710938,29.32355117797852,22.13834381103516
2005-07-15,11.255205154418944,27.377538681030277,34.64567184448242,4.623505115509033,25.2685489654541,20.44705390930176,20.38270568847656,14.1801118850708,29.432374954223636,22.11413955688477
2005-07-18,11.142974853515623,27.26128387451172,34.48856735229492,4.572170734405518,25.778657913208008,20.338720321655277,20.536108016967773,14.040939331054688,28.85627555847168,22.216943740844727
2005-07-19,11.175039291381836,27.20315361022949,34.55029296875,4.527080535888672,26.234107971191406,20.60956573486328,20.640287399291992,14.022784233093262,28.689844131469727,22.73700523376465
2005-07-20,11.2471923828125,27.44147491455078,34.64567184448242,4.596450328826904,26.68956756591797,20.953693389892575,20.633607864379883,14.174054145812988,28.715465545654297,23.42031478881836
2005-07-21,10.99867820739746,27.424041748046875,34.589561462402344,4.564538955688477,26.32519149780273,20.52671813964844,20.24630355834961,14.05606460571289,28.549020767211918,23.30543327331543
2005-07-22,11.062808990478516,27.13339614868164,34.785926818847656,4.614485263824463,26.398069381713867,20.89634132385254,20.31308364868164,13.929001808166504,28.709043502807617,23.099815368652344
2005-07-25,11.054791450500488,26.95321655273437,35.07207489013672,4.595061302185059,26.14909172058105,20.663726806640625,20.03263092041016,13.762603759765623,28.587425231933597,22.870031356811523
2005-07-26,11.054791450500488,27.069469451904297,35.90245056152344,4.605467319488525,26.53165435791016,20.48530578613281,20.286375045776367,13.838234901428224,28.50421905517578,23.00306701660156
2005-07-27,11.094876289367676,27.20315361022949,35.94171142578125,4.61656665802002,26.32519149780273,20.85491371154785,20.33978843688965,13.992541313171388,28.26097297668457,22.99098014831543
2005-07-28,11.102892875671388,27.900657653808597,35.40312576293945,4.65541410446167,26.6409854888916,21.09389305114746,20.546804428100582,14.164978981018066,28.171358108520508,23.57754135131836
2005-07-29,10.878433227539062,27.819292068481445,35.01036834716797,4.64500904083252,26.422361373901367,20.721078872680664,20.72041702270508,14.107498168945312,27.908899307250977,23.752906799316406
2005-08-01,10.838348388671877,27.871604919433597,35.03839492797852,4.607548236846924,26.02762985229492,20.73702049255371,20.70037651062012,14.225489616394045,27.94731903076172,23.45054626464844
2005-08-02,10.886444091796877,27.883230209350582,35.33015441894531,4.644315242767334,25.75436019897461,20.99510955810547,20.86731719970703,14.304154396057127,28.126537322998047,23.74080848693848
2005-08-03,10.726115226745604,27.99367332458496,35.31894302368164,4.682466983795166,25.64504623413086,21.157623291015625,20.546804428100582,14.319283485412598,28.024120330810547,23.54125022888184
2005-08-04,10.661982536315918,27.74373435974121,35.24599838256836,4.68593692779541,25.06815719604492,20.740209579467773,20.045976638793945,14.228517532348633,27.979324340820312,23.347761154174805
2005-08-05,10.645952224731444,27.48797035217285,35.25162124633789,4.60130500793457,24.86774253845215,20.600000381469727,19.98588180541992,14.065144538879396,27.68485641479492,23.26914978027344
2005-08-08,10.65396499633789,27.482162475585938,35.459197998046875,4.58881950378418,24.649120330810547,20.677040100097656,19.71211051940918,14.03186321258545,27.48642921447754,23.238908767700195
2005-08-09,10.710081100463867,28.03436279296875,35.21231460571289,4.60616397857666,25.116724014282227,20.766902923583984,19.90575408935547,14.098423957824709,27.46083068847656,23.504976272583008
2005-08-10,10.702062606811523,28.01691436767578,35.1450080871582,4.642928600311279,25.298908233642575,20.72518920898437,19.932462692260746,14.098423957824709,27.364803314208984,23.22681427001953
2005-08-11,10.71810245513916,28.09830093383789,35.408714294433594,4.679692268371582,25.20174789428711,21.058992385864254,19.73213768005371,14.152883529663086,27.390419006347656,23.48683357238769
2005-08-12,10.661982536315918,27.86578750610352,35.03839492797852,4.636684417724609,25.06815719604492,20.72839736938477,19.71211051940918,14.080272674560549,27.326398849487305,23.154245376586918
2005-08-15,10.65396499633789,28.075056076049805,35.1338005065918,4.649169445037842,25.2685489654541,20.79900932312012,19.9725284576416,14.134725570678713,27.64005470275879,23.504976272583008
2005-08-16,10.661982536315918,27.54609680175781,35.088905334472656,4.673450946807861,24.69770622253418,20.3785343170166,19.318124771118164,13.92294979095459,27.985719680786133,22.99701690673828
2005-08-17,10.613884925842283,27.694520950317383,35.2965087890625,4.7074408531188965,24.66734504699707,20.3785343170166,19.49173927307129,13.944128036499023,27.99211883544922,23.3958797454834
2005-08-18,10.493639945983888,27.583934783935547,35.150630950927734,4.882946968078613,24.715930938720703,20.262977600097656,19.431650161743164,13.92294979095459,28.03693008422852,23.189157485961918
2005-08-19,10.47760772705078,27.30453491210937,35.044029235839844,4.853810787200928,24.515531539916992,20.577539443969727,19.26471519470215,13.865469932556152,27.92171287536621,23.237794876098636
2005-08-22,10.493639945983888,27.234699249267575,35.375057220458984,4.8336920738220215,24.612695693969727,20.54864501953125,19.03766822814941,13.904797554016112,27.9985294342041,23.35331344604492
2005-08-23,10.501653671264648,27.403488159179688,35.375057220458984,4.835082054138184,24.679487228393555,20.42988967895508,19.09109306335449,13.826138496398926,27.742477416992188,23.243867874145508
2005-08-24,10.381404876708984,26.94366455078125,34.948638916015625,4.828840732574463,24.230112075805664,20.282249450683597,19.191251754760746,13.590149879455566,27.46722221374512,23.061466217041016
2005-08-25,10.397438049316406,27.06589126586914,34.81398391723633,4.8496503829956055,24.40014266967773,20.14422607421875,19.57187843322754,13.647635459899902,27.569637298583984,23.116195678710938
2005-08-26,10.341320991516112,26.85634422302246,34.651268005371094,4.81981897354126,24.175466537475582,20.038307189941406,19.351526260375977,13.532666206359863,27.422407150268555,23.116195678710938
2005-08-29,10.485620498657228,26.97275733947754,35.16184616088867,4.826062202453613,24.61875915527344,20.198793411254883,19.518455505371094,13.653688430786133,27.755273818969727,23.158754348754883
2005-08-30,10.445534706115724,26.571144104003903,35.07171630859375,4.848958969116211,24.198701858520508,20.083240509033203,19.3648738861084,13.502416610717772,27.588848114013672,23.18306541442871
2005-08-31,10.413471221923828,26.96693992614746,35.060447692871094,4.904452323913574,24.545713424682617,20.214841842651367,19.611940383911133,13.653688430786133,27.867332458496094,23.27426147460937
2005-09-01,10.669999122619627,26.62933921813965,34.82384490966797,4.859360694885254,24.72224998474121,20.185955047607425,19.46503257751465,13.656712532043455,27.912660598754883,23.286426544189453
2005-09-02,10.734129905700684,26.26848030090332,34.68866729736328,4.860055446624756,24.55179214477539,20.19237327575684,19.344839096069336,13.57805061340332,27.78960609436035,23.085783004760746
2005-09-06,10.870410919189451,26.64681434631348,35.00975036621094,4.903759956359863,25.39189338684082,20.179536819458008,19.73213768005371,13.705117225646973,28.07457160949707,23.462751388549805
2005-09-07,10.750163078308104,26.8039665222168,35.415313720703125,4.929422855377197,25.52583122253418,20.2373046875,19.932462692260746,13.82008171081543,28.048660278320312,23.426267623901367
2005-09-08,10.71810245513916,26.128774642944336,35.34773254394531,5.032092571258545,25.06925201416016,20.18916130065918,19.431650161743164,13.732351303100586,27.867332458496094,23.286426544189453
2005-09-09,10.645952224731444,26.140411376953125,35.34773254394531,5.040416240692139,25.093585968017575,20.14101219177246,19.69207572937012,13.7868070602417,27.81551742553711,23.602598190307617
2005-09-12,10.814295768737791,26.355775833129883,35.33646774291992,5.038333892822266,25.160568237304688,20.221254348754883,20.172855377197266,13.68393611907959,27.653600692749023,23.596508026123047
2005-09-13,10.934544563293455,26.14623069763184,35.22380065917969,4.981517791748047,24.716169357299805,19.93560028076172,19.932462692260746,13.51149559020996,27.627704620361328,23.687715530395508
2005-09-14,10.774215698242188,26.024009704589844,35.03229141235352,5.024309158325195,24.557876586914062,19.868188858032227,19.298097610473636,13.266432762145996,27.614768981933597,23.578264236450195
2005-09-15,10.71810245513916,25.87266540527344,35.1336784362793,5.067795753479004,24.557876586914062,19.73658943176269,19.424972534179688,13.221056938171388,27.673051834106445,23.468828201293945
2005-09-16,10.621899604797363,26.29175567626953,35.13931655883789,5.130221843719482,24.29002571105957,19.948429107666016,19.932462692260746,13.233159065246582,28.288280487060547,23.88835906982422
2005-09-19,10.65396499633789,25.9250545501709,35.03791046142578,5.119000911712647,24.064781188964844,19.832881927490234,19.71878242492676,13.10306167602539,28.100473403930664,23.286426544189453
2005-09-20,10.742147445678713,25.23240089416504,34.7055549621582,5.110584259033203,23.565582275390625,19.373889923095703,19.02431869506836,13.036499977111816,27.84789276123047,22.83651161193848
2005-09-21,10.65396499633789,24.9180850982666,34.11407852172852,5.024309158325195,23.34642601013184,18.979087829589844,18.576913833618164,13.039532661437988,27.368661880493164,22.43523597717285
2005-09-22,10.838348388671877,24.935546875,34.03520965576172,5.043946266174316,23.58992576599121,19.00156593322754,19.204614639282227,13.284586906433104,27.32330703735352,22.246755599975582
2005-09-23,9.980581283569336,24.74346351623535,34.52530288696289,5.043946266174316,23.45601463317871,19.11710548400879,19.01763916015625,13.378371238708496,27.349239349365234,22.78786849975586
2005-09-26,9.940494537353516,24.15558815002441,34.592891693115234,5.086734294891357,23.382944107055664,18.92132377624512,18.85070037841797,12.90640354156494,27.20026588439941,22.648029327392575
2005-09-27,9.884377479553224,25.12763023376465,34.699928283691406,5.1547722816467285,23.370784759521484,18.77688407897949,19.111129760742188,12.92758846282959,27.14847755432129,22.854734420776367
2005-09-28,9.772150039672852,24.79585838317871,34.60417556762695,5.1533708572387695,23.04203414916992,18.597139358520508,19.010961532592773,12.688581466674805,26.94122314453125,22.842592239379883
2005-09-29,9.876362800598145,25.174196243286133,34.33377456665039,5.1659932136535645,23.169885635375977,18.77367401123047,19.157869338989254,12.733960151672363,27.265037536621094,22.83042907714844
2005-09-30,9.940494537353516,25.290607452392575,34.38447952270508,5.170202732086182,23.218584060668945,18.998348236083984,19.371545791625977,12.827746391296388,27.265037536621094,22.800029754638672
2005-10-03,9.924464225769045,25.13926315307617,34.592891693115234,5.2017693519592285,23.20641326904297,18.67096710205078,19.10445022583008,12.851950645446776,27.232643127441406,22.53858757019043
2005-10-04,9.812233924865724,25.692228317260746,34.0915412902832,5.2017693519592285,23.27945899963379,18.420604705810547,18.964223861694336,13.314842224121094,27.14198112487793,22.362266540527344
2005-10-05,9.756110191345217,25.53507804870605,33.85497283935547,5.196157932281494,22.938552856445312,18.141355514526367,18.730506896972656,13.093985557556152,27.17437171936035,22.27106475830078
2005-10-06,9.64388370513916,25.59910011291504,34.06901550292969,5.102865695953369,23.08464813232422,18.01617431640625,17.561933517456055,13.01532745361328,27.349239349365234,22.125141143798828
2005-10-07,9.603802680969238,25.610734939575195,33.98452377319336,5.082525730133057,23.011598587036133,18.3917179107666,17.081151962280273,12.918509483337402,27.375139236450195,22.22242927551269
2005-10-10,9.627853393554688,25.634016036987305,34.063385009765625,5.016591548919678,23.14552879333496,18.122100830078125,16.780662536621094,12.761189460754396,27.258563995361328,21.808988571166992
2005-10-11,9.68397045135498,25.68058967590332,33.55641174316406,5.054469585418701,23.27337455749512,17.958410263061523,16.693857192993164,12.833802223205566,27.1225528717041,21.9123477935791
2005-10-12,9.619834899902344,25.244041442871094,33.51133728027344,4.97450590133667,23.20641326904297,17.961606979370117,16.526920318603516,12.820096969604492,27.129024505615234,21.736024856567383
2005-10-13,9.68397045135498,25.255672454833984,33.398685455322266,4.881918430328369,23.102916717529297,18.038652420043945,16.493528366088867,12.963217735290527,27.20026588439941,21.808988571166992
2005-10-14,9.86834716796875,25.610734939575195,34.20420837402344,4.956270694732666,23.382944107055664,18.250490188598636,16.68050193786621,12.98453140258789,27.232643127441406,21.94882583618164
2005-10-17,9.924464225769045,25.849388122558597,34.46333694458008,5.25788164138794,23.413387298583984,18.298641204833984,16.860790252685547,12.957134246826172,27.232643127441406,22.11298179626465
2005-10-18,9.916446685791016,25.4477596282959,34.29997253417969,5.083928108215332,23.230762481689453,18.163822174072266,16.980993270874023,12.911447525024414,26.92179679870605,21.8454704284668
2005-10-19,9.772150039672852,26.571144104003903,35.325191497802734,5.180024147033691,23.900409698486328,18.31146812438965,17.39290428161621,13.383455276489258,27.48523712158203,20.70242118835449
2005-10-20,9.73206901550293,26.23936080932617,34.72246170043945,5.099360466003418,24.08913230895996,18.53936004638672,17.198989868164062,13.173335075378418,27.329790115356445,20.28290367126465
2005-10-21,9.828266143798828,26.204444885253903,34.2492790222168,5.11829948425293,24.137842178344727,18.70305824279785,17.47315216064453,13.018031120300291,27.368661880493164,20.19170379638672
2005-10-24,10.277189254760742,26.44891357421875,35.12240982055664,5.194754123687744,24.752695083618164,18.98230743408203,17.499897003173828,13.063708305358888,28.0940055847168,20.6173095703125
2005-10-25,10.397438049316406,26.27427673339844,34.49149703979492,5.218601703643799,24.42395401000977,18.613191604614254,17.292600631713867,13.179421424865724,27.964468002319336,20.501789093017575
2005-10-26,10.14892578125,25.948331832885746,33.83807373046875,5.241047382354736,24.50918197631836,18.71268653869629,16.9582576751709,13.09720230102539,27.97742462158203,20.556509017944336
2005-10-27,9.980581283569336,25.5758113861084,33.697235107421875,5.148460865020752,23.979549407958984,18.59071922302246,16.55034637451172,12.923625946044922,27.964468002319336,20.313304901123047
2005-10-28,10.189004898071287,26.018198013305664,34.542198181152344,5.268401622772217,24.66746711730957,19.06576538085937,16.797771453857422,13.018031120300291,28.482568740844727,20.42882537841797
2005-10-31,10.164962768554688,26.443090438842773,34.11407852172852,5.264194011688232,24.984027862548828,19.24871063232422,16.3229923248291,13.109379768371582,28.327152252197266,20.793624877929688
2005-11-01,10.205039024353027,26.285926818847656,33.77045440673828,5.205273628234863,24.94750213623047,19.232666015625,16.302927017211914,13.027166366577148,28.249431610107425,20.988178253173828
2005-11-02,10.004624366760254,25.97743797302246,33.7873649597168,5.236138820648193,25.11795997619629,19.438085556030277,16.37649154663086,12.98453140258789,28.547334671020508,21.213134765625
2005-11-03,9.780166625976562,26.59441566467285,33.78172302246094,5.210887432098389,24.83183860778809,19.245502471923828,17.68045997619629,13.030214309692385,28.50200843811035,21.541465759277344
2005-11-04,10.108841896057127,26.827245712280277,33.3254508972168,5.19265079498291,25.178831100463867,19.19414710998535,18.06830406188965,12.963217735290527,28.64449119567871,21.827226638793945
2005-11-07,10.108841896057127,27.17648696899414,33.61836624145508,5.203871726989746,25.26406478881836,19.264760971069336,18.50295829772949,12.957134246826172,28.79343032836914,21.827226638793945
2005-11-08,10.116857528686523,26.96111869812012,33.51698303222656,5.227016925811768,24.69789695739746,19.12888526916504,18.02817726135254,12.947997093200684,28.748096466064453,21.748191833496094
2005-11-09,10.028679847717283,26.95822525024414,33.37051773071289,5.176515579223633,24.844013214111328,19.115949630737305,18.18197631835937,13.002802848815918,28.84523200988769,21.736024856567383
2005-11-10,10.180990219116213,27.511962890625,33.33107376098633,5.226317405700684,25.410160064697266,19.487977981567383,18.188663482666016,13.033257484436035,29.337440490722656,21.85155296325684
2005-11-11,10.269172668457031,27.436182022094727,33.45499801635742,5.250166893005371,25.513656616210938,19.47504234313965,18.108413696289062,13.316457748413086,29.441059112548828,22.046112060546875
2005-11-14,10.277189254760742,27.31959724426269,33.680362701416016,5.232632160186768,25.915456771850582,19.5559139251709,18.14854431152344,12.338963508605955,29.54466819763184,22.246755599975582
2005-11-15,10.156942367553713,26.777517318725582,33.798622131347656,5.217899799346924,25.811946868896484,19.601205825805664,17.760692596435547,12.628252983093262,29.305063247680664,22.22242927551269
2005-11-16,10.01264762878418,26.981525421142575,34.03520965576172,5.1828293800354,25.70846366882324,19.41357040405273,17.633647918701172,12.357237815856934,29.12371826171875,22.43398666381836
2005-11-17,10.108841896057127,27.377893447875977,34.33940887451172,5.0362324714660645,25.87893486022949,19.54621124267578,18.12179374694824,12.442495346069336,29.36334228515625,22.27500534057617
2005-11-18,10.116857528686523,27.50612449645996,33.776092529296875,4.997653007507324,25.83631896972656,19.70473289489746,18.001432418823242,12.454679489135742,29.50582695007324,22.24444580078125
2005-11-21,9.972566604614258,27.50028610229492,34.46333694458008,5.022905349731445,25.73890686035156,19.966773986816406,17.914493560791016,12.293286323547363,29.68714141845703,22.409536361694336
2005-11-22,9.932479858398438,27.855836868286133,34.1366081237793,5.128820419311523,25.799774169921875,20.08969497680664,18.496265411376957,11.973541259765623,29.85553741455078,22.58685111999512
2005-11-23,10.132893562316896,27.861665725708008,33.84932327270508,5.149161815643311,25.87283515930176,19.976476669311523,18.71693229675293,11.87305736541748,30.25059509277344,22.599082946777344
2005-11-25,10.108841896057127,27.91997337341309,34.1647834777832,5.1533708572387695,25.824125289916992,19.798547744750977,18.696876525878903,11.870007514953612,30.43191909790039,22.574634552001957
2005-11-28,10.052726745605469,27.762584686279297,34.00704574584961,5.112688064575195,25.35538673400879,19.64972686767578,18.489578247070312,11.860870361328123,30.153440475463867,22.268892288208008
2005-11-29,10.205039024353027,27.37206268310547,34.476951599121094,5.117595672607422,25.62998390197754,19.863250732421875,18.23547744750977,11.620306968688965,30.29592514038086,22.489015579223636
2005-11-30,10.100824356079102,26.625965118408203,34.307106018066406,5.1056718826293945,25.495737075805664,19.646499633789062,18.06830406188965,11.483275413513184,30.040624618530277,22.342266082763672
2005-12-01,10.30925464630127,26.876619338989254,35.04307556152344,5.120401859283447,25.349275588989254,19.863250732421875,18.375896453857425,11.45891571044922,30.03408432006836,22.78251075744629
2005-12-02,10.22909164428711,26.91157913208008,34.89021682739258,5.142847061157227,25.428607940673828,19.678850173950195,18.24215507507324,11.742106437683104,30.19773292541504,22.048770904541016
2005-12-05,10.028679847717283,26.78334617614746,34.82794189453125,5.102865695953369,25.257740020751957,19.458871841430664,18.23547744750977,11.629443168640137,30.39410972595215,21.969295501708984
2005-12-06,10.036694526672363,26.97570037841797,35.13363265991211,5.08042049407959,25.26995277404785,19.497682571411133,18.45614242553711,11.532000541687012,30.315561294555664,22.08545684814453
2005-12-07,10.028679847717283,27.19135856628418,35.26951217651367,5.050258159637451,25.33707046508789,19.3294620513916,18.79718399047852,11.5715913772583,30.020977020263672,21.99375343322754
2005-12-08,9.972566604614258,26.95822525024414,35.31480407714844,5.041844844818115,25.153980255126957,19.203292846679688,18.67012405395508,11.659894943237305,29.96860122680664,21.79808616638184
2005-12-09,10.020662307739258,27.02232360839844,35.62049865722656,5.064990997314453,25.03194808959961,18.87008476257324,18.663442611694336,11.87305736541748,30.04717254638672,21.834762573242188
2005-12-12,10.293221473693848,27.18552589416504,35.173274993896484,5.086034297943115,25.21501922607422,18.71480178833008,18.924230575561523,11.927865982055664,29.94243621826172,22.04265785217285
2005-12-13,10.285204887390137,26.94655036926269,35.739402770996094,5.19265079498291,25.79474830627441,18.695384979248047,19.0245361328125,12.019222259521484,30.43993759155273,21.9387149810791
2005-12-14,10.269172668457031,27.313764572143555,35.76202392578125,5.171607494354248,25.922910690307617,18.397768020629883,19.432445526123047,12.019222259521484,30.623231887817383,22.92926406860352
2005-12-15,10.285204887390137,26.96403694152832,36.084739685058594,5.374317646026611,25.98393440246582,18.3168888092041,19.131532669067383,11.952224731445312,30.55776596069336,23.21051788330078
2005-12-16,10.172975540161133,26.981525421142575,36.124359130859375,5.423416614532471,25.93510055541992,18.33305931091309,18.897485733032227,12.232381820678713,30.747615814208984,23.1616153717041
2005-12-19,9.876362800598145,26.561847686767575,35.45633316040039,5.371511936187744,25.520143508911133,18.48834609985352,18.482887268066406,12.311553955078123,30.459571838378903,23.14937210083008
2005-12-20,9.844297409057615,26.42780113220215,35.52992630004883,5.335038661956787,25.294353485107425,18.39130210876465,18.536386489868164,12.18061351776123,30.564319610595703,23.32668876647949
2005-12-21,9.76413345336914,26.40447807312012,35.68844223022461,5.352574348449707,25.355379104614254,18.465696334838867,18.44277572631836,12.293286323547363,30.531593322753903,23.03932380676269
2005-12-22,9.876362800598145,26.28207778930664,35.94887161254883,5.389749526977539,25.282150268554688,18.67920684814453,18.141849517822266,12.405956268310549,30.71488380432129,23.42452812194824
2005-12-23,9.892398834228516,26.241270065307617,35.98283004760742,5.391168594360352,25.379789352416992,18.756860733032227,18.14854431152344,12.442495346069336,30.72797966003418,23.20440673828125
2005-12-27,9.900413513183594,25.804109573364254,35.988494873046875,5.326667308807373,25.03194808959961,18.68568992614746,17.961301803588867,12.302419662475586,30.47921371459961,22.910913467407227
2005-12-28,9.844297409057615,25.81576538085937,36.124359130859375,5.326667308807373,25.074663162231445,18.692161560058597,17.914493560791016,12.28719425201416,30.28937721252441,22.972064971923828
2005-12-29,9.852313041687012,25.699195861816406,35.96018600463867,5.323121547698975,24.861093521118164,18.72450065612793,17.774070739746094,12.119712829589844,30.23699378967285,22.984281539916992
2005-12-30,9.788179397583008,25.79827880859375,36.0224494934082,5.296186923980713,24.70241928100586,18.730979919433597,17.66707992553711,12.007037162780762,30.210826873779297,22.776403427124023
2006-01-03,10.100824356079102,26.456932067871094,35.9771614074707,5.314619064331055,25.166210174560547,18.763328552246094,17.620269775390625,12.043583869934082,30.81962776184082,22.90480232238769
2006-01-04,10.116857528686523,25.635068893432617,36.50365447998047,5.352890968322754,24.70241928100586,19.025367736816406,17.620269775390625,12.061854362487791,30.4923152923584,22.813087463378903
2006-01-05,10.253141403198242,25.401912689208984,36.52629852294922,5.339426040649414,24.45833396911621,19.083595275878903,18.048236846923828,12.217154502868652,30.531593322753903,22.800853729248047
2006-01-06,10.517684936523438,25.279512405395508,37.06412887573242,5.383370876312256,24.64139747619629,19.313289642333984,18.14854431152344,12.451635360717772,30.485750198364254,23.155492782592773
2006-01-09,10.325287818908691,25.594274520874023,37.307559967041016,5.399672985076904,24.90989875793457,19.4912166595459,18.021486282348636,12.914494514465332,30.505395889282227,22.9659481048584
2006-01-10,10.116857528686523,25.227048873901367,37.330204010009766,5.392585277557373,25.507936477661133,19.30682182312012,18.14854431152344,12.789645195007324,30.25010108947754,22.92926406860352
2006-01-11,10.100824356079102,25.1804256439209,37.51136779785156,5.420228958129883,26.209705352783203,19.219470977783203,18.10173225402832,12.699224472045898,30.178096771240234,22.941495895385746
2006-01-12,10.036694526672363,25.26785659790039,37.43209457397461,5.411722660064697,25.96562957763672,18.91536903381348,18.05492210388184,12.671632766723633,29.9817008972168,22.67245864868164
2006-01-13,10.028679847717283,25.291166305541992,37.24529266357422,5.418103694915772,25.575061798095703,18.91536903381348,17.88774871826172,12.625657081604004,29.9817008972168,22.72137260437012
2006-01-17,9.972566604614258,25.518489837646484,37.20564651489258,5.372738361358643,25.367586135864254,18.79568099975586,17.961301803588867,12.588869094848633,29.66094207763672,22.53793334960937
2006-01-18,9.892398834228516,25.809934616088867,37.0018424987793,5.377697467803955,25.568965911865234,18.6403923034668,18.188663482666016,12.63485622406006,29.62820816040039,22.635761260986328
2006-01-19,10.036694526672363,25.87404060363769,37.075443267822266,5.355728626251221,25.190629959106445,18.785968780517575,18.368804931640625,12.73294448852539,29.549644470214844,22.739707946777344
2006-01-20,9.852313041687012,25.139629364013672,36.7301139831543,5.304692268371582,24.513240814208984,18.446292877197266,18.16790008544922,12.368179321289062,28.92776679992676,21.914262771606445
2006-01-23,9.860334396362305,24.725770950317383,37.02448654174805,5.296186923980713,24.2203311920166,18.83449935913086,18.05406379699707,12.417223930358888,28.77720069885254,22.04265785217285
2006-01-24,9.780166625976562,24.88898277282715,37.19433975219727,5.26003885269165,24.68411445617676,19.00271987915039,18.321931838989254,12.279284477233888,28.960498809814453,22.342266082763672
2006-01-25,10.028679847717283,24.77241516113281,36.803688049316406,5.234523296356201,24.39729118347168,19.096540451049805,18.335323333740234,12.92604923248291,29.215789794921875,22.048770904541016
2006-01-26,9.972566604614258,25.058025360107425,37.92462921142578,5.227433681488037,24.65359687805176,19.203292846679688,18.489337921142575,13.27854347229004,29.392541885375977,22.87422752380371
2006-01-27,9.948512077331545,25.454381942749023,37.46607208251953,5.2968950271606445,24.40951538085937,19.242115020751957,18.79738426208496,13.180464744567873,29.327098846435547,23.118810653686523
2006-01-30,10.108841896057127,24.95893096923828,37.73782730102539,5.238774299621582,24.40951538085937,19.17094612121582,18.656757354736328,13.162076950073242,29.11760902404785,23.253328323364254
2006-01-31,10.076776504516602,25.227048873901367,38.29826354980469,5.127490520477295,24.745141983032227,19.248584747314453,18.589792251586918,13.226441383361816,28.953941345214844,23.49179077148437
2006-02-01,10.084793090820312,25.26202964782715,38.47943115234375,5.209712028503418,24.54987335205078,19.103008270263672,18.603181838989254,13.2111177444458,28.770654678344727,24.0543212890625
2006-02-02,9.932479858398438,25.46604347229004,38.56435012817383,5.105520248413086,24.385093688964844,18.763328552246094,19.225971221923828,13.002677917480469,28.43678474426269,23.559051513671875
2006-02-03,9.788179397583008,25.454381942749023,39.01725006103516,5.082129001617432,24.299659729003903,18.59510612487793,19.57419204711914,13.024140357971191,28.207674026489254,23.987062454223636
2006-02-06,9.820245742797852,25.512664794921875,39.63998794555664,5.059445381164551,24.098289489746094,18.559513092041016,19.212581634521484,13.002677917480469,28.390962600708008,24.10934829711914
2006-02-07,9.916446685791016,25.65254783630371,39.470157623291016,5.036057949066162,23.634506225585938,18.413938522338867,18.98489570617676,12.907660484313965,28.469532012939453,23.938146591186523
2006-02-08,10.076776504516602,25.291166305541992,39.59469604492188,5.05732011795044,23.96404266357422,18.53687858581543,18.884449005126957,12.892330169677734,28.587371826171875,23.858657836914062
2006-02-09,10.172975540161133,25.063852310180664,39.97965621948242,5.090633869171143,23.829776763916016,18.68568992614746,18.663454055786133,12.919916152954102,28.692089080810547,24.164382934570312
2006-02-10,10.172975540161133,25.21540641784668,40.404258728027344,5.094180583953857,23.93351554870605,18.72774124145508,18.683549880981445,13.0180082321167,28.75100326538086,24.231645584106445
2006-02-13,10.01264762878418,25.28535461425781,40.5457878112793,5.050231456756592,24.2264461517334,18.84096908569336,18.690242767333984,13.128351211547852,28.60699462890625,24.50067710876465
2006-02-14,9.940494537353516,26.13052749633789,41.14022064208984,5.145213603973389,25.09907531738281,19.458871841430664,19.15900611877441,13.404223442077637,28.908111572265625,24.76971244812012
2006-02-15,9.948512077331545,26.711336135864254,40.66468048095703,5.201206207275391,25.343181610107425,19.44255256652832,19.406782150268555,13.532964706420898,29.03904151916504,24.97149085998535
2006-02-16,9.972566604614258,26.793046951293945,40.71562957763672,5.188448429107666,25.54454040527344,19.62189102172852,19.487138748168945,13.597333908081056,29.255075454711918,25.423959732055664
2006-02-17,9.940494537353516,26.79889297485352,41.2364501953125,5.165059566497803,25.54454040527344,19.586027145385746,19.15230941772461,13.591200828552246,29.23542022705078,25.79083824157715
2006-02-21,9.892398834228516,26.75218391418457,41.315731048583984,5.1175689697265625,25.550642013549805,19.458871841430664,18.87105178833008,13.483912467956545,29.16341781616211,25.326143264770508
2006-02-22,10.004624366760254,26.93898200988769,41.8818588256836,5.201206207275391,25.556760787963867,19.465381622314453,19.058549880981445,13.45633316040039,29.51037979125977,25.699106216430664
2006-02-23,9.940494537353516,26.83974838256836,41.60444641113281,5.201206207275391,25.373687744140625,19.37082862854004,19.08534049987793,13.31226634979248,29.700225830078125,25.46981430053711
2006-02-24,9.988597869873049,26.524534225463867,42.22151565551758,5.135289669036865,25.40418815612793,19.377349853515625,18.891132354736328,13.471662521362305,29.92933654785156,25.50054359436035
2006-02-27,9.988597869873049,26.66462516784668,42.09647750854492,5.154426574707031,25.90459632873535,19.644718170166016,19.31302833557129,13.624918937683104,30.09953117370605,25.555871963500977
2006-02-28,9.95652961730957,26.18597221374512,41.42006301879883,5.096305847167969,25.72152137756348,19.76861572265625,18.97150039672852,13.542153358459473,30.014429092407227,25.174718856811523
2006-03-01,10.269172668457031,26.06338882446289,41.68153762817383,5.106936931610107,25.99003219604492,20.22508811950684,19.460346221923828,13.486985206604004,30.179901123046875,25.37144470214844
2006-03-02,10.261157035827637,26.04588890075684,41.670169830322266,5.075750827789307,25.80695343017578,20.28052520751953,19.4737491607666,13.315338134765623,29.882081985473636,25.50054359436035
2006-03-03,10.253141403198242,25.91160774230957,41.77816009521485,5.111190319061279,25.752037048339844,20.30007743835449,19.219274520874023,13.41954517364502,29.90854263305664,25.64809226989746
2006-03-06,10.237109184265137,25.584739685058597,41.31773376464844,5.067953109741211,25.507936477661133,20.293561935424805,19.06525039672852,13.38889503479004,29.921783447265625,25.1193790435791
2006-03-07,10.325287818908691,25.765687942504883,41.56214904785156,5.088507652282715,25.33645439147949,20.143569946289062,19.366600036621094,13.34291934967041,30.19314384460449,25.439062118530277
2006-03-08,10.30925464630127,26.396114349365234,41.73268508911133,5.149464130401611,25.20783805847168,20.013164520263672,20.136707305908203,13.327594757080078,30.252695083618164,25.512845993041992
2006-03-09,10.293221473693848,26.150955200195312,41.82930755615234,5.162224769592285,24.88937187194824,19.856658935546875,20.170190811157227,13.23870086669922,30.14680290222168,25.37144470214844
2006-03-10,10.341320991516112,26.530366897583008,42.24993133544922,5.235230922698975,25.26296043395996,19.99359130859375,20.357688903808597,13.462462425231934,30.411540985107425,25.90629196166992
2006-03-13,10.341320991516112,26.518699645996094,41.78952026367188,5.266758918762207,25.26296043395996,20.055538177490234,20.13001251220703,13.772046089172363,30.40491485595703,25.617351531982425
2006-03-14,10.389424324035645,26.763866424560547,42.10214614868164,5.335548400878906,25.80802726745605,20.293561935424805,20.47153854370117,13.842551231384276,30.61671257019043,26.03539085388184
2006-03-15,10.613884925842283,26.33191680908203,42.18741607666016,5.293274402618408,25.881526947021484,20.671777725219727,19.895626068115234,13.870134353637695,30.709373474121094,26.342775344848636
2006-03-16,10.82231330871582,26.232675552368164,43.11391830444336,5.295421123504639,26.18161964416504,20.85111618041992,19.821964263916016,13.793505668640137,30.947628021240234,26.18293571472168
2006-03-17,10.90247917175293,26.454484939575195,43.17074966430664,5.27034330368042,26.273481369018555,20.64569854736328,19.821964263916016,13.848679542541504,31.04027938842773,26.28745651245117
2006-03-20,10.99867820739746,26.296884536743164,43.61411666870117,5.27320671081543,26.242860794067383,20.632652282714844,19.975988388061523,13.563615798950195,31.04027938842773,26.170639038085938
2006-03-21,10.918512344360352,26.086742401123047,43.36970901489258,5.192237854003906,26.33472442626953,20.590272903442383,19.835351943969727,13.468597412109377,30.821866989135746,25.9862117767334
2006-03-22,11.21512508392334,26.086742401123047,43.48336410522461,5.251710891723633,26.56131935119629,20.58701515197754,19.73490524291992,13.517638206481934,31.09984588623047,26.22596740722656
2006-03-23,11.062808990478516,26.01669692993164,43.18213653564453,5.213016986846924,26.830795288085938,20.518539428710938,19.74830436706543,13.450200080871582,30.90790367126465,26.139894485473636
2006-03-24,11.054791450500488,25.899951934814453,43.19350051879883,5.226631164550781,26.408212661743164,20.58701515197754,19.45365333557129,13.447134971618652,31.04027938842773,26.09687805175781
2006-03-27,11.094876289367676,26.279375076293945,43.15940475463867,5.162856578826904,26.328588485717773,20.37180519104004,19.935810089111328,13.321460723876951,30.98735237121582,25.820222854614254
2006-03-28,10.894464492797852,25.65478515625,42.9604377746582,5.161423683166504,26.328588485717773,20.440282821655277,19.875534057617188,13.168198585510254,30.48433494567871,25.764896392822266
2006-03-29,10.99867820739746,25.6839656829834,42.91496658325195,5.218033790588379,26.27959442138672,20.63590812683105,20.13001251220703,13.155940055847168,30.42477798461914,25.9862117767334
2006-03-30,11.04677963256836,25.403793334960938,42.76152420043945,5.139213562011719,25.95501518249512,20.59678840637207,19.955900192260746,13.070106506347656,30.186521530151367,26.02923393249512
2006-03-31,10.97463035583496,25.17613220214844,42.70467376708984,5.077587127685547,25.906021118164062,20.655479431152344,20.002775192260746,13.0180082321167,30.140182495117188,26.293603897094727
2006-04-03,11.054791450500488,25.041879653930664,42.26131057739258,5.1098313331604,25.95501518249512,20.808727264404297,19.755002975463867,13.14980411529541,30.232852935791016,26.05999183654785
2006-04-04,11.094876289367676,25.263681411743164,42.63077163696289,5.093352794647217,26.05913352966309,21.02066802978516,19.935810089111328,13.054789543151855,30.636568069458008,26.502614974975582
2006-04-05,11.183058738708496,25.38627815246582,42.56256484985352,5.100517749786377,26.1203727722168,21.069568634033203,19.88224029541016,13.076244354248049,30.80865478515625,26.42885398864746
2006-04-06,11.062808990478516,25.61976432800293,42.33519744873047,5.048923492431641,25.80802726745605,20.98478889465332,20.92690658569336,13.140618324279783,30.57700729370117,26.342775344848636
2006-04-07,11.02272605895996,25.292877197265625,41.95436096191406,4.998046875,25.783523559570312,20.60004997253418,20.88003158569336,12.901524543762209,30.27256202697754,26.066133499145508
2006-04-10,11.086861610412598,25.520526885986328,42.028263092041016,5.018827438354492,25.59980010986328,20.53810310363769,20.652353286743164,12.929118156433104,30.232852935791016,26.2075309753418
2006-04-11,11.094876289367676,25.10024642944336,41.56214904785156,4.967236518859863,25.373199462890625,20.417465209960938,20.29742431640625,12.794835090637209,30.15342712402344,25.75258445739746
2006-04-12,11.04677963256836,25.106069564819336,41.391632080078125,4.986581802368164,25.103731155395508,20.63590812683105,20.21706962585449,12.853480339050291,30.25931930541992,26.10301780700684
2006-04-13,10.966611862182615,25.170297622680664,41.397308349609375,4.94430685043335,25.18334007263184,20.665266036987305,20.538501739501957,12.81026840209961,30.265947341918945,26.687042236328125
2006-04-17,11.014710426330566,24.72665786743164,41.81794738769531,4.921374320983887,24.73014068603516,20.697864532470703,20.290727615356445,12.696053504943848,30.1004695892334,26.361223220825195
2006-04-18,11.223135948181152,24.99517250061035,42.71603012084961,4.975833892822266,25.305835723876957,20.57396507263184,20.39118003845215,12.865830421447754,30.418155670166016,27.14811897277832
2006-04-19,11.47165298461914,25.36292839050293,43.18780899047852,4.941438674926758,24.95062065124512,20.59678840637207,20.083141326904297,12.76088523864746,30.477724075317383,26.76081657409668
2006-04-20,11.343387603759766,24.99517250061035,43.65392303466797,5.018827438354492,24.99349594116211,21.473880767822266,19.914838790893555,12.936829566955566,30.629941940307617,26.94524383544922
2006-04-21,11.447603225708008,24.75585174560547,43.79032897949219,5.054654598236084,24.668901443481445,21.71515274047852,19.70026969909668,12.964612007141112,31.020431518554688,26.773101806640625
2006-04-24,11.607935905456545,24.63326835632324,44.10294342041016,5.1098313331604,24.546417236328125,21.744497299194336,19.62649726867676,12.699146270751951,31.152803421020508,26.57023429870605
2006-04-25,11.744214057922363,24.411453247070312,43.31285858154297,5.132046222686768,24.472919464111328,21.87491798400879,19.38511848449707,12.717659950256348,31.16603660583496,26.87762451171875
2006-04-26,11.800331115722656,24.65078353881836,42.95476531982422,5.114130973815918,24.540292739868164,21.966211318969727,19.68013572692871,12.689884185791016,31.576366424560547,27.09278678894043
2006-04-27,11.968677520751951,24.475658416748047,43.01159286499024,5.1542582511901855,24.63215065002441,21.94339179992676,19.921531677246094,12.973868370056152,32.45661926269531,26.514917373657227
2006-04-28,11.69611358642578,24.475658416748047,43.142337799072266,5.242396354675293,24.454545974731445,21.88471031188965,19.92823982238769,13.193039894104004,33.03904342651367,26.127609252929688
2006-05-01,11.688096046447754,24.294696807861328,43.75621032714844,5.187938213348389,24.82813262939453,21.907516479492188,20.0288200378418,13.06338882446289,32.549285888671875,26.484176635742188
2006-05-02,11.567851066589355,24.21881103515625,43.7164421081543,5.223766326904297,24.619903564453125,22.135766983032227,20.203163146972656,13.010912895202637,32.734588623046875,26.90221405029297
2006-05-03,11.479673385620115,24.014509201049805,43.165069580078125,5.240246772766113,24.724023818969727,22.28574752807617,20.115991592407227,13.041783332824709,32.62871551513672,26.87148094177246
2006-05-04,11.455615997314451,23.903602600097656,43.02297592163086,5.277506351470947,24.656648635864254,22.19445037841797,20.30374336242676,13.12821102142334,33.05229187011719,27.12352561950684
2006-05-05,11.58388328552246,24.248003005981445,43.42085647583008,5.2889723777771,25.287450790405277,22.262916564941406,20.759706497192383,13.202296257019045,33.40304946899414,27.12352561950684
2006-05-08,11.407520294189451,24.475658416748047,43.40947723388672,5.273922920227051,25.1159725189209,22.39426612854004,20.652416229248047,13.109689712524414,33.164794921875,26.631715774536133
2006-05-09,11.311322212219238,24.370586395263672,43.10822296142578,5.290404796600342,25.330331802368164,22.430383682250977,20.578659057617188,13.041783332824709,33.21772766113281,26.60713005065918
2006-05-10,11.41553783416748,24.14292526245117,43.585697174072266,5.2087178230285645,25.238468170166016,22.48292350769043,20.397613525390625,12.899784088134766,33.20451736450195,26.932958602905277
2006-05-11,11.150988578796388,23.728487014770508,43.32991790771485,5.112698554992676,24.938365936279297,22.446807861328125,20.03552627563477,12.970785140991213,32.886817932128906,26.76696014404297
2006-05-12,11.207106590270996,23.331552505493164,42.41477584838867,5.04462480545044,24.49741744995117,22.09873962402344,19.61979103088379,12.785578727722168,32.5625114440918,26.37966537475586
2006-05-15,11.199089050292969,23.699298858642575,42.88087844848633,5.114847183227539,24.803638458251957,21.89188003540039,19.847780227661133,13.057214736938477,32.794166564941406,26.50876235961914
2006-05-16,11.375455856323242,23.33738899230957,43.05706787109375,5.141361713409424,23.54814720153809,22.023216247558597,19.566162109375,13.168338775634766,32.853721618652344,26.58253669738769
2006-05-17,11.102892875671388,23.270151138305664,41.67584228515625,5.0883331298828125,23.27866744995117,21.6062068939209,19.358293533325195,12.912137985229492,32.13894271850586,25.95648956298828
2006-05-18,11.038763999938965,23.603418350219727,41.5280647277832,5.050355434417725,23.52363395690918,21.415754318237305,19.1772518157959,12.952261924743652,31.847732543945312,25.591869354248047
2006-05-19,10.982643127441406,24.08869743347168,42.24993133544922,5.087619304656982,23.84823608398437,21.491270065307617,19.190654754638672,12.909049034118652,31.94701194763184,25.90705299377441
2006-05-22,10.862396240234377,24.11793327331543,42.07373428344727,5.076869010925293,23.572641372680664,21.12022018432617,18.87550544738769,12.887443542480469,31.94039535522461,25.64130210876465
2006-05-23,10.798266410827637,23.95422744750977,41.346153259277344,5.081170082092285,23.174560546875,21.136642456054688,19.284534454345703,12.884354591369627,31.9205379486084,25.251951217651367
2006-05-24,11.04677963256836,24.07700729370117,41.044918060302734,5.144946098327637,23.27866744995117,21.143220901489254,18.85540008544922,13.010912895202637,32.08600234985352,24.92442321777344
2006-05-25,11.279258728027344,24.147172927856445,41.312042236328125,5.167873859405518,23.517526626586918,21.212162017822266,19.24430084228516,13.118955612182615,32.3705940246582,25.05418968200684
2006-05-26,11.263218879699709,24.147172927856445,41.11312484741211,5.192955017089844,23.682886123657227,21.327096939086918,19.1705379486084,13.171427726745604,32.6816520690918,25.39410781860352
2006-05-30,11.23917293548584,23.5040283203125,41.44987869262695,5.115563869476318,23.08881187438965,20.998735427856445,18.56705474853516,13.13129997253418,32.23160552978516,25.258134841918945
2006-05-31,11.399505615234377,23.737890243530277,41.37566757202149,5.184354305267334,23.346036911010746,21.126798629760746,18.707874298095703,13.180689811706545,32.36533737182617,25.44972038269043
2006-06-01,11.399505615234377,23.737890243530277,41.79805755615234,5.188652515411377,23.6093807220459,21.33037757873535,19.157127380371094,13.341198921203612,32.56596374511719,25.65367126464844
2006-06-02,11.343387603759766,24.936487197875977,41.73525619506836,5.220184803009033,23.27255249023437,21.412471771240234,19.606388092041016,13.313420295715332,32.9404182434082,25.462078094482425
2006-06-05,11.110906600952148,24.474590301513672,41.48410415649414,5.133477687835693,22.94183349609375,21.067684173583984,19.318058013916016,13.10660457611084,32.59269714355469,24.8193473815918
2006-06-06,11.078845024108888,24.310874938964844,40.49667739868164,5.161423683166504,22.78810691833496,21.182615280151367,19.00290870666504,13.035611152648926,32.4522705078125,24.59686088562012
2006-06-07,10.854375839233398,24.141332626342773,40.52521896362305,5.084033489227295,22.572893142700195,21.021711349487305,19.1705379486084,13.239338874816896,32.666236877441406,24.40528678894043
2006-06-08,10.846360206604004,24.451210021972656,41.44987869262695,5.108398914337158,22.904935836791992,21.064403533935547,19.73379135131836,13.325766563415527,32.78661346435547,24.040660858154297
2006-06-09,10.798266410827637,24.913089752197266,41.13024139404297,5.092634677886963,22.72047615051269,20.9527587890625,19.58627319335937,13.273292541503906,32.62613296508789,23.546241760253903
2006-06-12,10.621899604797363,24.702611923217773,40.41106033325195,5.094067096710205,22.296188354492188,20.8247013092041,19.41193580627441,13.186869621276855,32.37202072143555,23.373197555541992
2006-06-13,10.541738510131836,24.84877586364746,40.07999420166016,5.04116153717041,22.31464385986328,20.59813499450684,19.42534065246582,13.103520393371582,31.475961685180664,23.249595642089844
2006-06-14,10.57380485534668,25.187896728515625,39.954437255859375,5.070150375366211,22.59749412536621,20.81812858581543,19.646617889404297,13.180689811706545,31.18843078613281,23.496809005737305
2006-06-15,10.982643127441406,25.369142532348636,40.8448486328125,5.115083694458008,22.97873306274414,21.392765045166016,20.08916473388672,13.29181671142578,32.03767395019531,24.0592041015625
2006-06-16,11.375455856323242,25.2580623626709,40.70786666870117,5.1368279457092285,22.69586563110352,21.25813865661621,20.24339485168457,13.205385208129885,31.71000862121582,24.090091705322266
2006-06-19,11.455615997314451,25.12357521057129,40.49667739868164,5.170162200927734,22.665119171142575,20.71962547302246,19.94835662841797,13.06338882446289,31.52277374267578,23.84906768798828
2006-06-20,11.423554420471191,25.404220581054688,40.50810241699219,5.210023403167725,22.394569396972656,20.693357467651367,20.16963577270508,13.032520294189451,31.482648849487305,23.82435417175293
2006-06-21,11.648014068603516,25.608856201171875,40.78776550292969,5.2201690673828125,22.542146682739254,20.844402313232425,19.95507049560547,13.04795742034912,31.63646125793457,24.29403114318848
2006-06-22,11.48768711090088,25.49193000793457,40.6051025390625,5.233938694000244,22.431468963623047,21.00528907775879,19.800840377807617,12.976962089538574,31.790246963500977,24.164257049560547
2006-06-23,11.94462776184082,25.49777030944824,40.7021484375,5.163641452789307,22.38842010498047,21.08738899230957,19.579565048217773,12.949172973632812,31.70332336425781,24.29403114318848
2006-06-26,11.760249137878418,25.78426742553711,40.69074249267578,5.229591369628906,22.529857635498047,21.392765045166016,20.00200462341309,12.973868370056152,31.736764907836918,24.42999649047852
2006-06-27,11.6239652633667,25.924591064453125,40.194149017333984,5.254231452941895,22.36381721496582,20.880523681640625,19.61309242248535,12.853480339050291,31.629770278930664,23.9912109375
2006-06-28,11.688096046447754,25.930438995361328,40.2055778503418,5.294090270996094,22.23470497131348,20.90679359436035,19.847780227661133,13.023259162902832,31.863805770874023,24.083913803100582
2006-06-29,11.816362380981444,26.468338012695312,40.71928405761719,5.35496711730957,22.419166564941406,21.44530868530273,20.417734146118164,13.242424011230469,32.49906921386719,24.69574737548828
2006-06-30,11.615947723388672,26.2169189453125,40.94757843017578,5.321630001068115,22.00718307495117,21.671873092651367,20.585369110107425,13.461587905883787,32.16472244262695,24.90587615966797
2006-07-03,11.872480392456056,26.45079803466797,41.38138198852539,5.36801290512085,21.99489021301269,21.77694320678711,20.51830673217773,13.452327728271484,32.6395149230957,24.732830047607425
2006-07-05,11.680083274841309,26.37479591369629,41.621089935302734,5.314384460449219,21.847312927246094,21.622617721557617,20.283626556396484,13.461587905883787,32.679622650146484,24.541244506835938
2006-07-06,11.6239652633667,26.632036209106445,41.9521598815918,5.635435581207275,21.8104248046875,21.46829414367676,20.18305015563965,13.51407241821289,32.806678771972656,24.609224319458008
2006-07-07,11.848428726196287,26.807435989379883,41.79234313964844,5.638332366943359,21.748924255371094,21.35993194580078,20.424440383911133,13.52023983001709,32.6328239440918,24.077733993530277
2006-07-10,11.69611358642578,27.32197570800781,42.488677978515625,5.604994773864746,21.52142143249512,21.83277130126953,20.994384765625,13.4739351272583,32.86018371582031,23.9912109375
2006-07-11,11.656035423278809,27.36288452148437,42.97956085205078,5.649204254150391,21.14018440246582,21.865602493286133,21.443639755249023,13.754826545715332,32.86687088012695,24.176626205444336
2006-07-12,11.399505615234377,27.31026840209961,42.75123596191406,5.6013689041137695,20.666719436645508,21.550376892089844,21.45705986022949,13.70666790008545,32.4790153503418,24.040660858154297
2006-07-13,11.30330753326416,27.14071083068848,42.65422058105469,5.559337615966797,20.949556350708008,20.811567306518555,21.51740455627441,13.66938304901123,32.084468841552734,23.47826385498047
2006-07-14,11.455615997314451,26.88930320739746,42.97956085205078,5.6086201667785645,20.808128356933597,20.70977210998535,21.242490768432617,13.675599098205566,32.30516052246094,22.872608184814453
2006-07-17,11.559836387634276,27.43246841430664,43.04233551025391,5.576731204986572,20.660554885864254,20.78201484680176,21.22237014770508,13.821640014648438,32.24496841430664,22.718107223510746
2006-07-18,11.800331115722656,27.292722702026367,42.54576110839844,5.619490623474121,20.371553421020508,20.84111595153809,21.04132843017578,13.890005111694336,32.392093658447266,23.200157165527344
2006-07-19,12.08090877532959,27.824787139892575,43.01952362060547,5.613693237304688,21.121732711791992,21.43873786926269,21.53075408935547,14.380973815917969,33.40183639526367,23.63277053833008
2006-07-20,12.120993614196776,27.567533493041992,43.23640060424805,5.731818199157715,20.894222259521484,21.077533721923828,21.51732444763184,14.35922145843506,33.20122146606445,22.63158798217773
2006-07-21,12.120993614196776,27.21673393249512,43.16791534423828,5.773857593536377,20.81427955627441,20.36171531677246,21.477048873901367,14.55498504638672,33.52887344360352,22.378198623657227
2006-07-24,12.008761405944824,27.702003479003903,43.82427978515625,5.76080846786499,21.281612396240234,20.693357467651367,21.926855087280277,14.778716087341309,33.81641387939453,22.9467716217041
2006-07-25,11.968677520751951,28.029417037963867,44.78893661499024,5.801396369934082,21.668994903564453,20.80500030517578,22.235685348510746,14.940296173095703,33.976924896240234,23.3113956451416
2006-07-26,12.0408296585083,27.79553604125977,44.68047332763672,5.782553195953369,21.336944580078125,20.55544090270996,22.155134201049805,14.635777473449709,34.0972900390625,23.46590614318848
2006-07-27,11.920578002929688,27.7487850189209,45.302616119384766,5.788352012634277,20.918819427490234,20.128570556640625,22.14841079711914,14.673065185546877,34.11737060546875,23.472076416015625
2006-07-28,12.08090877532959,27.438913345336918,45.94190216064453,5.8477783203125,21.269309997558597,20.364990234375,21.879858016967773,14.859516143798828,34.54531478881836,23.64512252807617
2006-07-31,12.000741958618164,27.35120391845703,45.47954559326172,5.795597076416016,21.34308815002441,20.207380294799805,21.96714401245117,14.84397315979004,34.45838165283203,23.91704750061035
2006-08-01,11.808350563049316,27.30442237854004,45.884803771972656,5.784725666046143,20.99260711669922,20.076040267944336,22.020849227905277,14.763179779052734,34.45838165283203,23.947948455810547
2006-08-02,11.872480392456056,27.889108657836918,46.54691696166992,5.79777193069458,20.974159240722656,20.358417510986328,22.282691955566406,14.651314735412598,34.74592971801758,23.861425399780277
2006-08-03,11.840415954589844,28.27499771118164,46.552616119384766,5.810091018676758,21.25701332092285,20.552160263061523,22.759361267089844,14.673065185546877,34.75261688232422,23.805809020996094
2006-08-04,11.720168113708496,28.42116928100586,47.682762145996094,5.790524005889893,21.34308815002441,20.55544090270996,22.692218780517575,14.679283142089844,34.9866828918457,23.589506149291992
2006-08-07,11.720168113708496,28.304222106933597,46.34714889526367,5.732546329498291,21.330799102783203,20.627683639526367,22.477378845214844,14.710360527038574,34.879669189453125,23.669849395751957
2006-08-08,11.864461898803713,28.57318115234375,47.39165496826172,5.819511413574219,21.10943984985352,20.51186752319336,22.759361267089844,14.812907218933104,34.81281280517578,23.447364807128903
2006-08-09,11.98470973968506,28.017732620239254,46.43848037719727,5.80936861038208,20.537580490112305,20.432451248168945,22.27597045898437,14.70413303375244,34.4650764465332,22.94059944152832
2006-08-10,12.129009246826172,28.35100746154785,47.03209686279297,5.838356018066406,20.666719436645508,20.505258560180664,22.692218780517575,14.828435897827148,34.45171356201172,23.01475715637207
2006-08-11,12.016775131225586,28.3100700378418,46.70102691650391,5.858647346496582,20.45764541625977,20.29017448425293,22.80634880065918,14.732111930847168,34.3714599609375,23.150718688964844
2006-08-14,12.25727081298828,28.450387954711918,47.4030876159668,5.838356018066406,20.45149040222168,20.492019653320312,23.007762908935547,14.903017044067385,34.19089889526367,23.30521583557129
2006-08-15,12.601984977722168,29.052602767944336,47.522945404052734,5.867344379425049,21.17707633972168,20.922168731689453,23.430727005004883,15.120530128479004,34.87300491333008,23.65131187438965
2006-08-16,12.457687377929688,28.910615921020508,47.87114334106445,5.851398944854736,21.213977813720703,21.375490188598636,23.101757049560547,15.31318187713623,34.97328186035156,24.1032829284668
2006-08-17,12.674131393432615,29.0687313079834,47.7055892944336,5.852126121520996,21.3492431640625,21.097545623779297,23.081619262695312,15.266575813293455,34.86628723144531,24.32086753845215
2006-08-18,12.593965530395508,28.488990783691406,47.6884765625,6.085487842559815,21.380001068115234,21.074386596679688,22.739208221435547,15.226176261901855,35.10034942626953,24.526037216186523
2006-08-21,12.537853240966797,28.600229263305664,47.72842025756836,6.067368507385254,21.09099578857422,21.09092330932617,22.59151268005371,15.123638153076172,35.08026885986328,24.258703231811523
2006-08-22,12.409587860107422,28.500682830810547,47.39736175537109,6.060847282409668,20.943422317504883,20.958574295043945,22.155134201049805,15.207529067993164,35.107025146484375,24.128149032592773
2006-08-23,12.281320571899414,28.371862411499023,48.12797164916992,6.063745498657227,20.69130516052246,20.86261749267578,22.128267288208008,15.226176261901855,35.10034942626953,24.12193298339844
2006-08-24,12.329421043395996,28.2020320892334,47.63138961791992,6.12099552154541,20.543739318847656,20.76334953308105,22.087989807128903,15.170251846313477,35.113712310791016,24.13436317443848
2006-08-25,12.353471755981444,28.00293731689453,47.42020797729492,6.094907283782959,20.58677673339844,20.700483322143555,22.128267288208008,15.160926818847656,34.859596252441406,24.0286865234375
2006-08-28,12.457687377929688,28.69393539428711,47.8996467590332,6.0912861824035645,20.715904235839844,20.822906494140625,22.47067070007324,15.21375560760498,34.89973831176758,24.01003646850586
2006-08-29,12.441654205322266,28.71735954284668,47.42020797729492,6.0535993576049805,20.96185874938965,20.852693557739254,22.611656188964844,15.21375560760498,34.96660232543945,23.898120880126957
2006-08-30,12.634048461914062,28.852054595947266,47.1223030090332,6.118097305297852,20.980308532714844,20.846071243286133,22.79293632507324,14.9713716506958,34.94630813598633,23.99759292602539
2006-08-31,12.553884506225586,28.96329689025879,47.31708908081055,6.0535993576049805,21.084848403930664,20.96519088745117,22.524370193481445,15.132959365844728,34.79086685180664,24.072189331054688
2006-09-01,12.42562198638916,29.19169807434082,47.93574523925781,6.0738911628723145,21.3000602722168,21.29607963562012,22.799644470214844,15.030426025390623,34.919281005859375,24.1032829284668
2006-09-05,12.6981782913208,29.220977783203125,47.947227478027344,5.988372802734375,21.472972869873047,21.216672897338867,23.148744583129883,15.024205207824709,34.98012924194336,24.21518325805664
2006-09-06,12.521817207336426,29.613304138183597,47.68943405151367,5.986924648284912,21.10243225097656,21.117401123046875,23.27630615234375,14.89370059967041,34.91252517700195,24.12193298339844
2006-09-07,12.834464073181152,29.42591857910156,47.83267593383789,5.951414585113525,21.20742416381836,21.163726806640625,23.57171058654785,14.88436794281006,34.817893981933594,23.842174530029297
2006-09-08,12.75429916381836,29.81241226196289,47.78681945800781,6.013014316558838,21.170372009277344,21.48468780517578,23.833539962768555,15.19510269165039,34.919281005859375,23.79865074157715
2006-09-11,13.058924674987791,30.14619827270508,47.40875244140625,6.04055118560791,21.652069091796875,21.42512321472168,24.07524299621582,15.114315032958984,34.59482955932617,23.780000686645508
2006-09-12,13.066939353942873,29.865123748779297,46.801544189453125,6.019537448883057,22.64019203186035,21.785791397094727,24.135656356811523,15.164033889770508,34.94630813598633,24.084630966186523
2006-09-13,13.139092445373535,28.875463485717773,47.11088562011719,6.059081077575684,22.95514678955078,21.954545974731445,23.40387535095215,15.282114028930664,35.08151626586914,24.40791893005371
2006-09-14,13.203224182128906,29.40249252319336,47.40875244140625,6.081049919128418,22.98603057861328,21.87845039367676,23.585140228271484,15.272790908813477,35.10177993774414,24.264923095703125
2006-09-15,13.090991973876951,29.25611114501953,47.54622268676758,6.088372230529785,22.98603057861328,21.8387393951416,23.32330894470215,15.375335693359377,34.77732849121094,24.712547302246094
2006-09-18,13.026859283447266,28.939889907836918,46.88746643066406,6.072993755340576,22.59078025817871,21.908233642578125,23.309877395629883,15.188897132873535,35.00040817260742,24.51982688903809
2006-09-19,12.930663108825684,29.22683334350586,47.10512924194336,6.042970180511475,22.405506134033203,21.92477226257324,23.35686683654785,15.27589988708496,35.16938781738281,24.569555282592773
2006-09-20,14.373639106750488,29.2502498626709,47.46031188964844,6.048099040985107,22.467266082763672,22.318532943725582,23.78654670715332,15.086346626281738,35.48031234741211,25.116647720336918
2006-09-21,14.493881225585938,27.10112953186035,47.27125930786133,5.999764919281006,22.139951705932617,22.037273406982425,21.799299240112305,14.977595329284668,35.31134033203125,25.203689575195312
2006-09-22,14.060988426208496,27.464189529418945,47.46031188964844,6.028323173522949,22.2078800201416,21.87845039367676,22.175268173217773,14.88436794281006,35.43976974487305,25.01718139648437
2006-09-25,14.405696868896484,26.041215896606445,48.63463592529297,5.643134593963623,22.59078025817871,22.10345268249512,20.8795166015625,14.899909973144531,35.80477523803711,25.30937385559082
2006-09-26,14.58206844329834,26.415992736816406,48.943973541259766,5.547933578491211,22.61548614501953,22.42772674560547,21.248779296875,14.9371976852417,36.14950180053711,25.147735595703125
2006-09-27,14.373639106750488,26.49796867370605,48.77210235595703,5.659971714019775,22.51666831970215,22.275510787963867,21.7187442779541,15.030426025390623,35.987274169921875,25.50832748413086
2006-09-28,14.42173957824707,26.29887008666992,49.0356330871582,5.636541366577148,22.664894104003903,22.53030014038086,21.671743392944336,15.017989158630373,36.17655563354492,25.719688415527344
2006-09-29,14.221320152282717,25.99436378479004,49.29913711547852,5.605788230895996,22.39933204650879,22.196104049682617,21.564319610595703,15.08945083618164,36.21033477783203,25.4275016784668
2006-10-02,14.15718936920166,25.426345825195312,49.80896759033203,5.605053424835205,22.44256019592285,22.14976692199707,21.430049896240234,14.990015029907228,36.2441291809082,25.707260131835938
2006-10-03,14.34958839416504,26.017786026000977,49.72304153442383,5.53914737701416,22.74517822265625,22.06705665588379,21.31590843200684,14.794256210327148,36.77811813354492,26.0491943359375
2006-10-04,14.566028594970703,26.281312942504883,50.34171676635742,5.63141679763794,23.15277099609375,22.206026077270508,21.58446311950684,14.648200988769531,37.05527114868164,26.39113044738769
2006-10-05,14.638182640075684,25.40877342224121,50.272979736328125,5.741261005401611,23.010730743408203,22.3086051940918,20.7653865814209,14.402728080749512,36.85249328613281,26.590072631835938
2006-10-06,14.58206844329834,24.981279373168945,50.05529022216797,5.757370948791504,22.93662452697754,22.401241302490234,19.684490203857425,14.35300350189209,36.663230895996094,26.304096221923828
2006-10-09,14.870667457580566,25.233095169067383,50.74272155761719,5.7668938636779785,23.2824649810791,22.44095802307129,19.953033447265625,14.511483192443848,36.84571838378906,26.26056861877441
2006-10-10,15.022971153259276,25.250659942626957,50.81146240234375,5.715632915496826,23.31951904296875,22.391319274902344,19.953033447265625,14.46487522125244,36.92685317993164,26.25436782836914
2006-10-11,14.894710540771484,25.830398559570312,50.29590606689453,5.772749423980713,23.418331146240234,22.599796295166016,20.919811248779297,14.53211498260498,36.52803421020508,26.17353820800781
2006-10-12,15.223387718200684,26.09392547607422,50.73127746582031,5.769088268280029,23.40597152709961,22.76193046569824,21.1480770111084,14.525856018066406,36.67673110961914,26.304096221923828
2006-10-13,15.287520408630373,25.988508224487305,50.75416564941406,5.831333637237549,22.78839492797852,22.69243621826172,20.87281036376953,14.675959587097168,36.76461410522461,26.490589141845703
2006-10-16,15.223387718200684,25.96508026123047,50.75416564941406,5.791057109832764,22.44874382019043,22.91413307189941,20.98023796081543,14.751014709472656,36.30497360229492,26.733068466186523
2006-10-17,14.934796333312988,25.883100509643555,50.15269088745117,5.730276107788086,22.084369659423828,22.83141326904297,20.8996696472168,14.757268905639648,36.28471374511719,26.509260177612305
2006-10-18,15.022971153259276,25.87139320373535,50.46199798583984,5.736870288848877,22.164655685424805,22.65272521972656,21.100662231445312,14.963662147521973,36.37255859375,26.50304412841797
2006-10-19,15.127193450927734,25.67814826965332,50.376094818115234,5.872345447540283,22.17700958251953,22.40455818176269,20.9393253326416,14.985546112060549,36.000789642333984,25.85025405883789
2006-10-20,15.215370178222656,25.52003669738769,49.83761215209961,5.834264278411865,22.226411819458008,22.589853286743164,20.630107879638672,15.254491806030272,36.2441291809082,25.924867630004883
2006-10-23,15.351648330688477,25.584455490112305,50.519317626953125,5.870147705078125,22.380815505981445,22.924055099487305,21.0401668548584,15.270130157470703,36.27117156982422,26.167320251464844
2006-10-24,15.14321994781494,25.68985748291016,51.04631423950195,5.845248222351074,22.541372299194336,22.7718505859375,21.12755012512207,15.048091888427734,36.11571502685547,26.62115859985352
2006-10-25,14.92677402496338,25.19211196899414,49.64857482910156,6.012211799621582,22.60313415527344,22.72221565246582,20.751117706298828,15.09813117980957,36.50100326538086,26.65224838256836
2006-10-26,15.00694179534912,25.379487991333008,48.69765853881836,5.9733991622924805,23.084836959838867,22.73545265197754,21.07377052307129,14.976173400878906,36.622676849365234,26.62115859985352
2006-10-27,14.509917259216309,25.08669662475586,48.468505859375,5.993905067443848,22.89339637756348,22.55016326904297,20.97295188903809,14.90737247467041,36.298221588134766,26.297870635986328
2006-10-30,14.846617698669434,25.432188034057617,49.85480880737305,5.982919692993164,23.004558563232425,22.81817626953125,21.32921028137207,14.725994110107422,36.446922302246094,26.384929656982425
2006-10-31,14.806527137756348,25.578598022460938,49.797508239746094,5.955827713012695,23.05396270751953,22.63288307189941,21.093942642211918,14.857342720031738,36.413116455078125,26.185976028442383
2006-11-01,14.806527137756348,24.659204483032227,50.01519393920898,5.964614868164063,23.066312789916992,22.437652587890625,19.534412384033203,14.829193115234377,36.21711349487305,26.235706329345703
2006-11-02,14.646197319030762,24.7177734375,49.87198638916016,5.958023071289063,22.973669052124023,22.49058723449707,19.39996337890625,14.84169578552246,36.19683074951172,26.03055763244629
2006-11-03,14.25338649749756,25.074987411499023,49.83761215209961,5.944842338562012,22.973669052124023,22.285444259643555,19.35291290283203,14.897989273071287,36.11571502685547,25.931072235107425
2006-11-06,14.509917259216309,25.467334747314453,50.23287582397461,5.952162265777588,22.98603057861328,22.464126586914062,20.058732986450195,14.844822883605955,36.6429328918457,26.111373901367188
2006-11-07,14.590084075927734,25.5376091003418,50.11830520629883,5.882596492767334,22.99220466613769,22.54684066772461,20.11923599243164,14.96679401397705,36.78490447998047,26.37248992919922
2006-11-08,14.718347549438477,25.3443546295166,49.52255630493164,5.964614868164063,23.004558563232425,22.4168758392334,19.91084098815918,14.78541088104248,36.91332244873047,26.31654357910156
2006-11-09,14.86264705657959,24.703445434570312,48.90388488769531,5.921407222747803,22.75752639770508,22.266929626464844,19.23192024230957,14.33509635925293,36.84571838378906,26.235706329345703
2006-11-10,15.055038452148438,24.85597801208496,49.12156295776367,5.926530838012695,22.627836227416992,22.42354393005371,19.467193603515625,14.375743865966797,37.021480560302734,26.44709587097168
2006-11-13,15.375703811645508,24.67999649047852,49.75743103027344,5.919942855834961,22.47961807250977,22.720129013061523,19.487350463867188,14.275675773620604,36.81192779541016,26.714418411254883
2006-11-14,15.367682456970217,24.79732322692871,50.43336486816406,5.941912651062012,23.44303131103516,22.73012351989746,19.440298080444336,14.44142246246338,37.0620346069336,26.70820617675781
2006-11-15,15.32761287689209,25.102367401123047,50.71980667114258,6.023197650909424,23.233055114746094,22.870080947875977,19.776411056518555,14.69472885131836,36.82544708251953,26.950668334960938
2006-11-16,15.311572074890137,25.061304092407227,51.25826644897461,6.119863033294678,23.35040283203125,23.043367385864254,19.904132843017575,14.851081848144531,37.10932922363281,27.07378196716309
2006-11-17,15.600164413452148,24.638919830322266,51.06922149658203,6.225313663482666,23.640644073486328,21.870370864868164,19.5411319732666,14.90737247467041,37.07554244995117,26.836299896240234
2006-11-20,15.61620044708252,24.562667846679688,51.13796615600586,6.216526508331299,23.720947265625,21.590452194213867,19.12436294555664,14.93552017211914,37.10932922363281,26.673799514770508
2006-11-21,15.61620044708252,24.16374397277832,51.58481216430664,6.1594061851501465,23.418331146240234,21.680423736572266,18.875652313232425,14.851081848144531,36.98768997192383,26.82379531860352
2006-11-22,15.760497093200684,24.075746536254883,51.26401519775391,6.160141468048096,23.529491424560547,21.673763275146484,18.82186317443848,14.86984634399414,36.92685317993164,26.88004875183105
2006-11-24,15.712400436401367,23.852828979492188,51.172340393066406,6.13304615020752,23.29481315612793,21.64377784729004,18.80170440673828,14.682215690612791,36.8795280456543,26.723800659179688
2006-11-27,15.167278289794922,23.818798065185547,50.307373046875,6.108880519866943,23.21453285217285,21.410505294799805,18.27737808227539,14.507091522216797,36.446922302246094,26.367576599121094
2006-11-28,15.1512451171875,23.95255470275879,51.35566329956055,6.125720024108887,23.031253814697266,21.377180099487305,18.532827377319336,14.510221481323242,36.68351364135742,26.398815155029297
2006-11-29,15.351648330688477,23.89974594116211,52.11479568481445,6.175518035888672,23.37295913696289,21.45716667175293,19.178142547607425,14.625925064086914,36.89523696899414,26.69880485534668
2006-11-30,15.271489143371582,23.75309562683105,52.01701736450195,6.166728973388672,23.59041404724121,21.427173614501957,19.339473724365234,14.59152126312256,36.77911758422852,26.861291885375977
2006-12-01,15.079092025756836,23.6240348815918,51.95951461791992,6.151350021362305,24.21170425415039,21.45716667175293,19.272247314453125,14.563383102416992,36.540077209472656,26.755050659179688
2006-12-04,15.455877304077148,24.8383731842041,52.988914489746094,6.180643558502197,24.35459327697754,21.790393829345703,19.668855667114254,15.041844367980955,35.959529876708984,27.255037307739254
2006-12-05,15.11917781829834,25.31942749023437,53.14421081542969,6.153548717498779,24.46021842956543,22.11363410949707,19.904132843017575,15.101261138916016,36.055152893066406,27.08002471923828
2006-12-06,14.333556175231934,25.61274528503418,53.06941986083984,6.163069248199463,24.801921844482425,21.93368530273437,20.19317626953125,15.013700485229492,35.98684310913086,26.8112907409668
2006-12-07,14.02892780303955,25.366365432739254,52.70137405395508,6.221652507781982,24.186851501464844,21.893705368041992,20.173006057739254,15.023076057434082,35.85024642944336,26.61755752563477
2006-12-08,14.269420623779297,25.595142364501957,52.80487060546875,6.212131500244141,24.1060791015625,21.91702461242676,20.32089233398437,14.99806308746338,35.28336715698242,26.548805236816406
2006-12-11,14.485867500305176,25.87673568725586,52.523094177246094,6.226046085357666,24.099857330322266,21.78706741333008,20.240236282348636,14.954279899597168,35.8912353515625,26.37382125854492
2006-12-12,14.42173957824707,25.829797744750977,52.28731536865234,6.209202289581299,24.0439510345459,21.670425415039062,20.253671646118164,15.007439613342283,36.06198120117188,26.26757049560547
2006-12-13,14.445783615112305,25.870880126953125,51.72370529174805,6.193824291229248,24.29869079589844,21.58712577819824,20.37468147277832,14.99806308746338,36.26005172729492,26.161325454711918
2006-12-14,14.445783615112305,26.16419219970703,51.90199279785156,6.222385406494141,24.8330078125,21.83371353149414,20.650285720825195,15.041844367980955,36.3146858215332,26.680049896240234
2006-12-15,14.173221588134766,26.10552978515625,51.781227111816406,6.239957809448242,24.783287048339844,22.02033424377441,20.515840530395508,15.157546997070312,36.41712188720703,27.26128578186035
2006-12-18,14.357600212097168,26.545509338378903,51.86173248291016,6.270716667175293,24.826778411865234,21.90703010559082,20.173006057739254,15.05122184753418,36.628868103027344,27.01127243041992
2006-12-19,13.708264350891112,26.7860164642334,52.82215118408203,6.291952610015869,24.62795639038086,22.05365562438965,20.152847290039062,15.091878890991213,36.594722747802734,27.71749496459961
2006-12-20,13.708264350891112,26.7684326171875,52.67837905883789,6.274376392364502,24.311111450195312,21.820392608642575,20.105789184570312,14.994933128356934,36.64934921264648,27.848737716674805
2006-12-21,13.708264350891112,26.96202087402344,52.87388610839844,6.277311325073242,24.17441940307617,21.670425415039062,20.784725189208984,15.01056957244873,36.5468978881836,27.97374725341797
2006-12-22,13.71628475189209,27.384401321411133,52.735877990722656,6.271389484405518,24.16199493408203,21.410505294799805,21.006553649902344,14.926137924194336,36.43764114379883,27.89250373840332
2006-12-26,13.732314109802246,27.21428108215332,53.10968399047852,6.3024582862854,24.26762008666992,21.64043617248535,20.95949363708496,15.08249282836914,36.67668533325195,28.04873275756836
2006-12-27,13.708264350891112,27.067604064941406,53.45474624633789,6.347580909729004,24.578266143798828,21.670425415039062,20.98638153076172,15.323294639587402,36.72447967529297,28.361223220825195
2006-12-28,13.788429260253906,27.026554107666016,53.08667755126953,6.378650188446045,24.683883666992188,21.57379150390625,21.006553649902344,15.301396369934082,36.64250946044922,28.411226272583008
2006-12-29,13.740327835083008,26.92095375061035,52.94865417480469,6.348320007324219,24.951040267944336,21.397172927856445,20.77799797058105,15.232599258422852,36.464942932128906,28.273719787597656
2007-01-03,14.036947250366213,27.026554107666016,52.86813735961914,6.399362564086914,25.516416549682617,21.50714111328125,20.73094749450684,15.313908576965332,36.42395782470703,28.186235427856445
2007-01-04,14.173221588134766,27.07934188842773,52.730125427246094,6.483694076538086,25.20576858520508,21.50047874450684,20.8385009765625,15.60473918914795,36.65618896484375,28.173734664916992
2007-01-05,14.141155242919922,26.69215965270996,52.9199104309082,6.446706295013428,24.721160888671875,21.570459365844727,20.95277404785156,15.60473918914795,36.36249923706055,27.905006408691406
2007-01-08,14.317517280578612,26.80362701416016,53.88032150268555,6.508103370666504,24.534778594970703,21.427173614501957,21.07377052307129,15.66102409362793,36.50593566894531,28.073734283447266
2007-01-09,14.28545093536377,26.944414138793945,53.82854843139648,6.518455028533936,24.429149627685547,21.72708320617676,20.845218658447266,15.798625946044922,36.540077209472656,28.273719787597656
2007-01-10,14.245370864868164,26.739097595214844,54.392120361328125,6.597607612609863,24.71495246887207,21.75706672668457,21.05360412597656,15.850525856018066,36.594722747802734,28.09873962402344
2007-01-11,13.94074535369873,27.020679473876957,55.01324081420898,6.613141059875488,24.901336669921875,22.136966705322266,21.181324005126957,15.837942123413086,36.37614822387695,28.567462921142575
2007-01-12,14.02892780303955,27.10281753540039,55.38701629638672,6.540651321411133,24.919965744018555,22.350231170654297,21.470369338989254,15.869393348693848,36.45812225341797,28.47372817993164
2007-01-16,13.868595123291016,27.03828239440918,55.78386688232422,6.605003356933594,25.031801223754883,22.42354393005371,21.369543075561523,15.919729232788086,36.49909591674805,28.51122093200684
2007-01-17,14.044960975646973,27.28468513488769,55.4963264465332,6.5517449378967285,25.031801223754883,22.60349464416504,21.83336639404297,16.215415954589844,36.41712188720703,28.46122169494629
2007-01-18,13.724299430847168,27.220144271850582,55.66883087158203,6.505880832672119,25.39215087890625,21.99700927734375,21.953872680664062,16.605466842651367,36.39664840698242,28.148731231689453
2007-01-19,13.844549179077148,26.991350173950195,55.93911743164063,6.454841136932373,25.193340301513672,22.04365539550781,22.404937744140625,16.83509063720703,36.60153579711914,28.30497360229492
2007-01-22,13.628094673156738,26.868152618408203,55.65157699584961,6.440789222717285,24.882692337036133,21.817058563232425,22.23663330078125,16.772178649902344,36.64250946044922,27.66125869750977
2007-01-23,13.724299430847168,26.93972969055176,56.78450775146485,6.4918293952941895,25.11878776550293,22.00699806213379,22.384740829467773,16.791051864624023,36.41712188720703,27.7862548828125
2007-01-24,13.740327835083008,26.69804000854492,55.86437225341797,6.503661632537842,25.280319213867188,22.073650360107425,22.12217903137207,16.844524383544922,36.33517837524414,27.76125717163086
2007-01-25,13.612062454223633,26.480981826782227,56.03692626953125,6.498483657836914,24.907548904418945,21.893705368041992,22.048126220703125,16.542552947998047,35.788787841796875,27.623762130737305
2007-01-26,13.748345375061035,26.51030921936035,55.59408950805664,6.509582042694092,24.81435203552246,21.703752517700195,22.19623374938965,16.529966354370117,35.54291534423828,27.58001708984375
2007-01-29,13.844549179077148,26.63350296020508,55.24325942993164,6.51401948928833,24.795713424682617,21.78373336791992,22.007726669311523,16.564579010009766,35.14677047729492,27.642501831054688
2007-01-30,13.756361961364746,26.53963851928711,55.3467903137207,6.475554466247559,24.957244873046875,21.883708953857425,22.250093460083008,16.73128318786621,35.597530364990234,28.21123313903809
2007-01-31,13.756361961364746,26.57483673095703,55.89313125610352,6.464459896087647,25.31138229370117,22.090312957763672,22.654029846191406,16.671518325805664,35.91172409057617,28.554969787597656
2007-02-01,13.668185234069824,26.83294677734375,56.623497009277344,6.471116542816162,25.52263069152832,22.600160598754883,22.411666870117188,16.630632400512695,36.08930969238281,28.704965591430664
2007-02-02,13.964792251586914,26.58656311035156,56.623497009277344,6.403056621551514,25.367311477661133,22.563507080078125,22.34434509277344,16.567720413208008,36.020999908447266,28.84870338439941
2007-02-05,13.756361961364746,26.34017562866211,56.98003768920898,6.426732063293457,25.49155807495117,22.350231170654297,22.41840362548828,16.51424217224121,36.11662292480469,28.761207580566406
2007-02-06,13.644132614135742,26.61002922058105,58.2509880065918,6.363114833831787,25.640670776367188,22.63348960876465,22.37127494812012,16.50165557861328,36.34200668334961,29.13618850708008
2007-02-07,13.555957794189451,26.651092529296875,58.38328170776367,6.360158443450928,25.69658088684082,22.773435592651367,22.378009796142575,16.49850845336914,36.44446563720703,29.10494613647461
2007-02-08,13.395621299743652,26.84467887878418,58.01521682739258,6.303936958312988,25.528839111328125,22.52684783935547,22.29721069335937,16.401004791259766,36.41712188720703,29.10494613647461
2007-02-09,13.387605667114258,26.651092529296875,58.17626190185547,6.3165130615234375,25.47292900085449,22.626821517944336,22.155841827392575,16.441892623901367,36.1917610168457,28.8986873626709
2007-02-12,13.34751796722412,26.457508087158203,58.446537017822266,6.332046985626221,25.74629592895508,22.643484115600582,21.873083114624023,16.58344078063965,36.22590255737305,28.80497169494629
2007-02-13,13.323467254638672,26.55137825012207,58.8088493347168,6.365332126617432,25.945093154907227,22.93006896972656,21.60379409790039,16.580293655395508,36.697147369384766,29.06744384765625
2007-02-14,13.443717002868652,26.402986526489254,58.84332656860352,6.390486240386963,25.926464080810547,23.030771255493164,22.02793312072754,16.57715606689453,36.91573333740234,29.711179733276367
2007-02-15,13.555957794189451,27.09054183959961,59.42993927001953,6.367554187774658,25.88297462463379,23.05426025390625,22.155841827392575,16.608604431152344,36.77911758422852,29.72991752624512
2007-02-16,13.387605667114258,27.03764915466309,58.630516052246094,6.376433372497559,25.74629592895508,22.89650535583496,22.034652709960938,16.511091232299805,36.91573333740234,29.89240264892578
2007-02-20,13.612062454223633,27.21981811523437,59.11362457275391,6.357941150665283,25.68416786193848,22.893156051635746,22.075044631958008,16.539400100708008,36.91573333740234,30.073633193969727
2007-02-21,13.788429260253906,26.961257934570312,58.975616455078125,6.314293384552002,25.65930557250977,22.916643142700195,22.263572692871094,16.580293655395508,36.82010269165039,30.19239997863769
2007-02-22,13.844549179077148,26.80259704589844,58.40055084228516,6.275826454162598,25.58475112915039,22.63802719116211,21.89328384399414,16.866540908813477,36.67668533325195,30.11739158630371
2007-02-23,13.483802795410156,26.632169723510746,58.722564697265625,6.3157734870910645,25.44806289672852,22.73872947692871,21.866355895996094,16.85710906982422,36.10295867919922,29.96034240722656
2007-02-26,13.483802795410156,26.74970817565918,58.35451126098633,6.337224006652832,25.342453002929688,22.82601547241211,21.799036026000977,17.133913040161133,36.055152893066406,29.91636848449707
2007-02-27,13.058924674987791,26.220808029174805,56.30587005615234,6.115306854248047,24.739795684814453,22.18486595153809,21.206592559814453,16.935749053955078,34.69598388671875,28.999141693115234
2007-02-28,13.171154022216797,26.26783943176269,56.12698745727539,6.234404563903809,24.596899032592773,22.238574981689453,21.152729034423828,17.181106567382812,35.103450775146484,29.14993667602539
2007-03-01,13.443717002868652,26.226703643798828,56.45015335083008,6.23884391784668,24.50992202758789,22.151296615600582,21.098878860473636,16.91687774658203,34.79268264770508,29.017993927001957
2007-03-02,13.395621299743652,25.950502395629883,55.07671737670898,6.175226211547852,24.23655128479004,21.983455657958984,20.82958984375,16.67466163635254,34.53715896606445,28.84208869934082
2007-03-05,13.12305736541748,25.80359268188477,55.688385009765625,6.081278800964356,24.025310516357425,21.849184036254883,20.72860717773437,16.592880249023438,34.281639099121094,28.81695938110352
2007-03-06,13.531899452209473,26.12092018127441,55.91925811767578,6.244758129119873,24.24715805053711,22.12108612060547,21.07195472717285,16.630632400512695,35.17940902709961,29.112218856811523
2007-03-07,13.21925926208496,25.885854721069336,55.71148300170898,6.293581008911133,24.190919876098636,21.9935245513916,21.08541488647461,16.574012756347656,34.93769836425781,29.2692813873291
2007-03-08,13.379591941833496,26.220808029174805,56.080814361572266,6.358676433563232,24.24715805053711,22.322498321533203,21.819225311279297,16.797348022460938,35.062034606933594,29.72160530090332
2007-03-09,13.331487655639648,26.20318984985352,55.9134635925293,6.425251483917236,24.165918350219727,22.815937042236328,21.9471435546875,17.10875129699707,35.18633270263672,29.67136001586914
2007-03-12,13.68421745300293,26.32073211669922,57.70818710327149,6.410458087921143,23.853456497192383,23.064348220825195,21.529741287231445,17.10560417175293,35.28300857543945,29.91008949279785
2007-03-13,13.34751796722412,25.93874931335449,55.90190124511719,6.278962135314941,23.341026306152344,22.758869171142575,21.47588348388672,17.02067756652832,34.15732192993164,29.45145606994629
2007-03-14,13.531899452209473,26.20907211303711,56.63482284545898,6.26850175857544,23.47225570678711,22.91327667236328,21.75191116333008,16.91373062133789,34.37140655517578,29.46402931213379
2007-03-15,13.403637886047363,26.86723899841309,56.58286666870117,6.332007884979248,23.428503036499023,23.154970169067383,22.44532966613769,16.869693756103516,34.599300384521484,29.51429557800293
2007-03-16,13.387605667114258,27.184558868408203,56.4385986328125,6.330510139465332,23.44100952148437,23.17511749267578,22.1760311126709,16.63377571105957,34.267826080322266,29.48916244506836
2007-03-19,13.7723970413208,27.343231201171875,57.11380386352539,6.367123126983643,23.572242736816406,23.60141944885254,22.310688018798828,16.728137969970703,34.78577423095703,29.65880012512207
2007-03-20,14.06900691986084,27.24920082092285,56.77333068847656,6.412701606750488,23.70347785949707,23.906879425048828,22.667490005493164,17.13706398010254,35.055118560791016,29.614803314208984
2007-03-21,14.566028594970703,27.66055679321289,57.62164306640625,6.432875156402588,24.209678649902344,24.21571350097656,23.340717315673828,17.199975967407227,35.81478500366211,29.966629028320312
2007-03-22,14.8225679397583,27.836841583251957,56.5020866394043,6.4366068840026855,23.953447341918945,24.128427505493164,23.098352432250977,17.14335060119629,35.662845611572266,29.891233444213867
2007-03-23,14.622146606445312,28.07190322875977,57.21767044067383,6.38580322265625,23.88471221923828,24.262704849243164,23.27339172363281,16.942035675048828,35.69736099243164,29.972900390625
2007-03-26,14.74239730834961,27.795713424682617,56.7963981628418,6.346952438354492,23.690977096557617,24.26605224609375,23.307052612304688,18.005239486694336,35.60759353637695,29.740459442138672
2007-03-27,14.8225679397583,27.58416557312012,56.65792083740234,6.356663703918457,23.33476829528809,24.02773094177246,23.138750076293945,17.803918838500977,35.80097198486328,29.357234954833984
2007-03-28,14.566028594970703,27.237457275390625,56.080814361572266,6.441091060638428,22.97856712341309,23.72898292541504,22.856000900268555,17.539697647094727,35.062034606933594,28.91747665405273
2007-03-29,14.55801773071289,27.14930534362793,56.61174011230469,6.510575294494629,23.009811401367188,23.702125549316406,22.997377395629883,17.555421829223633,35.35207748413086,28.86093139648437
2007-03-30,14.533965110778809,26.96712684631348,55.98847198486328,6.560634136199951,22.959815979003903,23.60141944885254,22.983905792236328,17.55228042602539,35.234676361083984,28.93632125854492
2007-04-02,14.541987419128418,26.92013168334961,55.936553955078125,6.791496753692627,22.99106216430664,23.695409774780277,23.17240333557129,17.555421829223633,34.82721710205078,28.99286651611328
2007-04-03,14.718347549438477,27.30797004699707,56.13852310180664,6.933855056762695,23.51599884033203,23.90017509460449,23.084903717041016,17.82594871520996,35.12419128417969,29.36353874206543
2007-04-04,14.87867259979248,27.03177070617676,56.005802154541016,7.0125041007995605,23.81596946716309,23.940444946289062,23.28685760498047,17.7064151763916,35.1448860168457,29.683927536010746
2007-04-05,14.96685791015625,27.17281913757324,55.80958938598633,7.043362617492676,23.75971984863281,23.853185653686523,23.3811092376709,17.936037063598633,35.11725997924805,29.690195083618164
2007-04-09,14.88669490814209,27.384353637695312,56.57132339477539,6.958744049072266,23.79722213745117,24.104944229125977,23.495561599731445,17.99580192565918,35.12419128417969,29.595962524414062
2007-04-10,15.11115837097168,27.425508499145508,56.58286666870117,6.9846296310424805,23.89095497131348,23.796117782592773,23.56288719177246,17.948623657226562,35.26921081542969,29.51429557800293
2007-04-11,14.902734756469728,27.02589225769043,55.75190353393555,6.918925285339356,23.728477478027344,23.68534278869629,23.56961250305176,18.032459259033203,34.8824577331543,29.14364624023437
2007-04-12,14.990906715393066,26.990633010864254,55.49221420288086,6.963720321655273,23.75971984863281,23.953880310058597,23.58307647705078,18.16216278076172,34.723609924316406,29.520580291748047
2007-04-13,14.934796333312988,26.984764099121094,55.538352966308594,6.924896717071533,23.67849540710449,23.833038330078125,23.650405883789062,18.503833770751957,34.82029724121094,29.545717239379883
2007-04-16,15.1512451171875,27.108163833618164,55.39985656738281,6.905980587005615,24.097177505493164,24.20564079284668,23.52922248840332,18.627212524414062,35.37969207763672,29.76558303833008
2007-04-17,15.14321994781494,27.0200138092041,55.37678146362305,6.925891399383545,24.647111892700195,23.759191513061523,23.37437629699707,18.665180206298828,35.42802810668945,29.928932189941406
2007-04-18,15.014954566955566,27.008270263671875,55.61336898803711,6.976664066314697,24.39715003967285,23.80618095397949,23.27339172363281,18.358304977416992,35.78715515136719,30.287015914916992
2007-04-19,15.039005279541016,27.002384185791016,55.186336517333984,6.908970355987549,24.315900802612305,25.343582153320312,23.502294540405277,18.10838508605957,35.15869140625,30.82101249694824
2007-04-20,15.231402397155762,26.91423797607422,55.05362701416016,6.9239044189453125,24.503381729125977,25.25965881347656,23.58321762084961,18.30136489868164,35.24848937988281,32.29108047485352
2007-04-23,15.183304786682127,26.95537567138672,56.017337799072266,6.9019975662231445,24.503381729125977,25.182451248168945,23.664142608642575,18.09889030456543,34.8824577331543,32.18428039550781
2007-04-24,15.087106704711914,26.96712684631348,54.71891403198242,6.960735321044922,24.56587600708008,24.917272567749023,24.75664520263672,18.086238861083984,34.95843505859375,33.23344039916992
2007-04-25,15.1512451171875,27.12580108642578,55.11133575439453,7.015489101409912,24.68460464477539,25.16903686523437,24.73641014099121,18.20962142944336,35.37969207763672,33.91819381713867
2007-04-26,15.191327095031738,26.93187713623047,53.9571533203125,6.9019975662231445,24.365901947021484,24.97433853149414,24.857810974121094,18.003982543945312,35.02748489379883,33.729713439941406
2007-04-27,15.311572074890137,26.455883026123047,55.798038482666016,6.928878784179688,24.040939331054688,25.08175468444824,24.770139694213867,17.956525802612305,35.062034606933594,34.483604431152344
2007-04-30,15.071084022521973,25.79772186279297,55.48067474365234,6.861184120178223,23.665977478027344,24.702442169189453,24.43968963623047,17.912242889404297,35.151798248291016,34.037559509277344
2007-05-01,14.902734756469728,25.99163246154785,55.5325927734375,6.8502302169799805,24.01593589782715,24.591665267944336,24.271080017089844,18.03561019897461,35.17251968383789,34.602970123291016
2007-05-02,15.11917781829834,26.19731712341309,55.44026565551758,6.88009786605835,24.21592330932617,24.84678077697754,24.500389099121094,18.09256362915039,35.227760314941406,34.86683654785156
2007-05-03,15.247441291809082,26.17968368530273,55.63070297241211,6.945803165435791,24.40964698791504,25.182451248168945,24.35201835632324,18.16216278076172,35.37969207763672,35.18093490600586
2007-05-04,15.255451202392578,26.397113800048828,55.76919174194336,6.904987335205078,24.309659957885746,25.108613967895508,24.23737144470215,18.4437198638916,35.3866081237793,35.25632095336914
2007-05-07,15.271489143371582,26.4735050201416,56.59442901611328,6.887067794799805,24.272151947021484,25.444284439086918,24.358762741088867,18.64935111999512,35.51089096069336,34.76003646850586
2007-05-08,15.191327095031738,26.43236541748047,56.68098068237305,6.835301876068115,24.14093017578125,25.29222869873047,24.95896339416504,18.61455535888672,35.497108459472656,35.049015045166016
2007-05-09,15.095123291015623,26.532276153564453,56.99259185791016,6.826338291168213,24.484634399414062,25.55240821838379,25.640079498291016,18.563940048217773,35.531620025634766,35.68980407714844
2007-05-10,14.8225679397583,26.132667541503903,56.9002799987793,6.7735772132873535,24.24090576171875,25.119892120361328,25.269182205200195,18.136852264404297,34.93080520629883,35.72121047973633
2007-05-11,15.215370178222656,25.93874931335449,57.038795471191406,6.82833194732666,24.28466033935547,25.221263885498047,25.161283493041992,18.29820442199707,35.18633270263672,36.30548095703125
2007-05-14,15.183304786682127,25.99163246154785,57.24651336669922,6.8522257804870605,24.378395080566406,25.170583724975582,25.188251495361328,18.33300018310547,35.06892395019531,36.87715148925781
2007-05-15,15.10313892364502,26.132667541503903,57.425411224365234,6.909965515136719,23.93470001220703,25.234790802001957,25.33661651611328,18.563940048217773,35.17940902709961,36.44367980957031
2007-05-16,15.223387718200684,26.655118942260746,57.500431060791016,6.967703819274902,23.978443145751957,25.346296310424805,25.7075309753418,18.69365692138672,35.3037223815918,36.68344497680664
2007-05-17,15.271489143371582,26.690444946289062,56.813724517822266,6.938835144042969,23.93470001220703,25.511859893798828,25.66706275939941,18.6335391998291,35.31063461303711,36.733924865722656
2007-05-18,15.431817054748535,26.925905227661133,56.64634704589844,6.963720321655273,24.297157287597656,26.292423248291016,25.936813354492188,18.80120849609375,35.41422653198242,37.03677368164063
2007-05-21,15.487940788269045,26.560922622680664,57.00990295410156,7.053318023681641,24.14093017578125,26.346494674682617,25.49173355102539,18.548126220703125,35.37969207763672,36.78439712524414
2007-05-22,15.528020858764648,26.354894638061523,54.372650146484375,7.135949611663818,24.078428268432617,26.316082000732425,25.343351364135746,18.25074577331543,35.5661735534668,35.95154571533203
2007-05-23,15.3596773147583,26.30780029296875,54.45343780517578,7.107077121734619,24.23466110229492,26.140369415283203,25.694040298461918,18.09889030456543,35.46256256103516,35.67393112182617
2007-05-24,15.030988693237305,26.24893569946289,55.52103805541992,7.015489101409912,24.340898513793945,25.870046615600582,25.822174072265625,17.861618041992188,35.25538635253906,35.326900482177734
2007-05-25,15.423800468444824,26.54327774047852,55.98272705078125,7.046352386474609,23.98470115661621,26.05589485168457,26.354936599731445,17.833145141601562,35.35898208618164,35.91999435424805
2007-05-29,15.479921340942385,26.70809555053711,56.72715759277344,7.1021013259887695,24.15342330932617,25.815980911254883,26.21331787109375,17.92173194885254,35.35207748413086,36.18497848510742
2007-05-30,15.56810188293457,26.6374568939209,56.88352966308594,7.117032527923584,24.184669494628903,26.02210235595703,26.21331787109375,17.66547966003418,35.477760314941406,36.424766540527344
2007-05-31,15.53603172302246,26.56682777404785,56.814002990722656,7.0782084465026855,24.29090690612793,25.745018005371094,25.99077606201172,17.826824188232422,35.40790939331055,36.53831481933594
2007-06-01,15.760497093200684,26.56682777404785,56.42598724365234,7.149885177612305,24.503381729125977,25.80584526062012,25.99751091003418,17.811004638671875,35.45680618286133,37.09986877441406
2007-06-04,15.768509864807127,26.62567901611328,56.29279708862305,7.147896766662598,24.8720817565918,25.75177955627441,25.75474166870117,17.59588623046875,35.50568008422852,36.986305236816406
2007-06-05,15.61620044708252,26.466747283935547,55.71364974975586,7.0363945960998535,24.4227294921875,25.79908943176269,25.49173355102539,17.554752349853516,35.373023986816406,36.70866394042969
2007-06-06,15.511981964111328,26.07233047485352,55.97427749633789,7.049336910247803,24.070772171020508,25.60309600830078,25.120820999145508,17.31749153137207,35.14259719848633,36.17869186401367
2007-06-07,15.014954566955566,25.872182846069336,55.163455963134766,6.9239044189453125,23.66854476928711,24.93404960632324,25.33661651611328,17.07705307006836,34.76554489135742,35.585601806640625
2007-06-08,15.279501914978027,26.08411407470703,56.113277435302734,6.998565673828125,23.850805282592773,25.079343795776367,25.53218460083008,17.17511558532715,35.093711853027344,36.20391845703125
2007-06-11,15.399754524230955,26.225391387939453,55.74259185791016,6.990602970123291,23.699970245361328,25.07596969604492,25.255704879760746,17.10236358642578,34.94708633422852,35.97679138183594
2007-06-12,15.10313892364502,25.60140419006348,55.163455963134766,6.982637882232666,23.48000907897949,24.650203704833984,25.053386688232425,16.87457847595215,34.67478561401367,35.73701858520508
2007-06-13,15.471905708312988,26.172407150268555,55.33139801025391,7.064079284667969,23.712543487548828,25.08272361755371,25.22197532653809,17.143491744995117,35.163543701171875,36.31119155883789
2007-06-14,15.744460105895996,25.813312530517575,56.2985725402832,7.085189342498779,23.7502555847168,25.180721282958984,25.127561569213867,17.143491744995117,34.96803665161133,36.746543884277344
2007-06-15,15.92082691192627,26.34312057495117,55.91632461547852,7.105295658111572,23.850805282592773,25.336162567138672,25.377086639404297,17.311159133911133,34.96803665161133,37.1440544128418
2007-06-18,15.864716529846191,26.06055450439453,55.20402145385742,7.05402421951294,23.857097625732425,25.278709411621094,25.18150520324707,17.25421714782715,34.849334716796875,36.47522735595703
2007-06-19,15.936853408813477,26.019350051879883,56.06111145019531,6.989676475524902,24.051916122436523,25.278709411621094,25.302898406982425,17.298507690429688,35.29621887207031,36.513092041015625
2007-06-20,15.656282424926758,25.701473236083984,55.070796966552734,6.8639960289001465,25.15805435180664,25.07596969604492,24.979190826416016,17.171955108642578,34.89821243286133,35.68024063110352
2007-06-21,15.776527404785156,26.40198135375977,55.070796966552734,6.895167827606201,25.107763290405277,25.211145401000977,25.03314208984375,17.020111083984375,34.83536529541016,35.572967529296875
2007-06-22,15.54404640197754,26.47262382507324,54.086238861083984,6.856960773468018,24.736963272094727,24.86309051513672,24.648744583129883,16.72273063659668,34.17900848388672,35.13130569458008
2007-06-25,15.61620044708252,26.048789978027344,54.45110321044922,6.912259578704834,24.62384033203125,24.944181442260746,24.486896514892575,17.09919548034668,34.10919570922852,35.13130569458008
2007-06-26,15.3596773147583,26.17594146728516,54.549598693847656,7.000732421875,24.604995727539062,24.967836380004883,24.18342399597168,17.073888778686523,34.07428741455078,35.33952331542969
2007-06-27,15.784549713134766,25.94282531738281,54.68277359008789,7.058045387268066,24.988357543945312,25.447677612304688,24.662220001220703,17.073888778686523,34.34660339355469,35.528812408447266
2007-06-28,15.912817001342772,25.62494659423828,54.092063903808594,7.0298919677734375,24.8375301361084,25.187477111816406,24.648744583129883,16.994794845581055,34.27677536010742,35.572967529296875
2007-06-29,15.800580978393556,25.866300582885746,54.51482391357422,7.052010536193848,24.730674743652344,25.717992782592773,24.58131217956543,16.941011428833008,34.13712310791016,35.50987243652344
2007-07-02,15.968926429748535,25.730905532836918,54.821754455566406,7.128422737121582,24.743257522583008,26.001829147338867,24.642019271850582,17.18461799621582,34.437381744384766,36.014644622802734
2007-07-03,16.08917808532715,25.813312530517575,55.29087829589844,7.137472152709961,24.636415481567383,25.859912872314453,24.642019271850582,17.18461799621582,34.59797286987305,36.09035873413086
2007-07-05,16.42586898803711,25.8486442565918,56.00320816040039,7.154565334320068,25.032360076904297,26.164033889770508,24.642019271850582,17.15614128112793,34.4722900390625,36.8222541809082
2007-07-06,16.35371971130371,26.142976760864254,55.96268081665039,7.198800563812256,25.32773971557617,26.035619735717773,24.790363311767575,17.083385467529297,34.31868362426758,37.276554107666016
2007-07-09,16.161317825317383,26.30780029296875,56.15381240844727,7.208858013153076,25.28374290466309,26.316082000732425,24.7161922454834,16.991641998291016,34.081268310546875,36.92949676513672
2007-07-10,15.808595657348633,25.94282531738281,54.54378509521485,7.081169128417969,25.296314239501957,25.92072868347168,24.365501403808597,16.741718292236328,33.767051696777344,36.481536865234375
2007-07-11,16.01702117919922,25.99580955505371,54.781227111816406,7.127418041229248,25.440868377685547,26.001829147338867,24.39922142028809,16.937475204467773,33.87179946899414,37.06201934814453
2007-07-12,16.433887481689453,26.54915809631348,56.4028434753418,7.24605655670166,25.729963302612305,26.47152328491211,24.62851905822754,17.1125545501709,34.5839958190918,38.13463973999024
2007-07-13,16.35371971130371,26.60801887512207,56.37385559082031,7.208858013153076,25.685964584350582,26.63033103942871,24.520605087280277,16.947025299072266,34.56305694580078,37.94533920288086
2007-07-16,16.193389892578125,26.466747283935547,56.06111145019531,7.169644832611084,25.50370979309082,26.596546173095703,24.40597152709961,17.04888343811035,34.64683532714844,38.235595703125
2007-07-17,16.33768081665039,26.21360206604004,57.08042526245117,7.166628360748291,25.233476638793945,27.231801986694336,24.32504653930664,16.994775772094727,34.77252578735352,38.38700866699219
2007-07-18,16.361736297607422,26.372568130493164,57.03987884521485,7.068098068237305,25.164329528808597,27.174365997314453,24.34526824951172,17.09344482421875,34.465293884277344,38.19772338867188
2007-07-19,16.51404571533203,26.59036445617676,57.323673248291016,7.101276874542236,24.95064926147461,27.20139503479004,24.108850479125977,17.290802001953125,34.4024658203125,38.4753532409668
2007-07-20,16.52207374572754,26.98478126525879,56.69239807128906,7.0178303718566895,24.75580596923828,27.24196052551269,24.08858108520508,16.829252243041992,33.73215103149414,38.46273422241211
2007-07-23,16.658349990844727,26.872922897338867,57.63641357421875,6.999730110168457,24.485572814941406,27.77581787109375,24.352027893066406,17.16347885131836,33.62043762207031,38.77189254760742
2007-07-24,16.546113967895508,26.53739356994629,59.70394515991211,6.842885971069336,23.850805282592773,27.43793296813965,24.264219284057617,16.714658737182617,32.922176361083984,38.28606414794922
2007-07-25,16.498016357421875,26.855268478393555,59.014766693115234,6.821771144866943,23.907367706298828,27.14732551574707,24.6154727935791,16.647809982299805,33.466796875,38.41226196289063
2007-07-26,16.041072845458984,27.020099639892575,58.250282287597656,6.716204643249512,23.442306518554688,26.25525283813477,24.0345401763916,16.26264190673828,32.97805404663086,37.491058349609375
2007-07-27,15.728436470031738,26.225391387939453,57.49741363525391,6.552316188812256,23.09663772583008,25.69770812988281,23.73732185363769,15.92523956298828,33.103721618652344,36.97999572753906
2007-07-30,15.696362495422363,26.390220642089844,58.20396423339844,6.6136474609375,23.76282119750977,26.133621215820312,23.723804473876957,16.17671012878418,33.306209564208984,37.50366973876953
2007-07-31,15.32761287689209,26.00758552551269,57.03411102294922,6.683021545410156,23.360599517822266,25.77204704284668,23.771085739135746,16.13532257080078,33.11070251464844,36.28593444824219
2007-08-01,15.864716529846191,26.331344604492188,58.8989143371582,6.694082736968994,23.737688064575195,26.67426872253418,24.00752639770508,16.218088150024414,33.25734329223633,36.05880355834961
2007-08-02,16.105213165283203,26.49618148803711,59.29275894165039,6.750386714935303,23.76911354064941,26.54585075378418,24.85190963745117,16.30084991455078,33.36206817626953,37.25760269165039
2007-08-03,15.760497093200684,25.94282531738281,57.54954528808594,6.696093559265137,22.744678497314453,25.77543067932129,24.608715057373047,16.26264190673828,32.81744384765625,36.70866394042969
2007-08-06,16.097187042236328,26.578596115112305,58.40667724609375,6.935384273529053,23.18462562561035,26.376901626586918,25.18966293334961,16.908836364746094,33.627403259277344,37.19451522827149
2007-08-07,15.776527404785156,26.784624099731445,56.90668869018555,6.959514617919922,22.876657485961918,26.241743087768555,25.74358367919922,17.28443717956543,33.983497619628906,37.1440544128418
2007-08-08,16.193389892578125,27.38506507873535,54.82757186889648,6.997716426849365,23.756532669067383,26.024024963378903,26.135377883911133,17.921064376831055,34.70271682739258,36.43737411499024
2007-08-09,16.105213165283203,27.75005149841309,52.91057968139648,6.803672790527344,22.493295669555664,24.55784034729004,25.459857940673828,17.484973907470703,33.76007843017578,35.82535552978516
2007-08-10,16.02505111694336,27.32621383666992,54.61905288696289,6.775520324707031,22.57499885559082,25.32665061950684,25.669265747070312,17.57729148864746,33.92764663696289,35.33952331542969
2007-08-13,15.808595657348633,26.867040634155277,56.756107330322266,6.777531147003174,22.14763641357422,25.605600357055664,25.621976852416992,17.1539363861084,33.86481857299805,35.64236068725586
2007-08-14,15.511981964111328,26.60801887512207,55.63253784179688,6.718211650848389,21.066648483276367,24.58845329284668,25.230188369750977,16.701921463012695,33.41793441772461,35.56665802001953
2007-08-15,15.375703811645508,26.26070976257324,54.92022705078125,6.633759021759033,20.966089248657227,24.006738662719727,24.791114807128903,16.663728713989258,33.67628860473633,34.52558517456055
2007-08-16,15.343634605407717,26.61760711669922,55.30824661254883,6.671964168548584,20.62670135498047,24.27207565307617,24.656007766723636,16.50774383544922,34.80744171142578,34.30376052856445
2007-08-17,15.511981964111328,26.942073822021484,55.72523880004883,6.795628070831299,20.93466186523437,24.61907958984375,24.87217140197754,16.784685134887695,36.14110565185547,34.5192756652832
2007-08-20,15.319587707519531,26.52322578430176,55.71364974975586,6.736311912536621,21.236331939697266,24.962665557861328,24.7168083190918,16.676462173461914,35.85481643676758,35.381282806396484
2007-08-21,15.447851181030272,26.55862236022949,55.31402587890625,6.758427619934082,21.55685806274414,24.789152145385746,24.764089584350582,16.66691017150879,35.81989288330078,34.874210357666016
2007-08-22,15.487940788269045,26.55862236022949,56.63449096679688,6.8609795570373535,21.852235794067383,24.89121627807617,24.99375915527344,16.596879959106445,36.06427001953125,35.381282806396484
2007-08-23,15.528020858764648,26.434724807739254,56.13642501831055,6.900193691253662,21.38088607788086,24.758544921875,24.87217140197754,16.603242874145508,36.189971923828125,35.41299057006836
2007-08-24,15.98495864868164,26.605806350708008,57.92598342895508,6.9564971923828125,21.795679092407227,25.173561096191406,24.858657836914062,16.721023559570312,36.21788024902344,35.36861038208008
2007-08-27,15.92082691192627,26.18696403503418,59.31016159057617,7.04597806930542,22.153907775878903,24.918434143066406,24.77759552001953,16.555500030517578,35.519649505615234,36.06583786010742
2007-08-28,15.520000457763672,25.72092056274414,56.63449096679688,6.944430351257324,22.169727325439453,24.24826431274414,24.703279495239254,16.16715431213379,34.67478561401367,35.23552322387695
2007-08-29,16.13727378845215,26.452428817749023,57.74645233154297,7.0178303718566895,23.118505477905277,24.96605682373047,25.23695182800293,16.38997459411621,35.29621887207031,36.12922668457031
2007-08-30,16.201404571533203,26.32264709472656,57.33380126953125,6.962530612945557,23.428436279296875,25.003477096557617,25.155872344970703,16.361330032348633,35.05880355834961,35.67919921875
2007-08-31,16.257522583007812,26.588123321533203,57.61857986450195,6.978618144989014,24.231735229492188,24.95244789123535,25.54767608642578,16.523664474487305,35.38698959350586,35.59046936035156
2007-09-04,16.61025047302246,26.80048370361328,57.432613372802734,7.004757404327393,22.99833106994629,25.047691345214844,25.8584041595459,16.41861915588379,35.66627502441406,35.72357177734375
2007-09-05,16.618268966674805,26.62942123413086,57.46168518066406,6.900193691253662,23.09320831298828,24.82317924499512,25.65574836730957,16.46319007873535,35.319793701171875,35.01365661621094
2007-09-06,16.465957641601562,26.594024658203125,57.18268585205078,6.8639960289001465,22.27725982666016,25.108930587768555,25.61523056030273,16.838796615600586,35.20664596557617,35.91371536254883
2007-09-07,16.161317825317383,26.045381546020508,56.16563034057617,6.775520324707031,21.638412475585938,24.18702507019043,25.12211227416992,16.50774383544922,34.662193298339844,34.67771911621094
2007-09-10,16.169342041015625,25.98638153076172,56.6712760925293,6.766472339630127,21.385404586791992,24.278884887695312,25.08158302307129,16.450454711914062,34.61976623535156,34.89957046508789
2007-09-11,16.40182876586914,26.458328247070312,56.95024871826172,6.810710430145264,22.05587387084961,24.680309295654297,25.27071762084961,16.539583206176758,34.966251373291016,35.63483810424805
2007-09-12,16.465957641601562,26.564525604248047,56.73517227172852,6.862560749053955,22.195024490356445,25.343664169311523,25.203170776367188,16.631893157958984,34.923828125,35.476375579833984
2007-09-13,16.393798828125,26.794584274291992,57.90918350219727,6.824944019317627,22.52393913269043,25.51715660095215,25.507143020629883,16.603242874145508,35.25616836547852,35.6855354309082
2007-09-14,16.08917808532715,26.71199989318848,58.89718627929688,6.814777851104736,22.56821060180664,25.11913299560547,25.5544376373291,16.584152221679688,35.319793701171875,35.7742805480957
2007-09-17,16.049095153808594,26.59992027282715,57.77547836303711,6.811728000640869,22.378456115722656,25.06131362915039,25.26396751403809,16.549137115478516,35.0086669921875,35.71087646484375
2007-09-18,16.618268966674805,27.254751205444336,59.33890151977539,6.919494152069092,22.99833106994629,25.75188636779785,25.669265747070312,17.06161880493164,36.210750579833984,36.30670928955078
2007-09-19,16.706451416015625,27.166244506835938,58.81001663208008,6.987613201141357,22.884471893310547,26.32338523864746,25.75707626342773,17.17302894592285,36.11177444458008,36.92787170410156
2007-09-20,16.866775512695312,26.75330924987793,58.72282409667969,6.9764275550842285,22.340503692626957,25.56818199157715,25.54092025756836,17.09027099609375,35.913753509521484,36.87082290649414
2007-09-21,17.620330810546875,26.7886905670166,59.97817611694336,6.968296527862549,21.802865982055664,25.513761520385746,25.5544376373291,17.329004287719727,36.23196792602539,37.2004280090332
2007-09-24,17.4680233001709,26.98927116394043,59.48421859741211,6.958130836486816,21.429685592651367,25.374267578125,25.75707626342773,17.144376754760742,35.7723503112793,36.76942825317383
2007-09-25,17.58826446533203,27.661792755126957,61.00106430053711,6.937794208526611,20.923667907714844,25.571577072143555,26.263710021972656,17.300352096557617,35.51072311401367,37.45396423339844
2007-09-26,17.451980590820312,28.145530700683597,61.442752838134766,6.974395751953125,20.86674118041992,25.71785926818848,26.473119735717773,17.188947677612305,35.645076751708984,37.58707046508789
2007-09-27,17.339750289916992,28.275320053100582,62.06462097167969,7.0638628005981445,20.721263885498047,25.90836334228516,26.75008583068848,17.20486068725586,35.779422760009766,37.52367782592773
2007-09-28,17.35577964782715,27.868263244628903,63.0526123046875,7.0689473152160645,20.51885032653809,25.700855255126957,26.770341873168945,17.067983627319336,35.546077728271484,37.69482421875
2007-10-01,17.612323760986328,23.69156646728516,63.19795227050781,7.093343734741211,20.97426986694336,26.16350555419922,25.09510040283203,17.574106216430664,35.807701110839844,38.51249313354492
2007-10-02,17.516115188598633,23.64437294006348,62.64583206176758,7.111645221710205,21.100778579711918,25.938987731933597,25.97999382019043,17.6536865234375,36.571388244628906,37.87229537963867
2007-10-03,17.291650772094727,23.26681327819824,62.15760803222656,7.10452938079834,21.423358917236328,25.94917869567871,25.86516571044922,17.675960540771484,36.71986389160156,37.973731994628906
2007-10-04,17.44396209716797,23.461488723754883,63.349082946777344,7.085212707519531,21.34112930297852,26.1498966217041,26.115102767944336,17.67914581298828,37.052207946777344,37.77088165283203
2007-10-05,17.780664443969727,23.184228897094727,63.17472076416016,7.071997165679932,21.64472770690918,26.71459579467773,26.30423927307129,17.507259368896484,37.27141189575195,37.91667175292969
2007-10-08,18.045209884643555,23.08393096923828,63.349082946777344,7.0435285568237305,21.46130752563477,26.34720039367676,26.459619522094727,17.488155364990234,37.07341003417969,38.404747009277344
2007-10-09,18.101322174072266,23.119333267211918,64.743896484375,7.109611511230469,21.37908744812012,26.59554672241211,26.392065048217773,17.46269416809082,37.172393798828125,38.81674575805664
2007-10-10,18.373876571655277,22.930553436279297,64.36029052734375,7.1167311668396,21.284198760986328,26.62275505065918,26.24345588684082,17.265335083007812,36.98147964477539,38.48078918457031
2007-10-11,18.005123138427734,22.818470001220703,65.02287292480469,7.111645221710205,21.14504623413086,26.581926345825195,26.763591766357425,17.087610244750977,37.06634140014648,38.58856201171875
2007-10-12,17.989086151123047,22.90106010437012,64.9008560180664,7.122830867767334,21.151376724243164,26.894899368286133,26.952733993530277,16.857044219970703,36.8188591003418,39.11464309692383
2007-10-15,17.692476272583008,22.88926315307617,64.33706665039062,7.154347896575928,20.87938117980957,26.52750015258789,26.986501693725582,16.62647247314453,36.35923004150391,38.89914321899414
2007-10-16,17.435949325561523,22.81256103515625,64.325439453125,7.191964626312256,20.56312561035156,26.72820472717285,26.86492347717285,16.642488479614258,35.49657440185547,38.766021728515625
2007-10-17,17.22751808166504,22.635587692260746,63.88954925537109,7.216365814208984,20.101398468017575,26.43223571777344,26.83789825439453,16.39591407775879,35.376365661621094,38.474456787109375
2007-10-18,17.179418563842773,22.635587692260746,63.354888916015625,7.207215309143066,20.03815078735352,25.63962173461914,27.15586853027344,16.546417236328125,34.54198455810547,38.468109130859375
2007-10-19,16.634288787841797,22.328832626342773,61.6984977722168,7.1675639152526855,19.45623207092285,25.22459602355957,26.47933578491211,16.45995330810547,33.63689422607422,36.965911865234375
2007-10-22,16.995046615600586,22.24033737182617,62.32615280151367,7.266181945800781,19.532133102416992,25.33345413208008,26.87173080444336,16.536808013916016,33.78538131713867,36.851806640625
2007-10-23,17.195453643798828,22.57069206237793,62.16925048828125,7.329215049743652,19.557430267333984,25.438907623291016,27.135578155517575,16.594446182250977,33.78538131713867,37.20674514770508
2007-10-24,16.979000091552734,23.2727108001709,62.77946853637695,7.356664657592773,19.532133102416992,25.347063064575195,27.277633666992188,16.927492141723633,33.57326126098633,37.21944046020508
2007-10-25,16.8347225189209,23.585376739501957,64.01741027832031,7.346499919891357,19.41827392578125,24.98307228088379,27.724143981933597,17.250930786132812,33.233848571777344,37.47932815551758
2007-10-26,17.115293502807617,23.7033634185791,63.12241363525391,7.418682098388672,19.82941436767578,25.01708030700684,28.021818161010746,17.314971923828125,33.96216583251953,37.67580032348633
2007-10-29,17.451980590820312,23.42019271850586,63.48855972290039,7.418682098388672,19.86103820800781,25.200782775878903,28.299219131469727,17.436664581298828,33.92680740356445,37.846954345703125
2007-10-30,17.339750289916992,23.29041290283203,62.90735626220703,7.397334575653076,19.89899063110352,24.77895164489746,27.87975311279297,17.50070571899414,33.93387222290039,37.973731994628906
2007-10-31,17.772642135620117,23.390701293945312,63.95347595214844,7.41461706161499,19.93062210083008,25.4253044128418,28.18419075012207,17.49110221862793,34.138938903808594,38.2906379699707
2007-11-01,17.44396209716797,23.024938583374023,63.250247955322266,7.307865619659424,19.41195297241211,24.819786071777344,27.757980346679688,17.33098793029785,32.32168197631836,37.42228317260742
2007-11-02,17.660415649414062,23.07214736938477,63.99999237060547,7.331248760223389,19.228525161743164,24.92863273620605,28.24506950378418,17.30856704711914,31.897432327270508,37.61875915527344
2007-11-05,17.692476272583008,22.818470001220703,63.5815315246582,7.356664657592773,18.84901428222656,24.653091430664062,27.97447204589844,17.298965454101562,31.43073272705078,37.973731994628906
2007-11-06,18.30173683166504,22.75947380065918,63.610595703125,7.415632247924805,19.01346969604492,25.08173179626465,28.29243469238281,17.401439666748047,32.21562576293945,38.65826416015625
2007-11-07,17.71652603149414,22.762434005737305,62.81437683105469,7.318033218383789,18.55805969238281,24.14642143249512,28.170652389526367,17.212493896484375,30.62464141845703,37.42228317260742
2007-11-08,16.31363868713379,23.081771850585938,62.29132461547852,7.393269538879394,18.399921417236328,24.540414810180664,28.52244758605957,17.26694679260254,30.758989334106445,37.58073043823242
2007-11-09,15.520000457763672,22.531797409057617,63.55245208740234,7.392248153686523,17.742107391357422,23.731882095336918,28.11655044555664,17.33098793029785,31.098403930664062,36.6109619140625
2007-11-12,15.584131240844728,22.73286437988281,63.19213485717773,7.367850303649902,18.001440048217773,23.464656829833984,28.02859306335449,17.50711441040039,31.098403930664062,36.21162414550781
2007-11-13,16.449909210205078,23.1231689453125,65.2379379272461,7.406483173370361,18.41890335083008,23.50233459472656,28.58333396911621,17.648021697998047,32.7176513671875,36.851806640625
2007-11-14,16.177352905273438,23.50758171081543,65.03448486328125,7.342432022094727,18.361980438232425,23.324188232421875,28.278892517089844,17.391836166381836,32.33582305908203,37.09267807006836
2007-11-15,16.3697509765625,23.41295623779297,65.13910675048828,7.347514629364014,18.330345153808597,23.0775146484375,28.42772674560547,17.446266174316406,31.16910552978516,36.23065185546875
2007-11-16,16.674373626708984,23.63768768310547,64.72647094726562,7.440031051635742,18.38727569580078,22.882230758666992,28.55628776550293,17.680042266845703,31.374155044555664,35.57490921020508
2007-11-19,16.457929611206055,23.22961807250977,64.64510345458984,7.50713300704956,17.83066177368164,22.41629409790039,28.333011627197266,17.555147171020508,30.278154373168945,34.86188507080078
2007-11-20,16.586200714111328,23.5194034576416,63.85470962524414,7.504083156585693,18.02674102783203,22.697221755981445,28.07594490051269,17.798524856567383,30.2427978515625,34.702728271484375
2007-11-21,16.201404571533203,23.30059242248535,62.93059921264648,7.361748695373535,17.742107391357422,22.40943717956543,27.615896224975582,17.526325225830078,29.797313690185547,34.320743560791016
2007-11-23,16.281579971313477,23.49574851989746,64.51725006103516,7.418682098388672,18.311368942260746,22.78288078308105,28.373624801635746,17.76970863342285,30.511499404907227,34.80458068847656
2007-11-26,15.792562484741213,23.18822479248047,62.86668014526367,7.263134956359863,17.387903213500977,22.611581802368164,27.76473426818848,17.37261390686035,29.61348342895508,33.86237716674805
2007-11-27,15.9448823928833,22.644153594970703,62.90735626220703,7.457316398620605,17.314559936523438,22.611581802368164,27.84592056274414,17.90420150756836,30.36300468444824,34.409881591796875
2007-11-28,16.44190216064453,22.65599822998047,64.64510345458984,7.53255033493042,18.02882194519043,23.516036987304688,28.07594490051269,18.067516326904297,31.713579177856445,35.383914947509766
2007-11-29,16.4178409576416,22.05278205871582,65.33931732177734,7.724701881408691,17.780107498168945,23.43724632263184,27.101734161376957,18.253263473510746,31.55800437927246,34.93827438354492
2007-11-30,16.177352905273438,21.6387996673584,64.56339263916016,7.885333061218262,18.213769912719727,23.516036987304688,27.122039794921875,18.41657447814941,32.61865234375,36.04600143432617
2007-12-03,16.225460052490234,21.52643203735352,64.04421997070312,7.886354923248291,18.169116973876957,23.444089889526367,27.000267028808597,18.256452560424805,32.15195846557617,36.32612609863281
2007-12-04,16.057109832763672,21.177515029907227,63.6591911315918,7.87008810043335,18.36044692993164,23.32076072692871,26.42521476745605,18.41337013244629,31.614591598510746,36.05874633789063
2007-12-05,17.01107406616211,21.561920166015625,63.67084503173828,7.90973949432373,18.47524070739746,23.560577392578125,26.4996337890625,18.62472152709961,32.44674301147461,36.75267791748047
2007-12-06,17.17140769958496,21.6387996673584,64.38841247558594,7.90973949432373,18.806861877441406,23.63936424255371,26.959659576416016,18.62152671813965,32.970420837402344,37.07099151611328
2007-12-07,16.94693946838379,21.94631767272949,64.76176452636719,7.889403343200684,18.806861877441406,24.077905654907227,27.088207244873047,18.643938064575195,32.547176361083984,37.24925231933594
2007-12-10,17.347776412963867,22.023212432861328,64.59259033203125,7.950403213500977,18.87063980102539,24.27318572998047,27.067920684814453,18.86170196533203,33.45822525024414,37.86677169799805
2007-12-11,16.890823364257812,21.82213020324707,62.86576843261719,7.838570117950439,18.111730575561523,23.481773376464844,26.97319602966309,18.60230827331543,32.03066635131836,37.14738464355469
2007-12-12,17.13132667541504,21.881271362304688,63.186622619628906,7.900586605072021,18.169116973876957,23.848350524902344,26.91230773925781,18.60871696472168,31.155467987060547,36.7590446472168
2007-12-13,17.32371711730957,21.674272537231445,63.75835037231445,7.905669689178467,17.627050399780273,24.15327835083008,26.831130981445312,18.695178985595703,30.88285255432129,38.61165237426758
2007-12-14,16.995046615600586,21.6387996673584,64.45257568359375,7.810102939605713,16.982933044433594,23.77641868591309,26.51991844177246,18.41657447814941,30.244394302368164,38.18511199951172
2007-12-17,16.786609649658203,21.79254722595215,63.53668212890625,7.728768825531006,16.542896270751953,23.29677963256836,26.47257804870605,18.17960548400879,29.91442108154297,38.32514190673828
2007-12-18,17.035127639770508,22.023212432861328,63.11079788208008,7.719619750976562,16.880895614624023,23.793550491333008,26.47933578491211,18.474220275878903,29.77094078063965,38.57344055175781
2007-12-19,16.642314910888672,21.51460266113281,63.15166091918945,7.795868873596191,16.73421287536621,23.53317070007324,26.71612548828125,18.326906204223636,29.835487365722656,38.89175033569336
2007-12-20,17.71652603149414,21.437728881835938,62.84244537353516,7.891436576843262,16.75335693359375,23.91688346862793,26.2763786315918,18.44539451599121,29.70636558532715,38.63710784912109
2007-12-21,18.205541610717773,22.750600814819336,64.45257568359375,7.948926448822021,17.00206184387207,24.57124710083008,26.824369430541992,18.656747817993164,30.07223320007324,38.64983749389648
2007-12-24,18.24562263488769,23.075868606567383,64.91928100585938,7.964325428009033,17.22528076171875,24.5986442565918,27.013803482055664,18.685571670532227,30.330495834350582,39.17185974121094
2007-12-26,18.43801689147949,22.839311599731445,63.89833068847656,7.955087661743164,17.212522506713867,24.619216918945312,26.92584991455078,18.53506088256836,30.344839096069336,39.32466506958008
2007-12-27,18.4700870513916,22.6973819732666,62.84244537353516,7.82573652267456,17.07221031188965,24.18753242492676,26.831130981445312,18.24685478210449,29.74224853515625,38.955413818359375
2007-12-28,18.413970947265625,22.839311599731445,62.29405212402344,7.798015117645264,17.014820098876953,24.129295349121094,27.061147689819336,18.326906204223636,29.483991622924805,38.96177673339844
2007-12-31,18.101322174072266,22.51996612548828,61.40729522705078,7.759007930755615,17.180631637573242,24.06077003479004,26.89202117919922,17.981060028076172,29.59877014160156,39.19734191894531
2008-01-02,18.029172897338867,22.082332611083984,61.45980453491211,7.692277908325195,16.65131187438965,23.50233459472656,26.62140274047852,17.872175216674805,29.09659767150879,38.13416290283203
2008-01-03,18.52620506286621,20.73397827148437,62.96494674682617,7.739503383636475,16.466365814208984,23.23853302001953,24.875965118408203,17.763303756713867,28.91008949279785,38.32514190673828
2008-01-04,17.660415649414062,20.278614044189453,62.13069915771485,7.689195156097412,15.9179105758667,22.837690353393555,25.21421813964844,17.86577796936035,28.587270736694336,37.102813720703125
2008-01-07,17.836772918701172,20.739892959594727,61.990718841552734,7.928393363952637,16.179386138916016,22.954177856445312,25.84339714050293,18.41337013244629,28.62313842773437,36.97550964355469
2008-01-08,16.9549617767334,20.243133544921875,62.014007568359375,8.040292739868164,15.777609825134276,22.34434509277344,25.39012718200684,18.896921157836918,27.55425453186035,36.3452377319336
2008-01-09,17.32371711730957,19.95927047729492,63.31497573852539,8.131662368774414,15.771239280700684,22.27925491333008,25.16010093688965,19.226757049560547,27.79098892211914,36.669918060302734
2008-01-10,17.379831314086914,20.41463279724121,63.320796966552734,8.091621398925781,16.121992111206055,22.306655883789062,25.457773208618164,19.249174118041992,28.19270896911621,36.80997467041016
2008-01-11,16.91487693786621,19.9296989440918,63.8575325012207,8.112154006958008,15.758474349975586,21.65230178833008,24.875965118408203,19.47938346862793,27.61882209777832,36.16062927246094
2008-01-14,17.684463500976562,19.699054718017575,63.05827713012695,8.078276634216309,16.192136764526367,22.12508773803711,24.578292846679688,19.29585838317871,28.13533592224121,36.79087448120117
2008-01-15,17.083223342895508,19.521642684936523,62.31152725219727,8.054667472839355,16.179386138916016,21.32682609558105,24.368566513061523,19.2121524810791,27.174043655395508,35.99510955810547
2008-01-16,17.572223663330078,19.65766143798828,61.75732421875,7.998203277587891,16.79798698425293,21.093860626220703,25.099220275878903,19.47938346862793,27.75512313842773,36.62535095214844
2008-01-17,17.163389205932617,19.716798782348636,59.59296798706055,7.884250640869141,16.74059295654297,21.460437774658203,25.05178451538086,19.23790740966797,26.47818946838379,35.3775634765625
2008-01-18,17.2996768951416,19.93560791015625,59.43544387817383,7.742580890655518,16.759729385375977,21.26173210144043,25.017902374267575,19.1348819732666,25.803855895996094,35.205665588378906
2008-01-22,16.209428787231445,20.148509979248047,58.93373107910156,7.533154964447021,17.984182357788086,21.07329750061035,25.2618465423584,18.51024627685547,26.82253074645996,34.34621810913086
2008-01-23,16.52207374572754,20.964624404907227,59.32462310791016,7.47874641418457,19.100215911865234,21.90239143371582,25.133106231689453,18.664794921875,29.103775024414062,35.96963119506836
2008-01-24,16.52207374572754,20.69259262084961,61.78067398071289,7.688171863555908,18.85150146484375,21.85100746154785,24.523237228393555,18.371801376342773,28.62313842773437,35.77863693237305
2008-01-25,16.257522583007812,20.27269744873047,61.54148483276367,7.591672897338867,18.194629669189453,21.583776473999023,24.096330642700195,17.863082885742188,28.321853637695312,37.08372116088867
2008-01-28,16.241491317749023,20.37323760986328,62.34654235839844,7.700491428375244,18.583650588989254,22.097675323486328,24.048904418945312,18.172176361083984,29.555721282958984,37.510284423828125
2008-01-29,16.08917808532715,20.532909393310547,62.09568405151367,7.814443588256836,18.947172164916992,22.111391067504883,24.60454559326172,18.110998153686523,30.086578369140625,37.20469665527344
2008-01-30,16.249513626098633,20.296358108520508,62.1482048034668,7.853457450866699,18.736713409423828,21.88868904113769,24.40804481506348,18.01441192626953,30.280261993408203,37.02643203735352
2008-01-31,16.473966598510742,20.72216033935547,62.959110260009766,7.780566215515137,19.540254592895508,22.395736694335938,26.36637115478516,18.088462829589844,31.67196273803711,37.605751037597656
2008-02-01,16.578174591064453,21.479135513305664,63.07579040527344,7.744635105133057,19.419086456298828,23.01927375793457,27.037221908569336,18.52958106994629,32.30325698852539,38.33151626586914
2008-02-04,16.193389892578125,20.964624404907227,64.04421997070312,7.7066473960876465,18.71758270263672,22.75546646118164,26.596763610839844,18.690561294555664,31.585886001586918,38.50341033935547
2008-02-05,15.43983554840088,20.668933868408203,62.87160873413086,7.507489204406738,17.850252151489258,22.042869567871094,25.74972915649414,18.46195602416992,30.395044326782227,37.586673736572266
2008-02-06,15.776527404785156,20.41463279724121,61.60564041137695,7.469508171081543,17.633424758911133,22.149070739746094,25.98691177368164,18.587526321411133,30.36635971069336,37.35111999511719
2008-02-07,15.39173412322998,20.54473114013672,61.73982620239258,7.607072353363037,18.111730575561523,22.042869567871094,26.53578186035156,18.706653594970703,31.112398147583008,37.41476821899414
2008-02-08,15.383723258972168,20.745805740356445,61.69901657104492,7.503383636474609,17.837499618530273,22.053142547607425,26.80682945251465,18.288084030151367,30.244394302368164,36.81634521484375
2008-02-11,15.584131240844728,21.23666381835937,62.77827072143555,7.434601783752441,18.29667282104492,22.20046043395996,27.220176696777344,18.13997840881348,30.23004722595215,36.69538116455078
2008-02-12,15.56008243560791,21.431812286376957,62.54487609863281,7.435629844665527,18.098976135253903,22.292957305908203,27.34893798828125,18.01441192626953,30.717878341674805,36.62535095214844
2008-02-13,15.760497093200684,21.408164978027344,63.51333236694336,7.47874641418457,18.073467254638672,22.464252471923828,27.59287452697754,18.197940826416016,31.083740234375,37.45296096801758
2008-02-14,15.303552627563477,21.06722068786621,62.48070526123047,7.462317943572998,17.544137954711914,21.991470336914062,26.983022689819336,17.83089256286621,30.30181121826172,36.61260986328125
2008-02-15,15.303552627563477,21.031644821166992,61.69901657104492,7.445893287658691,17.550521850585938,21.87499046325684,26.915246963500977,17.885622024536133,30.631792068481445,35.67677307128906
2008-02-19,15.247441291809082,21.00199317932129,62.62073516845703,7.486959457397461,17.416595458984375,22.3512020111084,27.15242576599121,17.892059326171875,30.610261917114254,35.912330627441406
2008-02-20,15.576109886169434,21.34589958190918,62.46321487426758,7.487984657287598,17.678056716918945,21.9954833984375,27.450580596923828,17.904939651489258,30.825462341308597,35.874122619628906
2008-02-21,15.14321994781494,21.60679626464844,61.25564193725586,7.534183025360107,17.467615127563477,22.10254669189453,27.267614364624023,17.66345977783203,30.280261993408203,35.3393669128418
2008-02-22,15.1512451171875,22.181957244873047,61.32560348510742,7.555737495422363,17.709957122802734,22.23377227783203,27.21341323852539,17.560426712036133,30.560043334960938,35.99510955810547
2008-02-25,15.207351684570312,22.15823554992676,62.20655822753906,7.623494148254394,18.37957763671875,22.79325294494629,27.28116226196289,17.859867095947266,30.80394554138184,37.047462463378906
2008-02-26,15.399754524230955,22.38355827331543,61.8098258972168,7.624521255493164,18.385957717895508,22.71036148071289,27.16597366333008,17.892059326171875,30.646129608154297,37.84714126586914
2008-02-27,15.383723258972168,22.181957244873047,61.46565628051758,7.645056247711182,18.43697929382324,22.510059356689453,27.43024635314941,17.560426712036133,30.760906219482425,38.14781188964844
2008-02-28,15.56008243560791,22.23531723022461,61.59449005126953,7.574219226837158,17.671688079833984,22.06110191345215,27.73517227172852,17.4573974609375,29.713552474975582,37.85993957519531
2008-02-29,15.071084022521973,21.64830780029297,60.446475982666016,7.508516311645508,16.93190574645996,21.404939651489254,27.36248207092285,17.241674423217773,28.508358001708984,36.81076049804688
2008-03-03,15.191327095031738,21.61272430419922,60.91505813598633,7.496194362640381,17.276290893554688,21.64322853088379,27.16597366333008,17.138648986816406,28.10663414001465,37.4568977355957
2008-03-04,14.782474517822266,21.86175537109375,60.75107192993164,7.579352378845215,17.1359920501709,21.163183212280277,27.728404998779297,17.141855239868164,27.81968688964844,37.43770599365234
2008-03-05,15.071084022521973,21.511926651000977,61.33092498779297,7.690225601196289,17.065837860107422,21.322057723999023,27.29473304748535,17.058155059814453,27.389328002929688,37.75758743286133
2008-03-06,15.415785789489746,21.132448196411133,61.002925872802734,7.593726634979248,16.4281063079834,20.94561195373535,26.56289291381836,16.771595001220703,26.63804244995117,36.77238082885742
2008-03-07,15.231402397155762,21.06722068786621,60.43476867675781,7.650187492370605,16.504627227783203,20.22728538513184,26.36637115478516,16.433530807495117,26.798511505126957,36.18381118774414
2008-03-10,15.455877304077148,20.794469833374023,58.75959396362305,7.672770977020264,15.94342041015625,19.85775375366211,26.196969985961918,16.291858673095703,25.755455017089844,35.62083053588867
2008-03-11,15.64024543762207,21.55935859680176,59.54447555541992,7.725128650665283,16.860454559326172,20.627885818481445,26.92879676818848,16.375566482543945,27.513330459594727,36.43971252441406
2008-03-12,15.776527404785156,21.618656158447266,58.83575439453125,7.561902046203613,16.815401077270508,20.658973693847656,26.678075790405277,16.530113220214844,27.010046005249023,36.45249938964844
2008-03-13,15.904794692993164,21.6601619720459,59.22232818603516,7.540343761444092,17.040639877319336,20.917991638183597,27.064329147338867,16.91969871520996,27.09027862548828,36.27337646484375
2008-03-14,15.648269653320312,21.322179794311523,58.88845443725586,7.368899345397949,16.57086181640625,20.379240036010746,26.1630859375,16.542991638183594,26.03263092041016,35.908721923828125
2008-03-17,15.455877304077148,21.19173812866211,58.60145568847656,7.258931159973144,16.538684844970703,20.03042984008789,25.424474716186523,16.922924041748047,26.229572296142575,35.3265495300293
2008-03-18,16.049095153808594,21.84989356994629,59.48004150390625,7.42388391494751,17.497543334960938,20.70041275024414,26.596763610839844,17.32860565185547,28.395910263061523,36.32455825805664
2008-03-19,15.680335998535156,21.571216583251957,58.988040924072266,7.342963218688965,17.272314071655273,20.16858291625977,26.5222225189209,17.512136459350586,28.12602996826172,35.25618362426758
2008-03-20,16.097187042236328,21.808395385742188,58.60145568847656,7.289018630981445,18.057416915893555,20.389596939086918,27.003332138061523,17.921037673950195,30.53306770324707,34.731590270996094
2008-03-24,16.650331497192383,22.89347648620605,59.02902221679688,7.436332702636719,18.829647064208984,20.91107749938965,27.728404998779297,17.84698486328125,30.96345329284668,35.19219970703125
2008-03-25,16.89883804321289,22.537710189819336,59.743614196777344,7.607511520385742,18.50788307189941,21.08720588684082,27.884262084960938,17.55721092224121,29.883920669555664,35.82555389404297
2008-03-26,16.786609649658203,22.5080623626709,59.29261779785156,7.573275089263916,18.121767044067383,20.645160675048828,27.95199966430664,17.396217346191406,29.05966567993164,35.58884811401367
2008-03-27,15.576109886169434,22.09300804138184,58.5955924987793,7.596100330352783,17.883663177490234,20.57608413696289,27.70807647705078,17.241674423217773,28.184385299682617,35.18580627441406
2008-03-28,15.528020858764648,22.193809509277344,58.677616119384766,7.659380912780762,17.619813919067383,20.47248077392578,27.680944442749023,17.08713150024414,27.76862335205078,35.72960662841797
2008-03-31,15.680335998535156,22.585155487060547,58.16217041015625,7.4676408767700195,17.999488830566406,20.89727210998535,27.450580596923828,17.756832122802734,27.65192031860352,36.094234466552734
2008-04-01,16.361736297607422,23.083221435546875,59.351192474365234,7.450824737548828,18.977663040161133,21.59833335876465,27.89780044555664,17.782588958740234,29.803688049316406,36.97068786621094
2008-04-02,16.42586898803711,22.61481094360352,58.69516754150391,7.427280902862549,18.765295028686523,21.80208969116211,27.09142303466797,17.483154296875,29.395206451416016,36.86831665039063
2008-04-03,16.578174591064453,22.644441604614254,58.00402069091797,7.403731346130371,18.803903579711918,21.916065216064453,27.01012420654297,17.55721092224121,29.446260452270508,36.874732971191406
2008-04-04,16.31363868713379,22.472492218017575,59.046607971191406,7.302816390991211,18.527189254760746,22.382287979125977,27.30827140808105,17.657028198242188,28.74603271484375,37.27777099609375
2008-04-07,16.21743392944336,22.56143569946289,59.89004135131836,7.360001564025879,18.34056282043457,22.03002166748047,27.77583885192871,17.66668128967285,28.811681747436523,37.1754150390625
2008-04-08,15.968926429748535,22.306468963623047,60.61634063720703,7.208632469177246,18.134634017944336,22.05764389038086,27.701313018798828,17.38656997680664,27.994749069213867,36.58685302734375
2008-04-09,16.209428787231445,21.885475158691406,60.39376831054688,7.033710956573486,17.806440353393555,21.85043334960937,27.504783630371094,17.344707489013672,27.66650009155273,37.12424087524414
2008-04-10,16.393798828125,21.713529586791992,60.21805191040039,7.296089649200439,18.26334381103516,21.998937606811523,27.830039978027344,17.357593536376953,27.491443634033203,37.6168327331543
2008-04-11,15.904794692993164,21.39333915710449,60.335205078125,7.188450336456299,18.12820243835449,21.819358825683597,27.20662498474121,17.114484786987305,26.94439697265625,36.45889663696289
2008-04-14,15.92082691192627,21.01386070251465,60.51676559448242,7.245633125305176,17.96088981628418,21.657045364379883,26.983022689819336,17.00752067565918,25.95240020751953,36.062255859375
2008-04-15,16.177352905273438,21.120586395263672,60.39376831054688,7.302816390991211,17.973756790161133,21.76755714416504,26.96268653869629,16.825998306274414,25.95240020751953,36.12624740600586
2008-04-16,16.650331497192383,21.21545791625977,61.295780181884766,7.289362907409668,18.031667709350582,22.765628814697266,27.20662498474121,16.644481658935547,26.97357940673828,37.02826690673828
2008-04-17,16.995046615600586,21.18580818176269,61.125885009765625,7.353276252746582,18.096031188964844,22.361560821533203,27.43058013916016,16.508342742919922,27.330978393554688,36.72119522094727
2008-04-18,17.476028442382812,21.322179794311523,62.22709655761719,7.434006690979004,18.45640563964844,22.93484878540039,27.53916549682617,16.440279006958008,28.12602996826172,39.017879486083984
2008-04-21,17.44396209716797,21.22138023376465,62.42038345336914,7.454189300537109,18.64946556091309,22.57222366333008,27.22698402404785,16.37868881225586,27.433094024658203,38.6340217590332
2008-04-22,17.460006713867188,20.913055419921875,60.792083740234375,7.417188167572021,18.35344696044922,22.36501884460449,27.064119338989254,16.37544822692871,26.9881591796875,37.99427032470703
2008-04-23,17.564212799072266,21.15023231506348,63.18767929077149,7.501283168792725,18.10245704650879,21.85043334960937,27.57987594604492,16.388416290283203,26.886043548583984,37.623233795166016
2008-04-24,17.64437484741211,21.239171981811523,62.437931060791016,7.578650951385498,18.61085319519043,21.988584518432617,27.654525756835938,16.349515914916992,27.622737884521484,38.58283996582031
2008-04-25,17.307680130004883,21.414093017578125,63.04123306274414,7.299454689025879,19.164287567138672,22.39263916015625,27.77669334411621,16.621789932250977,27.93638610839844,38.697998046875
2008-04-28,17.24354362487793,21.037572860717773,62.46722030639648,7.16153621673584,19.13210868835449,21.902246475219727,27.844554901123047,16.72875213623047,27.848865509033203,38.67879104614258
2008-04-29,17.44396209716797,21.114652633666992,62.02206039428711,6.808339595794678,18.89400100708008,21.52580451965332,28.007429122924805,17.33489990234375,27.615442276000977,38.29497146606445
2008-04-30,16.714462280273438,20.66401481628418,62.109954833984375,6.727609634399414,18.53362464904785,21.19426727294922,27.39664459228516,17.0982723236084,27.382043838500977,38.00067901611328
2008-05-01,17.492067337036133,21.162090301513672,63.09395217895508,6.76797342300415,19.22220230102539,21.553438186645508,27.681671142578125,17.364070892333984,28.7314453125,38.81314849853516
2008-05-02,17.24354362487793,20.918983459472656,62.63120651245117,6.872251987457275,19.38308906555176,21.705400466918945,27.437368392944336,17.23441505432129,29.02321434020996,38.78754425048828
2008-05-05,17.27562141418457,20.990135192871094,62.449668884277344,6.966437339782715,18.90043830871582,21.84007453918457,28.3738956451416,17.179309844970703,28.42509651184082,38.76197814941406
2008-05-06,17.23554039001465,20.984207153320312,62.396934509277344,7.026987075805664,18.842517852783203,21.87116241455078,28.170289993286133,17.043167114257812,28.622034072875977,38.89630508422852
2008-05-07,16.826690673828125,20.95456314086914,62.03964614868164,7.006800651550293,18.37917709350586,21.67430877685547,28.18387222290039,16.625036239624023,27.717573165893555,37.73838806152344
2008-05-08,16.91487693786621,20.8537654876709,61.99275970458984,7.174994945526123,17.96731948852539,21.977275848388672,28.17706871032715,16.621789932250977,27.22886657714844,37.97508239746094
2008-05-09,16.8347225189209,20.74703788757324,61.99275970458984,7.043805599212647,18.00592803955078,21.618581771850582,28.054929733276367,16.783864974975586,26.73286437988281,38.12224578857422
2008-05-12,17.24354362487793,21.049428939819336,62.65463638305664,7.259087562561035,18.43067169189453,21.938966751098636,27.95313262939453,17.107999801635742,27.30908966064453,38.371726989746094
2008-05-13,17.371816635131836,21.025714874267575,63.55079650878906,7.373459815979004,18.50144386291504,22.151397705078125,27.912416458129883,17.63310432434082,26.703685760498047,38.91551208496094
2008-05-14,17.460006713867188,21.40518951416016,63.67383193969727,7.400365352630615,18.739551544189453,22.618030548095703,28.631784439086918,17.77248764038086,26.84228134155273,39.6576042175293
2008-05-15,17.532146453857422,21.67795181274414,63.87882232666016,7.514737606048584,19.00340461730957,22.85135078430176,29.310396194458008,17.78545379638672,26.77662849426269,39.9390869140625
2008-05-16,17.379831314086914,21.56528854370117,63.93738555908203,7.551736831665039,18.72668838500977,23.0672550201416,29.466493606567383,17.733579635620117,26.38274574279785,39.71739959716797
2008-05-19,17.981082916259766,21.508811950683597,64.39423370361328,7.588740825653076,18.57866477966309,22.52400779724121,29.188247680664062,17.843793869018555,26.331701278686523,40.00014114379883
2008-05-20,17.764633178710938,21.449369430541992,63.89640426635742,7.548378944396973,17.613384246826172,22.49266624450684,28.971088409423828,17.723861694335938,25.813810348510746,39.46681213378906
2008-05-21,17.64437484741211,20.97376823425293,62.64293670654297,7.524831771850586,17.330223083496094,22.08174514770508,28.48246955871582,17.620140075683594,25.259456634521484,38.6314697265625
2008-05-22,17.884876251220703,21.30669212341309,62.7249641418457,7.659379959106445,17.31734848022461,22.172286987304688,28.90321922302246,17.778968811035156,25.332406997680664,38.1495475769043
2008-05-23,17.620330810546875,20.86081314086914,62.9182243347168,7.494555950164795,17.22726058959961,21.754409790039062,28.60461807250977,17.587718963623047,24.74887084960937,37.757572174072266
2008-05-27,18.165456771850582,21.187789916992188,62.87722396850586,7.561831951141357,17.555463790893555,21.667341232299805,28.50961303710937,17.694690704345703,24.92391586303711,37.995304107666016
2008-05-28,18.269672393798828,21.1521110534668,63.07638931274414,7.51137638092041,17.65199089050293,22.064332962036133,28.808216094970703,17.53586769104004,24.70510482788086,38.0595588684082
2008-05-29,18.269672393798828,21.52189445495605,63.86431503295898,7.551736831665039,17.832178115844727,22.08174514770508,29.147544860839844,18.13875770568848,25.23756980895996,38.12384033203125
2008-05-30,18.30974769592285,21.51475524902344,64.35238647460938,7.487825870513916,17.606945037841797,21.94940948486328,29.038951873779297,18.26517677307129,24.80722045898437,38.3101692199707
2008-06-02,18.18148422241211,21.467205047607425,64.1877212524414,7.410457611083984,17.47823715209961,21.75788688659668,28.96432113647461,18.048002243041992,24.49357032775879,37.4683837890625
2008-06-03,18.36586570739746,21.60393714904785,63.40568923950195,7.393639087677002,17.578819274902344,21.38179397583008,29.378271102905277,18.064207077026367,24.296634674072266,36.71659469604492
2008-06-04,18.36586570739746,21.60393714904785,63.79377365112305,7.420551776885986,17.637222290039062,21.54198265075684,29.480070114135746,18.15171813964844,23.79092025756836,36.45314025878906
2008-06-05,18.58230972290039,21.817947387695312,63.31159591674805,7.454189300537109,18.110918045043945,21.977275848388672,29.94154930114746,18.064207077026367,23.79092025756836,36.43387222290039
2008-06-06,18.005123138427734,21.122386932373047,61.00657653808594,7.2422685623168945,17.637222290039062,21.322589874267575,28.937150955200195,17.749794006347656,22.682809829711918,34.70534133911133
2008-06-09,18.07727813720703,21.175899505615234,60.35975646972656,7.117810249328613,17.221921920776367,21.20071220397949,28.83537101745605,17.756271362304688,22.02091407775879,35.20655059814453
2008-06-10,18.037189483642575,21.22345733642578,60.55378723144531,7.1077141761779785,17.33223533630371,21.01613998413086,28.706417083740234,17.578004837036133,22.028358459472656,34.98165512084961
2008-06-11,17.692476272583008,20.997539520263672,60.38327407836914,7.066791534423828,16.8131160736084,20.89426040649414,28.06849479675293,17.341379165649414,21.45570945739746,34.86597442626953
2008-06-12,17.524137496948242,21.07483291625977,60.44204711914063,7.141825199127197,17.1829833984375,20.810680389404297,28.421396255493164,17.480758666992188,21.89448928833008,35.739891052246094
2008-06-13,18.14141082763672,21.556371688842773,61.19474792480469,7.128179550170898,17.864336013793945,21.58028030395508,28.923587799072266,17.539104461669922,22.14734268188477,36.29891586303711
2008-06-16,18.389917373657227,21.55042839050293,60.30093383789063,7.0258636474609375,17.844873428344727,21.54198265075684,28.88963890075684,17.610414505004883,22.548938751220703,36.09973907470703
2008-06-17,18.06123733520508,21.241294860839844,59.736454010009766,7.066791534423828,17.43605613708496,21.44795799255371,28.434959411621094,17.364070892333984,21.745756149291992,35.38003921508789
2008-06-18,17.989086151123047,20.88459587097168,59.36602020263672,7.063377857208252,17.228410720825195,21.13106346130371,27.98027229309082,17.214962005615234,21.09873580932617,35.09733200073242
2008-06-19,18.19752311706543,21.068893432617188,60.765472412109375,7.111130237579346,17.637222290039062,21.2320499420166,28.16351318359375,17.548826217651367,20.927682876586918,35.566410064697266
2008-06-20,17.71652603149414,20.84892463684082,60.01869583129883,7.087255001068115,17.03374671936035,20.883811950683597,28.06849479675293,17.292755126953125,20.154239654541016,34.82741928100586
2008-06-23,17.70049476623535,20.62895774841309,61.23001480102539,7.128179550170898,16.261545181274414,21.10319709777832,27.28806495666504,17.597448348999023,19.24692153930664,35.33507537841797
2008-06-24,17.820755004882812,20.20687294006348,61.11827850341797,7.199803829193115,16.42376708984375,20.577362060546875,27.45772171020508,17.422412872314453,19.797258377075195,34.96237564086914
2008-06-25,18.07727813720703,20.18309593200684,61.05358505249024,7.271428108215332,16.527584075927734,20.57387924194336,27.844554901123047,17.351102828979492,19.78982162475586,33.09248352050781
2008-06-26,17.17140769958496,19.546985626220703,58.50752258300781,7.152055263519287,16.00197982788086,19.919191360473636,26.79265594482422,17.095033645629883,18.45115852355957,31.57602882385254
2008-06-27,17.067190170288086,19.60048484802246,58.57806396484375,6.940594673156738,15.586685180664062,19.901782989501957,26.989471435546875,17.179309844970703,18.28755187988281,31.633848190307617
2008-06-30,16.8347225189209,19.32701873779297,58.01356887817383,7.012221813201904,15.19733715057373,19.9783878326416,26.853744506835938,17.169580459594727,17.752086639404297,32.30855178833008
2008-07-01,17.083223342895508,19.279460906982425,59.44245147705078,6.862154483795166,15.06106948852539,20.027143478393555,26.60263442993164,17.571517944335938,17.70746421813965,32.681243896484375
2008-07-02,16.690412521362305,18.661178588867188,58.97793960571289,6.79394006729126,14.613327980041504,19.37942695617676,26.26333236694336,17.581233978271484,16.762962341308594,31.88445281982422
2008-07-03,16.618268966674805,18.696849822998047,59.67177581787109,6.862154483795166,14.626299858093262,19.37245178222656,26.12080764770508,17.746553421020508,16.658849716186523,32.32782745361328
2008-07-07,16.906864166259766,18.84547615051269,60.34210586547852,6.99857759475708,14.483540534973145,19.37942695617676,26.317604064941406,17.565032958984375,16.0118350982666,32.50131607055664
2008-07-08,17.2996768951416,18.95843315124512,61.04182052612305,7.179337024688721,14.950759887695312,19.60578155517578,26.324398040771484,18.59579467773437,17.50666618347168,33.073204040527344
2008-07-09,16.922895431518555,19.07733154296875,60.1598014831543,7.148644924163818,14.51599407196045,19.03815078735352,26.175086975097656,18.446685791015625,16.405994415283203,32.083648681640625
2008-07-10,17.067190170288086,19.79072380065918,60.86544418334961,7.240729331970215,14.19153881072998,19.302814483642575,26.127609252929688,18.58930969238281,16.629098892211914,32.93183898925781
2008-07-11,16.802640914916992,19.45185852050781,60.377403259277344,7.250962734222412,14.003352165222168,19.299325942993164,26.222599029541016,18.406644821166992,16.115943908691406,31.68524932861328
2008-07-14,16.393798828125,19.32107353210449,59.97165298461914,7.152055263519287,13.97091579437256,19.201812744140625,26.032581329345703,18.338150024414062,14.985525131225586,31.79449462890625
2008-07-15,16.233469009399414,19.220006942749023,59.771766662597656,7.0565571784973145,13.925488471984863,19.42817497253418,25.937572479248047,18.869829177856445,13.773301124572754,30.74068069458008
2008-07-16,16.385787963867188,19.921518325805664,59.23665237426758,7.1077141761779785,14.71714973449707,19.87739944458008,26.28368377685547,18.582794189453125,16.859651565551758,31.74308204650879
2008-07-17,16.72248077392578,20.397111892700195,58.95437240600586,7.042915344238281,15.171380996704102,21.25643348693848,26.242212295532227,18.755664825439453,19.708017349243164,32.681243896484375
2008-07-18,16.979000091552734,20.319826126098636,59.38364410400391,6.974700927734375,15.21032428741455,21.16588020324707,25.399192810058597,18.781761169433597,20.444278717041016,32.55270767211914
2008-07-21,16.906864166259766,20.11769294738769,59.736454010009766,6.9133124351501465,15.002668380737305,21.2320499420166,25.609947204589844,18.52081680297852,21.240028381347656,32.025814056396484
2008-07-22,17.307680130004883,20.44466781616211,61.0830192565918,7.0258636474609375,15.541250228881836,21.45492935180664,26.344188690185547,18.81764030456543,24.05864715576172,33.619407653808594
2008-07-23,17.23554039001465,20.6170711517334,62.82351303100586,7.233912467956543,16.24207305908203,21.653413772583008,26.514142990112305,18.58930778503418,24.869287490844727,33.882850646972656
2008-07-24,16.794628143310547,20.08202171325684,61.59458923339844,7.09748649597168,15.586685180664062,21.24249839782715,25.88868522644043,18.57952308654785,22.78693008422852,33.015380859375
2008-07-25,16.794628143310547,19.95123863220215,61.51816177368164,7.186163902282715,15.443918228149414,21.061403274536133,26.065444946289062,18.72957420349121,21.99860000610352,32.66838455200195
2008-07-28,16.61025047302246,19.725330352783203,60.7713508605957,7.128179550170898,15.028619766235352,20.75147819519043,25.263227462768555,18.33488655090332,20.868183135986328,32.14790344238281
2008-07-29,17.179418563842773,20.11769294738769,61.10651779174805,7.288484573364258,15.787846565246582,20.98479461669922,26.031455993652344,18.24681282043457,23.961977005004883,33.11178207397461
2008-07-30,17.083223342895508,20.30198860168457,61.23001480102539,7.401031970977783,15.404986381530762,21.47580909729004,26.22180557250977,18.54364585876465,24.99571418762207,33.69008255004883
2008-07-31,17.259580612182617,20.414939880371094,61.34762191772461,6.940594673156738,15.463385581970217,21.117128372192383,24.81452178955078,18.37729263305664,24.46768951416016,32.66838455200195
2008-08-01,17.23554039001465,20.171199798583984,61.13594818115234,7.128179550170898,15.508810997009276,20.59476661682129,24.30463981628418,18.289220809936523,24.7874698638916,32.771202087402344
2008-08-04,17.035127639770508,20.414939880371094,61.50636672973633,7.186163902282715,15.502326011657717,20.30573272705078,24.61736869812012,18.67737579345703,24.259445190429688,32.48848342895508
2008-08-05,17.804712295532227,21.086719512939453,63.56441116333008,7.288484573364258,16.151226043701172,21.06837654113769,25.52157592773437,19.150346755981445,24.97339630126953,33.13746643066406
2008-08-06,18.325788497924805,21.28885078430176,63.14694595336914,7.244141578674316,16.157712936401367,21.576801300048828,25.49437713623047,19.17318344116211,24.87671661376953,32.93183898925781
2008-08-07,18.23760414123535,20.94999122619629,63.67618179321289,7.124766826629639,15.88518524169922,21.524126052856445,25.344806671142575,19.03618621826172,23.44138526916504,32.083648681640625
2008-08-08,18.854883193969727,21.728782653808597,65.89295959472656,7.1452317237854,17.11160659790039,22.244050979614254,26.255809783935547,19.254728317260746,23.984281539916992,32.976829528808594
2008-08-11,18.50214958190918,21.829843521118164,66.37512969970703,7.244141578674316,17.851364135742188,22.60577392578125,26.201416015625,19.212329864501957,24.82466697692871,33.131046295166016
2008-08-12,18.35785484313965,22.055753707885746,67.2630386352539,7.404441833496094,17.831890106201172,22.563627243041992,25.868288040161133,19.2058048248291,23.15133476257324,33.00251388549805
2008-08-13,18.446025848388672,21.942798614501957,66.42809295654297,7.349869728088379,17.20894432067871,22.27566719055176,25.85469627380371,19.06554412841797,21.46314239501953,32.694091796875
2008-08-14,18.590341567993164,22.09142303466797,66.55155944824219,7.298710346221924,17.6307315826416,22.187868118286133,25.89548683166504,19.147083282470703,22.44481658935547,32.63626480102539
2008-08-15,18.486120223999023,22.156814575195312,68.60372161865234,7.366923809051514,17.864336013793945,22.676006317138672,26.23540687561035,19.44718170166016,22.831544876098636,32.72622299194336
2008-08-18,18.25362968444824,22.13445472717285,67.76874542236328,7.278247833251953,17.494457244873047,22.563627243041992,26.024656295776367,19.23189163208008,21.79036903381348,32.3418083190918
2008-08-19,18.08529090881348,21.69915199279785,68.05687713623047,7.155467510223389,16.845558166503906,22.15626335144043,25.589555740356445,19.199277877807617,20.8830623626709,31.69574737548828
2008-08-20,18.165456771850582,21.36522674560547,67.18072509765625,7.158875942230225,16.852046966552734,22.27566719055176,25.37200164794922,19.029659271240234,21.782934188842773,31.32750701904297
2008-08-21,17.876855850219727,21.603748321533203,67.64523315429688,7.131591320037842,17.241392135620117,21.945545196533203,25.399192810058597,18.931804656982425,21.59701538085937,31.495466232299805
2008-08-22,18.19752311706543,21.746850967407227,68.07449340820312,7.135001659393311,17.591796875,21.93149948120117,25.58275604248047,19.07533264160156,22.46713256835937,32.17383575439453
2008-08-25,17.804712295532227,21.20423698425293,67.18660736083984,7.094075679779053,17.234901428222656,21.54167938232422,24.90970039367676,18.840471267700195,21.53751373291016,31.36626243591309
2008-08-26,17.756614685058594,21.21615982055664,67.9686508178711,7.087255001068115,17.53339958190918,21.682159423828125,25.106861114501957,18.77849578857422,21.582136154174805,31.618227005004883
2008-08-27,17.908918380737305,21.03727149963379,68.15095520019531,7.032683372497559,17.6307315826416,21.7453727722168,25.20884132385254,18.82743263244629,22.05066299438477,31.7474365234375
2008-08-28,18.149423599243164,21.77667999267578,70.57646942138672,7.175930500030518,17.792959213256836,22.303756713867188,25.154451370239254,19.16340065002441,23.37444496154785,32.509788513183594
2008-08-29,17.580244064331055,21.72300720214844,68.71748352050781,7.172519207000732,17.598285675048828,22.07547950744629,24.88250160217285,18.732824325561523,23.15877342224121,32.41288757324219
2008-09-02,17.27562141418457,21.466602325439453,69.30765533447266,7.281660556793213,18.367128372192383,22.928861618041992,25.33802032470703,19.248201370239254,24.266889572143555,32.432281494140625
2008-09-03,16.987022399902344,21.418893814086918,68.69389343261719,7.250962734222412,19.191585540771484,23.4345703125,25.46038818359375,18.895925521850582,25.002704620361328,31.753894805908203
2008-09-04,15.976945877075195,20.83452033996582,67.17130279541016,7.046325206756592,18.69429397583008,23.01666641235352,24.8077335357666,18.45231819152832,23.212465286254883,31.004470825195312
2008-09-05,16.08917808532715,20.625825881958008,68.29258728027344,7.1452317237854,18.70738410949707,22.85862922668457,24.37942695617676,18.595834732055664,24.448944091796875,30.83003807067871
2008-09-08,15.43983554840088,21.466602325439453,69.53780364990234,7.152055263519287,19.734676361083984,23.125518798828125,25.48077774047852,19.05574989318848,26.345399856567383,31.398557662963867
2008-09-09,15.367682456970217,21.0074462890625,68.3929214477539,7.046325206756592,19.073810577392575,22.6900634765625,24.766939163208008,18.749135971069336,24.66893196105957,30.46823501586914
2008-09-10,15.3596773147583,21.31752586364746,67.33061981201172,7.0804290771484375,19.04109001159668,22.78487777709961,25.052478790283203,18.886137008666992,24.577903747558597,30.72666549682617
2008-09-11,15.511981964111328,21.866113662719727,67.92669677734375,7.243239879608154,19.302827835083008,23.413503646850582,25.603147506713867,19.34606170654297,25.07857322692871,30.771883010864254
2008-09-12,15.720419883728027,21.508337020874023,69.20731353759766,7.3298420906066895,18.84479141235352,23.7998104095459,25.589555740356445,19.27430725097656,25.59440040588379,30.72020530700684
2008-09-15,15.239421844482422,20.435014724731445,65.9142837524414,7.243239879608154,18.648483276367188,23.399452209472656,24.828123092651367,19.07533264160156,20.14021873474121,29.667116165161133
2008-09-16,15.199336051940918,19.96393585205078,66.11491394042969,7.149711608886719,18.046510696411133,23.652299880981445,24.562986373901367,19.5091495513916,22.41595268249512,29.68651580810547
2008-09-17,14.509917259216309,19.05756378173828,62.573997497558594,6.882984638214111,16.76401138305664,23.35380172729492,23.80155563354492,18.67412567138672,20.633298873901367,28.284563064575195
2008-09-18,15.030988693237305,19.58230972290039,67.17130279541016,7.00422477722168,17.634273529052734,23.63825798034668,24.549379348754883,18.94485282897949,23.19729804992676,28.452512741088867
2008-09-19,16.08917808532715,19.653867721557617,65.43624877929688,7.115073204040527,17.90909767150879,23.518856048583984,24.549379348754883,19.150346755981445,28.43148422241211,29.27948760986328
2008-09-22,15.8326416015625,18.93831443786621,63.85463333129883,6.94187068939209,16.76401138305664,22.756776809692383,23.808349609375,18.638233184814453,25.905418395996094,28.16826057434082
2008-09-23,15.784549713134766,18.69383811950684,63.45922470092773,6.851809501647949,16.528451919555664,21.850730895996094,22.88374710083008,19.085111618041992,25.26062774658203,27.89692497253418
2008-09-24,15.992981910705566,18.85483169555664,63.530029296875,6.886446475982666,16.37141227722168,20.97978401184082,22.50303268432617,19.196014404296875,25.08614921569824,27.244407653808597
2008-09-25,16.409841537475586,19.158945083618164,65.2178955078125,7.0942888259887695,16.881790161132812,21.47847557067871,23.3868408203125,19.352588653564453,26.072296142578125,28.006746292114254
2008-09-26,16.53008270263672,19.516714096069336,66.42179107666016,7.23630952835083,17.313655853271484,21.57680320739746,23.781152725219727,19.37542724609375,27.839784622192383,28.536529541015625
2008-09-29,15.047024726867676,18.48512840270996,64.90510559082031,6.702856063842773,16.35177993774414,20.24581527709961,22.210693359375,18.72304916381836,22.94696044921875,26.081485748291016
2008-09-30,16.281579971313477,18.461280822753903,64.72216796875,6.872590065002441,16.940683364868164,20.48110580444336,22.88374710083008,18.781761169433597,26.550203323364254,26.84384536743164
2008-10-01,15.92082691192627,17.733797073364258,64.23822784423828,7.118535995483398,16.960308074951172,20.34063148498535,22.95853042602539,19.013357162475582,28.924560546875,25.63569450378418
2008-10-02,15.62421417236328,17.364093780517578,61.53533554077149,6.955730438232422,16.26671600341797,19.557491302490234,22.210693359375,19.212329864501957,27.58945846557617,24.62137985229492
2008-10-03,15.61620044708252,16.67239761352539,61.97203826904297,7.028473377227783,15.579671859741213,19.35379981994629,21.70760536193848,19.085111618041992,26.155738830566406,24.44695281982422
2008-10-06,14.67025375366211,16.421955108642578,60.56157684326172,6.69592809677124,14.931877136230469,19.199275970458984,20.742223739624023,18.39686584472656,24.441362380981445,23.206514358520508
2008-10-07,13.451741218566896,15.944916725158691,58.42523193359375,6.415340423583984,14.323348999023438,17.791034698486328,19.80402374267578,18.227245330810547,18.031381607055664,22.579832077026367
2008-10-08,13.531899452209473,15.610981941223145,57.83505630493164,6.26985502243042,13.852230072021484,17.8999080657959,20.286725997924805,18.0347957611084,16.76456069946289,22.017765045166016
2008-10-09,12.994791984558104,15.07432460784912,54.29413604736328,6.020445823669434,13.040857315063477,16.60051155090332,20.65384292602539,16.390819549560547,14.89086627960205,20.27985572814941
2008-10-10,13.371572494506836,13.84595775604248,51.62664031982422,5.94423770904541,12.923072814941406,16.259862899780273,20.993770599365234,16.24626922607422,15.83150863647461,19.76947593688965
2008-10-13,15.11917781829834,14.662883758544922,53.26728057861328,6.917623996734619,14.20556640625,17.90692138671875,21.551239013671875,17.810108184814453,17.28797721862793,21.59782600402832
2008-10-14,14.181235313415527,13.869811058044434,56.51904678344727,6.772134304046631,13.786794662475586,17.654062271118164,20.13035011291504,17.997371673583984,20.12506103515625,20.73856544494629
2008-10-15,12.786365509033203,13.064812660217283,51.62074279785156,6.259461879730225,12.975419998168944,15.624217987060549,18.151994705200195,17.701688766479492,18.069305419921875,18.78745460510254
2008-10-16,13.620083808898926,14.018879890441896,54.65413665771485,6.5816144943237305,12.890357971191406,17.942045211791992,19.11738586425781,18.19450569152832,18.39549446105957,19.982667922973636
2008-10-17,13.644132614135742,13.893662452697754,53.55644226074219,6.692462921142578,13.224074363708496,16.91657257080078,18.339767456054688,18.22078895568848,17.629335403442383,18.97481346130371
2008-10-20,14.55801773071289,14.680774688720703,55.01414489746094,7.0527215003967285,13.597042083740234,17.73484230041504,19.661922454833984,18.907440185546875,18.5092887878418,19.2009334564209
2008-10-21,14.181235313415527,14.519766807556152,49.68505859375,6.713247776031494,13.42691135406494,17.439851760864258,20.28211212158203,18.39491081237793,18.183094024658203,18.63886260986328
2008-10-22,13.764379501342772,13.929441452026367,47.0765495300293,6.682070732116699,12.739866256713867,16.400333404541016,19.661922454833984,17.695117950439453,17.18935203552246,17.9928035736084
2008-10-23,13.58801555633545,13.911550521850586,46.99982833862305,6.782526969909668,12.471586227416992,16.277420043945312,19.675552368164062,18.07622337341309,17.447275161743164,18.658246994018555
2008-10-24,12.986778259277344,13.470293998718262,44.75727844238281,6.657822132110596,12.11170482635498,15.841955184936523,18.925874710083008,17.839675903320312,15.983223915100098,17.54701805114746
2008-10-27,12.64206600189209,12.760696411132812,42.868778228759766,6.394556999206543,12.373432159423828,15.409998893737791,16.642772674560547,17.468429565429688,15.573594093322754,16.939716339111328
2008-10-28,14.125125885009766,14.883505821228027,47.37754440307617,6.765207290649414,14.113967895507812,16.80420684814453,18.95994758605957,18.069656372070312,17.462448120117188,18.929588317871094
2008-10-29,13.86057949066162,14.156033515930176,46.39197540283203,6.630110740661621,14.16631031036377,16.811214447021484,17.93085289001465,17.796968460083008,16.93144416809082,18.722848892211918
2008-10-30,14.686285972595217,15.026616096496582,48.49882507324219,6.637038230895996,14.866443634033203,17.27829933166504,19.982236862182617,17.92509651184082,17.2803955078125,19.46581268310547
2008-10-31,14.662226676940918,15.181663513183594,50.19255828857422,6.647429943084717,15.43571949005127,17.4117488861084,20.888654708862305,18.118932723999023,18.33481216430664,19.67255401611328
2008-11-03,14.69429874420166,14.67480754852295,49.561126708984375,6.626646041870117,14.53927516937256,17.569782257080078,21.011335372924805,18.398191452026367,17.91001319885254,19.969751358032227
2008-11-04,15.1512451171875,15.277060508728027,50.70011901855469,6.612791538238525,15.304849624633787,18.09305000305176,21.65196990966797,18.532894134521484,18.60790061950684,21.190797805786133
2008-11-05,14.28545093536377,14.585366249084473,49.803070068359375,6.318349838256836,14.493468284606934,16.93413734436035,20.915918350219727,18.1287899017334,16.499061584472656,20.021432876586918
2008-11-06,13.507850646972656,14.001002311706545,45.33561325073242,6.113973617553711,13.69518756866455,15.861773490905762,20.34343719482422,17.655696868896484,15.262571334838867,18.2447566986084
2008-11-07,14.05297565460205,14.239514350891112,46.47459411621094,6.228285312652588,13.78025245666504,16.62165641784668,20.65012550354004,18.168212890625,15.543240547180176,18.968351364135746
2008-11-10,14.07702350616455,14.0665864944458,45.74281311035156,6.172861576080322,13.5708646774292,16.351789474487305,20.23439598083496,18.19450569152832,14.777091979980469,18.69700050354004
2008-11-11,13.86057949066162,14.09640407562256,43.91334533691406,6.0031256675720215,13.420369148254396,16.287878036499023,19.675552368164062,18.125511169433597,14.177806854248049,17.689151763916016
2008-11-12,13.203224182128906,13.71477508544922,42.31401824951172,5.7433247566223145,12.955791473388672,15.691329002380373,19.300710678100582,17.905380249023438,12.895809173583984,17.26275062561035
2008-11-13,14.20529079437256,14.710986137390137,44.38547897338867,5.777966022491455,14.54582691192627,17.179149627685547,20.943178176879883,18.77272605895996,12.971673965454102,18.600101470947266
2008-11-14,13.547932624816896,14.039849281311035,42.64451217651367,5.632477283477783,13.440003395080566,16.1138858795166,19.975425720214844,18.0893669128418,12.455839157104492,17.669769287109375
2008-11-17,13.155129432678224,13.57245922088623,41.8950080871582,5.611690521240234,13.086664199829102,15.662919998168944,19.25981903076172,18.174785614013672,11.401412963867188,16.99786949157715
2008-11-18,13.644132614135742,14.231605529785156,43.15203094482422,5.874956607818604,13.551234245300291,15.748144149780272,19.64146614074707,18.585464477539062,11.522787094116213,17.223106384277344
2008-11-19,12.826451301574709,13.788177490234377,40.91535949707031,5.71561336517334,12.929619789123535,14.626070976257324,18.97357940673828,17.911962509155273,9.907020568847656,15.917338371276855
2008-11-20,12.345453262329102,13.69229793548584,40.112754821777344,5.005491733551025,12.118250846862791,13.131150245666504,18.26479721069336,16.541954040527344,8.53399658203125,15.453789710998535
2008-11-21,13.131073951721191,13.87806510925293,42.892372131347656,5.365748882293701,12.622082710266112,13.677987098693848,17.985370635986328,16.92633819580078,8.700882911682129,16.57022476196289
2008-11-24,13.339502334594728,14.459309577941896,42.92778396606445,5.344963550567627,14.015812873840332,14.803610801696776,19.34160041809082,16.683218002319336,11.06764316558838,17.099063873291016
2008-11-25,12.81040859222412,14.267562866210938,43.09892654418945,5.4731316566467285,14.55890941619873,15.101883888244627,18.95313262939453,16.827777862548828,11.22694492340088,16.89666748046875
2008-11-26,12.938674926757812,14.722966194152832,43.7353515625,5.497380256652832,15.40954303741455,15.584802627563477,19.02129173278809,16.877059936523438,11.70484447479248,17.673603057861328
2008-11-28,12.898598670959473,14.82483959197998,45.86473083496094,5.570124626159668,15.121628761291504,15.595455169677734,19.716432571411133,17.212167739868164,12.32687759399414,18.189388275146484
2008-12-01,12.401571273803713,13.818142890930176,42.27215194702149,5.286074638366699,13.878402709960938,14.057926177978516,18.44881248474121,16.47623634338379,9.747716903686523,16.968494415283203
2008-12-02,12.658098220825195,14.171680450439451,43.79483795166016,5.227188587188721,14.450465202331545,14.842666625976562,18.455623626708984,17.074180603027344,10.900753021240234,17.3602237701416
2008-12-03,12.930663108825684,14.39339828491211,45.74577713012695,5.3692121505737305,15.052301406860352,15.300736427307127,17.944480895996094,17.46186065673828,11.67661190032959,17.30145835876465
2008-12-04,12.377519607543944,14.663050651550291,45.888519287109375,5.206402778625488,15.35651683807373,14.938543319702148,18.38747787475586,17.09389305114746,11.125750541687012,16.63551139831543
2008-12-05,13.082975387573242,15.543911933898926,47.69670867919922,5.196010112762451,16.136913299560547,15.44631290435791,19.00083541870117,17.330442428588867,11.824018478393556,17.32756996154785
2008-12-08,13.660165786743164,15.771618843078612,48.56510543823242,5.196010112762451,16.037708282470703,16.266576766967773,19.39612197875977,17.38629150390625,13.841238021850586,17.764999389648438
2008-12-09,13.580001831054688,15.53193473815918,48.04169845581055,5.171763896942139,15.343295097351074,15.797855377197266,19.266639709472656,17.074180603027344,13.150727272033691,18.07186889648437
2008-12-10,13.94074535369873,15.789593696594238,47.101898193359375,5.216794967651367,16.064159393310547,15.890176773071287,19.825483322143555,16.92633819580078,12.949005126953123,18.874910354614254
2008-12-11,13.195205688476562,15.699710845947266,45.32345581054688,5.202941417694092,15.204404830932615,15.130293846130373,19.627838134765625,16.76535415649414,11.567988395690918,18.61375999450684
2008-12-12,13.499832153320312,15.669750213623049,46.2751350402832,5.313790321350098,15.521855354309082,15.584802627563477,19.389307022094727,16.67336082458496,11.583505630493164,18.90102195739746
2008-12-15,13.18718719482422,15.44803237915039,45.12123107910156,5.26875638961792,15.482168197631836,15.464068412780762,19.068998336791992,16.96576690673828,10.947306632995604,20.095800399780277
2008-12-16,13.844549179077148,15.86748504638672,46.637962341308594,5.036666393280029,16.08400535583496,16.3162841796875,18.905426025390625,17.46514892578125,11.71540641784668,21.414630889892575
2008-12-17,13.419665336608888,15.418067932128906,46.93536376953125,5.081698894500732,16.335311889648438,15.801410675048828,18.067157745361328,17.103755950927734,11.34299087524414,21.42769432067871
2008-12-18,13.315455436706545,15.424062728881836,46.7747688293457,5.258363246917725,16.16997718811035,15.16224479675293,18.585115432739254,17.080751419067383,10.830923080444336,21.36239242553711
2008-12-19,14.25338649749756,15.627795219421388,47.58961486816406,5.293004035949707,16.017866134643555,14.721940994262695,18.373842239379883,17.172740936279297,10.706795692443848,21.342817306518555
2008-12-22,14.044960975646973,14.968653678894045,46.9412841796875,5.2116289138793945,15.693803787231444,14.100539207458496,18.339767456054688,17.317296981811523,10.49731159210205,20.827037811279297
2008-12-23,13.868595123291016,14.429346084594728,46.5606575012207,5.208090305328369,15.621053695678713,13.823567390441896,18.073976516723636,17.23515510559082,9.892141342163086,20.702991485595703
2008-12-24,13.884628295898438,14.447324752807615,47.1197509765625,5.271775245666504,15.693803787231444,13.788061141967772,18.42835998535156,17.29759407043457,10.49731159210205,20.787864685058597
2008-12-26,13.972810745239258,14.273550987243652,48.243919372558594,5.328386306762695,15.581371307373049,13.986902236938477,18.21709442138672,17.251590728759766,10.3654146194458,20.872737884521484
2008-12-29,13.804461479187012,14.171680450439451,47.904876708984375,5.374381065368652,15.449104309082031,13.788061141967772,18.55785179138184,17.139894485473633,10.039555549621582,20.376543045043945
2008-12-30,14.29347038269043,14.345459938049316,50.13535690307617,5.423913955688477,15.28376007080078,14.370403289794922,19.307518005371094,17.46514892578125,10.272311210632324,21.27753257751465
2008-12-31,14.213301658630373,14.782893180847168,50.01044464111328,5.328386306762695,15.224247932434082,15.06637191772461,19.586952209472656,17.534141540527344,10.924030303955078,21.434215545654297
2009-01-02,14.7584228515625,15.310214042663574,50.88479232788086,5.37791919708252,15.958344459533691,15.464068412780762,20.02312469482422,17.5965576171875,11.117995262145996,22.62900161743164
2009-01-05,14.501903533935549,16.08321189880371,49.8736572265625,5.441604137420654,16.341928482055664,15.368196487426758,20.30936622619629,17.294307708740234,10.846442222595217,22.511474609375
2009-01-06,14.74239730834961,16.005313873291016,50.02234649658203,5.360227108001709,16.705665588378906,15.989605903625488,20.00268173217773,16.729217529296875,11.079203605651855,23.529985427856445
2009-01-07,14.149169921875,16.197065353393555,48.67216873168945,5.338998317718506,16.249345779418945,15.318493843078612,20.02994728088379,16.637229919433594,10.636963844299316,22.491893768310547
2009-01-08,14.125125885009766,16.08321189880371,48.0654525756836,5.342539310455322,16.13029670715332,15.691329002380373,19.99586677551269,16.821208953857422,10.505067825317385,22.58983612060547
2009-01-09,13.91669464111328,15.669750213623049,48.03572082519531,5.476985454559326,15.779780387878418,15.378854751586914,17.508304595947266,16.811349868774414,10.07834815979004,22.28949546813965
2009-01-12,13.668185234069824,15.519936561584473,47.381465911865234,5.586665153503418,15.191179275512695,15.119641304016112,16.990346908569336,16.446672439575195,8.868019104003906,22.04793930053711
2009-01-13,13.740327835083008,15.621806144714355,47.73237609863281,5.738804817199707,14.886963844299316,14.80716037750244,18.189830780029297,16.565805435180664,8.26285457611084,21.79330825805664
2009-01-14,13.115044593811035,15.663752555847168,46.86993408203125,5.72465181350708,14.490152359008787,14.29938793182373,17.651430130004883,16.370561599731445,7.913717269897461,20.89232444763184
2009-01-15,13.251322746276855,16.11916732788086,47.27439498901367,5.791877269744873,15.085366249084473,14.704187393188477,17.828628540039062,16.287830352783203,6.45510721206665,21.30364799499512
2009-01-16,13.555957794189451,16.12515640258789,48.868446350097656,5.958167552947998,15.343295097351074,14.711289405822754,18.28524208068848,16.51947593688965,5.5706329345703125,21.50603675842285
2009-01-20,12.906615257263184,15.543911933898926,46.768798828125,6.071387767791748,14.54305362701416,14.06147575378418,17.84906578063965,16.281206130981445,3.9568586349487305,20.585472106933597
2009-01-21,13.539917945861816,15.777606964111328,47.60153579711914,6.004162788391113,14.73484230041504,14.366854667663574,18.0103702545166,17.31368637084961,5.1827073097229,21.146955490112305
2009-01-22,13.34751796722412,16.059242248535156,50.60524368286133,6.000623226165772,14.529824256896973,13.951403617858888,18.68704605102539,17.542015075683594,4.430129528045654,20.872737884521484
2009-01-23,13.451741218566896,16.137144088745117,48.16659927368164,5.958167552947998,14.364494323730469,13.922992706298828,18.95361328125,17.47582244873047,4.841333389282227,21.02943229675293
2009-01-26,13.596035957336426,16.059242248535156,49.08257293701172,5.90509557723999,15.032455444335938,13.795160293579102,19.090314865112305,17.886165618896484,4.655127048492432,21.66272735595703
2009-01-27,13.852556228637695,16.17908477783203,49.05879211425781,5.990011215209961,14.629030227661133,13.894586563110352,18.8579216003418,17.99868392944336,5.043053150177002,22.139339447021484
2009-01-28,14.301485061645508,16.712398529052734,49.1122932434082,5.944016456604004,15.211020469665527,14.526638984680176,19.199670791625977,18.18730354309082,5.733565807342529,22.66165351867676
2009-01-29,14.101073265075684,16.712398529052734,49.43350601196289,5.958167552947998,14.549668312072754,13.983356475830078,18.70755386352539,18.33622360229492,5.260293960571289,21.329761505126957
2009-01-30,13.491820335388184,16.424768447875977,48.797061920166016,5.852026462554932,14.238842964172363,13.344202995300291,18.372634887695312,18.34614372253418,5.105121612548828,21.421167373657227
2009-02-02,13.547932624816896,16.191070556640625,47.095947265625,5.90509557723999,14.265297889709473,13.312240600585938,18.311124801635746,18.3891716003418,4.655127048492432,20.781333923339844
2009-02-03,13.668185234069824,16.62850570678711,47.524208068847656,5.990011215209961,14.496769905090332,13.138249397277832,18.734886169433597,18.855762481689453,4.112029075622559,20.68993377685547
2009-02-04,13.7964448928833,16.17908477783203,48.21414566040039,5.926324367523193,14.371106147766112,12.950051307678224,18.782739639282227,18.50166893005371,3.646516084671021,21.12084197998047
2009-02-05,14.125125885009766,16.520647048950195,48.54724884033203,5.827258586883545,14.814216613769531,13.372607231140137,19.520923614501957,18.706846237182617,3.7551357746124263,21.231821060180664
2009-02-06,14.405696868896484,16.87419319152832,47.20896911621094,6.000623226165772,15.561532974243164,13.891033172607422,19.84900665283203,18.91201400756836,4.755989074707031,21.832481384277344
2009-02-09,14.469833374023438,16.778308868408203,48.475887298583984,5.947553634643555,15.27054214477539,13.94074535369873,19.602947235107425,18.945106506347656,5.345637798309326,21.904300689697266
2009-02-10,14.093050956726074,16.203052520751953,46.38814926147461,5.827258586883545,14.688557624816896,13.276732444763184,19.0014591217041,18.461963653564453,4.313749313354492,20.872737884521484
2009-02-11,14.269420623779297,16.113170623779297,46.09075546264648,5.827258586883545,14.642260551452637,13.26607894897461,18.8989372253418,18.43218421936035,4.7094340324401855,21.016372680664062
2009-02-12,14.06900691986084,16.173099517822266,46.02531051635742,5.855562210083008,14.536443710327148,13.109838485717772,19.18600845336914,18.57448387145996,4.554265022277832,20.807456970214844
2009-02-13,14.20529079437256,15.723301887512209,46.67364501953125,5.632662296295166,14.033822059631348,12.857728958129885,18.775903701782227,18.180683135986328,4.321508407592773,21.584381103515625
2009-02-17,13.596035957336426,15.32014274597168,44.990379333496094,5.508829593658447,13.18729019165039,12.207921028137209,18.659704208374023,17.846464157104492,3.801687240600586,20.39613151550293
2009-02-18,13.820496559143066,15.428452491760254,45.817142486572266,5.494676113128662,13.094704627990724,12.294471740722656,18.447813034057617,17.935808181762695,3.545654535293579,19.96957397460937
2009-02-19,13.491820335388184,15.542777061462402,45.89445495605469,5.554823398590088,13.332789421081545,12.056447982788086,19.62345123291016,18.0218448638916,3.0491085052490234,19.930015563964844
2009-02-20,13.275371551513672,15.09147834777832,46.245384216308594,5.46990966796875,12.869843482971191,11.782354354858398,19.01512718200684,17.879547119140625,2.940488576889038,19.01361846923828
2009-02-23,12.714215278625488,14.525851249694824,43.93758010864258,5.324848651885986,12.37382984161377,11.208928108215332,18.42047691345215,17.671077728271484,3.033590316772461,18.288414001464844
2009-02-24,13.17917537689209,14.664247512817385,44.27661895751953,5.438068389892578,13.670073509216309,11.71383285522461,18.42731666564941,18.1145133972168,3.6697919368743896,18.95429229736328
2009-02-25,13.018840789794922,14.152776718139648,41.90932846069336,5.452219009399414,13.431991577148438,11.533507347106934,18.078733444213867,17.743873596191406,4.003409385681152,18.631244659423828
2009-02-26,12.650080680847168,14.020394325256348,41.33367156982422,5.349613666534424,13.65023708343506,11.338759422302246,17.68228530883789,16.737882614135742,4.1275482177734375,18.169750213623047
2009-02-27,12.457687377929688,14.357366561889648,37.84372329711914,5.462833881378174,13.815577507019045,11.201714515686035,17.59343719482422,15.665699005126951,3.064625740051269,17.688467025756836
2009-03-02,12.185120582580566,13.98428440093994,35.9548454284668,5.331923007965088,13.174066543579102,10.833853721618652,17.33370590209961,15.566424369812012,2.8163516521453857,16.455625534057617
2009-03-03,12.032809257507324,13.701471328735352,35.58903884887695,5.172708034515381,12.492877006530762,10.747296333312988,16.814239501953125,15.162704467773438,2.831868886947632,16.284204483032227
2009-03-04,11.99272346496582,13.70749282836914,37.14812850952149,5.331923007965088,12.57224464416504,11.151222229003906,17.48406982421875,15.612762451171877,2.7929694652557373,16.719335556030273
2009-03-05,11.648014068603516,13.141855239868164,35.924861907958984,5.537132263183594,12.003482818603516,10.271244049072266,16.875757217407227,15.235514640808104,2.4662153720855717,15.763373374938965
2009-03-06,11.599918365478516,13.29229736328125,35.28921890258789,5.561898231506348,11.904279708862305,10.61025047302246,16.718549728393555,15.516789436340332,2.44287633895874,15.558996200561523
2009-03-09,11.102892875671388,12.937265396118164,34.92344665527344,5.611433029174805,12.056385040283203,10.639102935791016,16.390472412109375,15.43737506866455,2.917447090148926,15.315070152282717
2009-03-10,12.096942901611328,13.599181175231934,35.385162353515625,5.873254299163818,13.003891944885254,11.789568901062012,17.03296661376953,15.546571731567385,3.726554393768311,16.76547622680664
2009-03-11,12.297356605529783,13.623250961303713,34.887474060058594,5.798952579498291,13.17798900604248,11.868908882141112,17.238012313842773,14.71596336364746,3.83547043800354,17.576393127441406
2009-03-12,12.52983283996582,14.098617553710938,36.5904541015625,5.88194751739502,13.613236427307127,12.384638786315918,17.85317039489746,15.43737506866455,4.551218032836914,18.01810836791992
2009-03-13,12.473718643188477,14.369396209716797,36.69839477539063,6.019075393676758,13.867692947387695,11.901371955871582,18.133411407470703,15.503546714782717,4.481198310852051,17.754396438598633
2009-03-16,11.94462776184082,14.104634284973145,38.74320602416992,6.102073192596436,13.48601245880127,11.879733085632324,18.358964920043945,15.834465026855469,4.807953834533691,17.840106964111328
2009-03-17,12.345453262329102,14.622124671936035,39.372833251953125,6.213937759399414,14.383291244506836,12.25119686126709,18.9057731628418,16.2613525390625,4.877971649169922,18.169750213623047
2009-03-18,12.69016456604004,14.45363998413086,40.08040618896485,6.080420970916748,15.11987018585205,12.619059562683104,18.76906967163086,16.092586517333984,5.967153072357178,18.690584182739254
2009-03-19,13.924715042114258,14.47169589996338,40.90793228149414,6.022684574127197,15.026119232177734,12.658732414245604,18.215425491333008,15.728583335876465,5.391441822052002,18.479612350463867
2009-03-20,13.708264350891112,14.616111755371094,40.6440658569336,6.055159091949463,14.838629722595217,12.518074989318848,18.24276733398437,15.731884002685549,4.815732955932617,17.76758575439453
2009-03-23,14.630159378051758,15.994084358215332,41.45960998535156,6.174241542816162,15.568511009216309,13.343958854675291,19.384220123291016,16.135604858398438,6.0682902336120605,19.079551696777344
2009-03-24,14.357600212097168,15.873740196228027,40.82996368408203,6.213937759399414,15.367626190185549,13.196096420288086,19.50725555419922,15.374493598937988,5.617056846618652,19.079551696777344
2009-03-25,14.501903533935549,16.144514083862305,41.0638313293457,6.23198127746582,15.588597297668455,13.300678253173828,19.972036361694336,15.23220443725586,5.99049186706543,19.086143493652344
2009-03-26,14.974871635437012,15.982047080993652,43.57636260986328,6.210327625274658,16.164470672607422,13.960665702819824,19.548259735107425,15.371180534362791,5.897132873535156,20.055288314819336
2009-03-27,14.437768936157228,15.879741668701172,42.74284744262695,5.975771427154541,15.822959899902344,13.271830558776855,19.315874099731445,15.420822143554688,5.710416793823242,19.283937454223636
2009-03-30,14.15718936920166,15.63905906677246,41.381649017333984,5.910819053649902,15.655557632446287,13.297072410583496,18.659704208374023,15.84770393371582,4.691254615783691,18.33456420898437
2009-03-31,14.485867500305176,15.62100315093994,41.39363098144531,5.780909061431885,15.776084899902344,13.307893753051758,18.789573669433597,15.784832954406738,5.305863380432129,18.36753845214844
2009-04-01,14.894710540771484,15.94593620300293,40.53014373779297,5.88194751739502,15.956891059875488,14.234758377075195,19.206506729125977,15.453924179077148,5.484800815582275,18.664203643798828
2009-04-02,15.087106704711914,16.481483459472656,41.477577209472656,5.8133864402771,16.586320877075195,15.165223121643066,20.08823585510254,15.01710033416748,5.632617950439453,20.15417861938477
2009-04-03,15.46389102935791,16.192651748657227,40.362247467041016,5.8314290046691895,16.740331649780273,16.070453643798828,19.445728302001957,14.600143432617188,5.912692070007324,19.91024398803711
2009-04-06,15.359397888183594,16.20468521118164,43.94211959838867,5.8314290046691895,16.639888763427734,15.965874671936035,19.814830780029297,14.34864616394043,5.819334030151367,19.639936447143555
2009-04-07,14.901269912719728,16.487497329711914,44.24794769287109,5.878341197967529,16.318477630615234,15.435708999633787,19.527761459350582,14.203041076660156,5.72597599029541,19.3102970123291
2009-04-08,14.925379753112791,16.680049896240234,43.59434127807617,5.914428234100342,16.8206844329834,15.46095848083496,20.16341781616211,14.451229095458984,5.492579936981201,19.52786064147949
2009-04-09,15.359397888183594,17.438236236572266,43.96611785888672,5.88555908203125,17.342987060546875,16.218320846557617,20.566686630249023,14.570361137390137,7.429765701293945,20.46404266357422
2009-04-13,15.3192138671875,17.552570343017578,44.24794769287109,5.975771427154541,17.38315200805664,16.276025772094727,20.436824798583984,14.820831298828123,8.573404312133789,19.956396102905277
2009-04-14,15.166500091552734,17.39010238647461,43.72026443481445,5.946902275085449,16.968000411987305,15.915372848510742,20.149751663208008,14.931034088134766,7.849879264831543,19.91684341430664
2009-04-15,14.941462516784668,17.474348068237305,44.57178115844727,6.094856262207031,17.188974380493164,16.027177810668945,19.98571014404297,14.246426582336426,8.12216854095459,20.220109939575195
2009-04-16,15.415660858154297,18.286684036254883,46.520626068115234,6.127331733703613,17.389860153198242,16.629459381103516,20.8127498626709,14.256446838378906,8.04437255859375,20.76070976257324
2009-04-17,15.3192138671875,18.064048767089844,46.13685989379883,6.130940437316895,17.476911544799805,16.33371925354004,20.600866317749023,14.65717887878418,8.246648788452148,20.76070976257324
2009-04-20,15.126313209533691,18.1121883392334,45.41128158569336,6.109287738800049,16.840768814086914,15.576364517211914,19.960857391357425,14.723984718322754,6.23944902420044,19.639936447143555
2009-04-21,15.69697093963623,18.425086975097656,45.59716796875,6.037118434906006,17.322893142700195,15.738655090332031,20.700902938842773,14.817484855651855,6.815155029296875,20.14759063720703
2009-04-22,15.55229377746582,17.967763900756836,44.883575439453125,6.080420970916748,17.52377700805664,15.89734935760498,20.74887084960937,14.19299602508545,6.4261627197265625,20.89257431030273
2009-04-23,15.81753158569336,17.660886764526367,46.388702392578125,6.098461627960205,17.249237060546875,15.67013168334961,20.262357711791992,14.480194091796877,6.86183500289917,21.34747695922852
2009-04-24,15.905938148498535,17.8052978515625,46.220802307128906,6.105679512023926,17.617521286010742,16.395042419433594,20.371997833251957,14.39002513885498,7.079672813415527,20.734346389770508
2009-04-27,15.88987159729004,17.600709915161133,46.80845260620117,6.091246128082275,17.329593658447266,15.879317283630373,20.5021915435791,14.41340446472168,6.939634323120117,19.976179122924805
2009-04-28,15.86575412750244,18.0520076751709,46.25075149536133,6.134548187255859,17.456819534301758,15.594402313232422,21.098337173461918,14.363314628601074,6.340585708618164,19.4025993347168
2009-04-29,15.7532320022583,18.737987518310547,47.42010116577149,6.069594383239746,17.63761329650879,15.911770820617676,21.105199813842773,14.23306941986084,6.752918243408203,20.37173843383789
2009-04-30,15.544261932373049,18.91248893737793,47.090274810791016,5.892772674560547,17.62421989440918,15.886521339416504,21.77672004699707,13.975921630859377,6.947413444519043,20.57611846923828
2009-05-01,15.544261932373049,18.972654342651367,48.92518615722656,5.9072089195251465,17.255937576293945,15.875713348388672,22.10563468933105,13.865717887878418,6.768478870391846,20.853012084960938
2009-05-04,15.24687385559082,18.966646194458008,48.1756591796875,5.835039138793945,17.550561904907227,16.770111083984375,21.948036193847656,14.420083045959473,8.075493812561035,20.78049659729004
2009-05-05,15.27902126312256,18.906471252441406,47.77986907958984,5.990210056304932,17.53717613220215,16.5068416595459,21.79043197631836,14.603753089904783,8.433364868164062,20.88597679138184
2009-05-06,15.3192138671875,18.780109405517575,48.25959014892578,6.156199455261231,17.43672752380371,16.564546585083008,21.90006828308105,14.336592674255373,9.872641563415527,22.072681427001957
2009-05-07,14.804818153381348,18.36490631103516,47.77986907958984,6.145374774932861,17.148794174194336,15.95522689819336,21.783580780029297,14.900976181030272,10.510590553283691,21.828752517700195
2009-05-08,14.724452018737791,18.888416290283203,49.44688034057617,6.170634269714356,17.075136184692383,16.31643295288086,22.009700775146484,15.00450038909912,11.024060249328612,22.890186309814453
2009-05-11,14.917338371276855,18.719934463500977,48.18162536621094,6.148983478546143,16.69346046447754,15.885904312133787,22.338607788085938,14.98446273803711,10.067137718200684,22.17816925048828
2009-05-12,14.77266788482666,18.91850471496582,48.937198638916016,6.275280475616455,16.499271392822266,15.940627098083496,22.5989990234375,15.164796829223633,9.53810977935791,21.828752517700195
2009-05-13,14.52351188659668,18.14828109741211,48.289581298828125,6.210327625274658,16.626493453979492,15.283891677856444,21.89322662353516,15.194849967956545,8.565624237060547,20.68159866333008
2009-05-14,14.836966514587402,18.13624763488769,48.49346160888672,6.134548187255859,16.425609588623047,15.473618507385254,21.886363983154297,14.90431022644043,8.79902172088623,21.04420280456543
2009-05-15,14.804818153381348,17.91963005065918,47.92979431152344,6.127331733703613,16.33856201171875,15.39699935913086,21.105199813842773,14.466839790344238,8.30111026763916,21.063980102539062
2009-05-18,15.206695556640623,18.473217010498047,48.301570892333984,6.091246128082275,17.423337936401367,16.082931518554688,21.4752197265625,14.426759719848633,9.125774383544922,21.964527130126957
2009-05-19,15.24687385559082,18.462648391723636,48.29557037353516,6.065987586975098,16.49258041381836,16.29454803466797,21.20113182067871,14.31989288330078,8.752341270446777,22.024433135986328
2009-05-20,15.222764015197754,18.22107315063477,49.45888900756836,6.05155086517334,15.956891059875488,16.601024627685547,20.44737434387207,14.386683464050291,8.939059257507324,21.997812271118164
2009-05-21,14.925379753112791,17.9794979095459,48.85926055908203,6.004639625549316,15.32744598388672,16.0646915435791,20.310321807861328,14.466839790344238,8.876822471618652,21.179128646850582
2009-05-22,14.98967742919922,17.8526668548584,48.835262298583984,6.004639625549316,15.307357788085938,16.283601760864258,20.234947204589844,14.673887252807615,8.612305641174316,21.365501403808597
2009-05-26,15.327250480651855,18.565319061279297,49.92660903930664,6.105679512023926,15.936790466308594,16.42588996887207,20.46792984008789,14.88428020477295,8.542282104492188,21.7182674407959
2009-05-27,15.262948036193848,18.196918487548828,49.03915023803711,6.011857509613037,15.622072219848633,15.984414100646973,19.864919662475582,14.824164390563965,8.48782730102539,21.3388729095459
2009-05-28,15.439774513244627,18.2452335357666,50.11399459838867,6.134548187255859,15.200223922729492,16.08657455444336,20.310321807861328,14.894295692443848,8.791241645812988,21.432056427001957
2009-05-29,15.745195388793944,17.9915771484375,50.50047302246094,6.16702938079834,15.508245468139648,16.225221633911133,20.41996383666992,15.047918319702148,8.767902374267578,22.071020126342773
2009-06-01,16.010421752929688,18.806907653808597,50.82050704956055,6.203110218048096,16.177852630615234,16.79805564880371,20.968151092529297,15.021196365356444,8.721219062805176,23.528669357299805
2009-06-02,16.356037139892578,19.096797943115234,50.94733047485352,6.177854061126709,16.4055233001709,16.648466110229492,21.4752197265625,15.077966690063477,8.876822471618652,23.422176361083984
2009-06-03,16.347997665405273,18.891454696655277,50.26495361328125,6.134548187255859,16.318477630615234,16.272653579711914,20.975000381469727,15.067951202392578,8.728875160217285,23.076068878173828
2009-06-04,16.565006256103516,18.68007469177246,51.02582550048828,6.123723030090332,16.452396392822266,16.41860008239746,20.79683494567871,14.94438648223877,9.242790222167969,23.615205764770508
2009-06-05,16.64537811279297,18.61967658996582,52.03425216674805,6.145374774932861,16.184547424316406,16.433191299438477,20.687198638916016,15.021196365356444,9.235005378723145,23.774940490722656
2009-06-08,16.773977279663086,18.90353012084961,51.841041564941406,6.210327625274658,16.445701599121094,16.159549713134766,21.091495513916016,14.937713623046877,9.390739440917969,23.74164581298828
2009-06-09,16.87041664123535,18.78878593444824,50.72993087768555,6.2608489990234375,16.45583724975586,16.608322143554688,21.11890411376953,14.810802459716797,9.390739440917969,23.774940490722656
2009-06-10,16.669496536254883,18.716306686401367,50.0777702331543,6.159808158874512,16.482872009277344,16.50981330871582,20.88592529296875,14.7440185546875,9.32844352722168,23.695068359375
2009-06-11,16.830238342285156,18.68007469177246,49.64901351928711,6.196583271026611,16.37474250793457,16.58278465270996,20.74201202392578,14.880940437316896,10.09932804107666,23.821531295776367
2009-06-12,16.757904052734375,18.8310604095459,49.981143951416016,6.119355201721191,16.32068634033203,16.46603012084961,20.79683494567871,15.168137550354004,10.683327674865724,23.5685977935791
2009-06-15,16.251543045043945,18.402254104614254,49.55845642089844,6.086258888244629,16.117937088012695,16.04644012451172,20.54330062866211,14.937713623046877,10.37964916229248,22.576868057250977
2009-06-16,15.825567245483398,18.35394287109375,49.40143966674805,5.979609966278076,15.678662300109863,15.714423179626465,20.570701599121094,14.937713623046877,9.91245174407959,22.071020126342773
2009-06-17,16.02649688720703,18.541160583496094,49.54637145996094,5.964900493621826,15.982776641845703,15.776448249816896,21.14630889892578,15.33511447906494,9.577621459960938,21.818098068237305
2009-06-18,16.27565574645996,19.15718460083008,50.4159049987793,6.023742198944092,15.780029296875,15.666993141174316,21.27650260925293,15.916189193725586,10.044821739196776,21.951215744018555
2009-06-19,16.605199813842773,18.982046127319336,49.848289489746094,6.034771919250488,15.894922256469728,15.623211860656738,21.76987075805664,15.889474868774414,10.293997764587402,21.838069915771484
2009-06-22,16.050615310668945,17.900976181030273,49.202178955078125,6.01270866394043,15.712457656860352,15.199975967407228,21.331321716308597,15.5989351272583,9.29730224609375,21.019399642944336
2009-06-23,15.970239639282228,17.90702247619629,49.1236686706543,5.979609966278076,15.462408065795898,15.145238876342772,21.18056869506836,15.649027824401855,9.523113250732422,20.91954803466797
2009-06-24,17.087425231933594,18.1184024810791,48.01861953735352,5.961221694946289,15.327241897583008,15.677933692932127,21.290212631225582,15.692438125610352,9.616554260253906,20.659975051879883
2009-06-25,17.384815216064453,18.1184024810791,48.99082946777344,6.082582950592041,15.92870807647705,15.995363235473633,21.379283905029297,16.036413192749023,9.616554260253906,21.199098587036133
2009-06-26,17.071352005004883,17.99761962890625,48.89422225952149,6.0605149269104,15.955745697021484,15.896851539611816,21.48892593383789,15.839385032653809,9.928023338317873,21.145849227905277
2009-06-29,17.28033447265625,18.05196762084961,49.54032897949219,6.067872524261475,16.131452560424805,16.00265884399414,22.016550064086918,15.96961784362793,10.270635604858398,21.41874885559082
2009-06-30,17.21603012084961,17.756032943725586,48.70097732543945,6.027420520782471,15.969258308410645,16.01725196838379,21.83839225769043,15.70913791656494,10.27841854095459,20.89958953857422
2009-07-01,17.473224639892578,17.71979331970215,48.6949348449707,6.134066581726074,16.023324966430664,15.97346305847168,21.756166458129883,15.575552940368652,10.161624908447266,21.20575523376465
2009-07-02,16.91061019897461,17.333269119262695,48.01861953735352,5.994318962097168,15.415108680725098,15.378754615783691,21.290212631225582,15.455337524414062,9.842366218566896,20.500221252441406
2009-07-06,16.613229751586914,17.822467803955078,48.61040878295898,6.112001895904541,15.462408065795898,15.696174621582031,21.413551330566406,15.361831665039062,9.460821151733398,20.180747985839844
2009-07-07,16.219396591186523,17.429901123046875,47.10074996948242,6.01270866394043,15.138017654418944,15.185379028320312,21.022964477539062,15.141414642333984,9.460821151733398,19.50849151611328
2009-07-08,16.53285026550293,17.97345542907715,47.34228897094727,6.031098365783691,15.313735008239746,15.258355140686035,21.34502410888672,15.46535587310791,9.219432830810549,19.62164306640625
2009-07-09,16.331918716430664,17.74395179748535,47.26983642578125,6.01270866394043,15.327241897583008,15.364166259765623,21.28335189819336,15.338456153869627,9.32066249847412,19.748109817504883
2009-07-10,16.468555450439453,17.41782569885254,47.0464096069336,6.05683708190918,15.219114303588867,15.30213451385498,21.17372131347656,15.164796829223633,9.25057888031006,19.98771476745605
2009-07-13,16.69414710998535,17.707717895507812,48.30846405029297,6.126710414886475,15.617846488952637,15.896851539611816,21.708192825317383,15.54888916015625,10.114901542663574,20.506879806518555
2009-07-14,16.621633529663086,17.756032943725586,49.02706909179688,6.119355201721191,16.003049850463867,16.101167678833008,21.49577140808105,15.663442611694336,10.052605628967283,20.753162384033203
2009-07-15,17.330650329589844,18.112361907958984,49.06329727172852,6.196583271026611,16.273372650146484,16.81993865966797,21.756166458129883,15.25576114654541,10.449731826782228,21.57182884216309
2009-07-16,17.43539810180664,17.75,49.81208419799805,6.248068809509277,16.48963165283203,17.976543426513672,21.97543716430664,15.141209602355955,10.255062103271484,21.851375579833984
2009-07-17,17.515968322753906,18.009695053100586,48.96666717529297,6.376781463623047,16.67210578918457,18.082355499267575,22.434545516967773,14.982861518859863,10.037035942077637,21.585140228271484
2009-07-20,17.330650329589844,18.16067886352539,49.58259963989258,6.351039886474609,16.759950637817383,18.407072067260746,22.571596145629883,15.164794921875,9.530900955200195,22.21080017089844
2009-07-21,17.669048309326172,18.09424591064453,45.3676872253418,6.373103618621826,16.530174255371094,18.399770736694336,22.561983108520508,15.161423683166504,9.491969108581545,22.23741912841797
2009-07-22,17.52402114868164,17.99761962890625,46.04401779174805,6.362069129943848,16.739673614501953,18.516525268554688,22.73367500305176,14.898634910583496,9.523113250732422,22.217449188232425
2009-07-23,17.886587142944336,17.961374282836914,45.50054931640625,6.402521133422852,17.084331512451172,19.144088745117188,23.008419036865234,14.770591735839844,9.881300926208496,22.77655792236328
2009-07-24,17.991329193115234,18.37206268310547,44.73363876342773,6.376781463623047,17.111371994018555,19.17692756652832,23.612817764282227,15.164794921875,9.74114227294922,22.623458862304688
2009-07-27,17.709335327148438,18.341869354248047,45.0174674987793,6.409881114959717,17.00323486328125,19.26813316345215,23.38615608215332,15.171531677246094,10.19276523590088,22.789857864379883
2009-07-28,17.918811798095703,18.269392013549805,45.33146286010742,6.4650421142578125,17.15867805480957,19.17327117919922,23.40676689147949,15.30630588531494,10.387439727783203,22.72995948791504
2009-07-29,17.733503341674805,18.571365356445312,45.11406707763672,6.505496025085449,17.15867805480957,18.92881774902344,23.296873092651367,15.393905639648438,10.527595520019531,22.656742095947266
2009-07-30,17.8382511138916,18.728384017944336,45.07782745361328,6.501816749572754,17.469541549682617,19.85191345214844,23.07022476196289,15.397273063659668,10.87799835205078,22.969572067260746
2009-07-31,17.83019256591797,18.752546310424805,45.14428329467773,6.446651935577393,17.53036880493164,20.06717872619629,22.99466896057129,15.15805721282959,11.516508102416992,23.09603309631348
2009-08-03,17.967151641845703,18.776704788208008,45.74207305908203,6.483428478240967,17.787166595458984,20.731216430664062,23.35181999206543,15.100787162780762,11.92919635772705,23.482080459594727
2009-08-04,17.636825561523438,18.35394287109375,45.573020935058594,6.47607421875,17.76690101623535,20.811485290527344,23.338083267211918,14.925586700439451,12.178372383117676,23.728351593017575
2009-08-05,17.274263381958008,18.27542495727539,44.878562927246094,6.439297199249268,17.793930053710938,20.837026596069336,23.61967086791992,14.824509620666504,12.972614288330078,23.488731384277344
2009-08-06,17.088945388793945,18.4384880065918,45.71189498901367,6.487106323242188,17.935850143432617,20.682348251342773,23.43424224853516,14.699846267700195,13.003762245178224,23.53532600402832
2009-08-07,17.266199111938477,18.553245544433597,46.35196685791016,6.512849807739258,18.422439575195312,20.69708251953125,23.67463111877441,14.770591735839844,12.785736083984377,24.2142333984375
2009-08-10,17.121179580688477,18.553245544433597,45.96549987792969,6.457687377929688,18.314306259155277,20.288291931152344,23.866931915283203,14.999703407287598,12.988188743591309,23.93467330932617
2009-08-11,17.145343780517578,18.565319061279297,45.41600799560547,6.442975521087647,18.172382354736328,20.310392379760746,23.791383743286133,15.060344696044922,12.34189224243164,23.57526206970215
2009-08-12,17.628767013549805,18.91561508178711,45.68172836303711,6.4650421142578125,18.381885528564453,20.45033264160156,23.846330642700195,14.827872276306152,12.404187202453612,24.287446975708008
2009-08-13,17.717397689819336,19.235700607299805,45.530723571777344,6.487106323242188,18.706274032592773,20.586589813232425,24.07985115051269,14.932320594787598,13.237360000610352,24.0877685546875
2009-08-14,17.693220138549805,19.096797943115234,45.04159927368164,6.457687377929688,18.341333389282227,20.100475311279297,23.866931915283203,14.945794105529783,13.54104232788086,23.87478256225586
2009-08-17,17.242033004760742,18.462648391723636,44.661170959472656,6.442975521087647,17.645261764526367,19.50755882263184,23.47545051574707,15.080567359924316,12.894747734069824,23.242462158203125
2009-08-18,17.387060165405273,18.613636016845703,44.745731353759766,6.487106323242188,18.199411392211918,19.500186920166016,23.6883602142334,14.93569564819336,13.159494400024414,23.513051986694336
2009-08-19,17.548194885253906,18.77591896057129,44.52833557128906,6.494460105895996,18.07777404785156,19.676958084106445,23.640275955200195,15.21870231628418,13.042691230773926,23.519763946533203
2009-08-20,17.67711067199707,18.739517211914062,45.05972290039063,6.560654640197754,18.03046417236328,19.57383918762207,24.052377700805664,15.25576114654541,13.346375465393066,23.727901458740234
2009-08-21,17.81407928466797,19.18844223022461,45.24088668823242,6.6342082023620605,18.584623336791992,20.08942985534668,24.53314781188965,15.29282283782959,13.595550537109377,24.385896682739254
2009-08-24,17.983278274536133,19.054975509643555,45.11406707763672,6.740851879119873,18.266990661621094,19.942123413085938,24.68424797058105,15.525300979614258,13.509894371032717,25.023731231689453
2009-08-25,17.910762786865234,19.740501403808597,44.94499206542969,6.674657821655273,18.462974548339844,19.99367332458496,25.336732864379883,15.471397399902344,13.82136344909668,25.19159507751465
2009-08-26,17.886587142944336,20.268287658691406,45.03557586669922,6.682013034820557,18.63192367553711,19.791128158569336,25.39852905273437,15.521930694580078,13.85250759124756,24.923023223876957
2009-08-27,17.854368209838867,20.413877487182617,45.615272521972656,6.71878719329834,18.61841583251953,20.32512664794922,25.30238914489746,15.703872680664062,13.953734397888184,25.10430908203125
2009-08-28,17.854368209838867,20.432077407836918,45.60309219360352,6.7004008293151855,18.71302795410156,20.60132598876953,25.25429916381836,15.471397399902344,14.000454902648926,24.996875762939453
2009-08-31,17.628767013549805,20.553422927856445,45.6213493347168,6.722464561462402,18.44271278381348,20.402456283569336,25.76941680908203,15.238921165466309,13.696776390075684,24.68131828308105
2009-09-01,17.67711067199707,20.65048599243164,45.99859619140625,6.659947872161865,18.22123908996582,19.91633415222168,25.38479804992676,15.201854705810549,12.816879272460938,24.117328643798828
2009-09-02,17.540138244628906,20.510957717895508,45.36580276489258,6.722464561462402,18.07813835144043,19.861093521118164,25.01392364501953,15.161423683166504,12.676636695861816,24.0166072845459
2009-09-03,17.370935440063477,20.35321807861328,45.56050491333008,6.696722507476807,18.33026885986328,19.92738342285156,25.158159255981445,15.181647300720217,13.120745658874512,24.34560203552246
2009-09-04,17.701276779174805,20.52913856506348,45.803897857666016,6.803369998931885,18.41884994506836,20.21464157104492,25.549650192260746,15.373684883117676,13.315531730651855,24.94316291809082
2009-09-08,17.628767013549805,20.61407852172852,45.128509521484375,6.81072473526001,18.725494384765625,20.398775100708008,25.20623207092285,15.46803092956543,13.260993957519531,25.393014907836918
2009-09-09,18.1444149017334,20.565547943115234,44.495723724365234,6.83646821975708,18.6573543548584,20.792835235595703,25.16501235961914,15.619640350341797,13.27657985687256,25.82272148132324
2009-09-10,18.337785720825195,20.741474151611328,44.75734329223633,6.814405918121338,18.759567260742188,20.988018035888672,25.185625076293945,15.791465759277344,13.416820526123049,26.46728515625
2009-09-11,18.41836166381836,20.674747467041016,46.02295303344727,6.79567289352417,18.63009262084961,21.1021785736084,25.08946990966797,15.777993202209473,13.222034454345703,26.138296127319336
2009-09-14,18.30555534362793,20.77181434631348,45.99251174926758,6.739477634429932,18.74594116210937,21.32682991027832,25.08946990966797,15.946454048156738,13.237614631652832,26.836572647094727
2009-09-15,18.25721740722656,20.6626091003418,46.05942916870117,6.709507465362549,18.677797317504883,21.87923622131348,25.02765655517578,15.865595817565918,13.081791877746582,26.71570587158203
2009-09-16,17.83019256591797,20.99626922607422,46.33932113647461,6.829388618469238,19.120718002319336,22.056018829345703,25.38479804992676,15.740934371948242,13.440196990966797,26.90370178222656
2009-09-17,17.33871841430664,20.820335388183597,48.40804290771485,6.750718116760254,19.025314331054688,21.83136940002441,24.993314743041992,15.619640350341797,13.720685958862305,26.92384910583496
2009-09-18,17.419282913208008,20.92953109741211,48.72444152832031,6.72824239730835,19.236560821533203,21.96763229370117,24.711727142333984,15.488237380981444,13.736268997192385,26.97084617614746
2009-09-21,17.378997802734375,20.953805923461918,48.21333312988281,6.758208274841309,19.17523193359375,21.98236083984375,24.849082946777344,15.673548698425291,13.440196990966797,26.400144577026367
2009-09-22,17.25008773803711,21.00840950012207,48.40804290771485,6.702014446258545,18.820894241333008,22.14073181152344,24.78726577758789,15.744302749633787,13.720685958862305,26.6687126159668
2009-09-23,17.024484634399414,20.77181434631348,47.9638786315918,6.649569034576416,18.636913299560547,21.746662139892575,24.78726577758789,15.54214572906494,13.63497257232666,26.353145599365234
2009-09-24,17.05671501159668,20.413877487182617,46.820011138916016,6.555912971496582,18.425670623779297,21.55147933959961,24.176008224487305,15.815055847167969,13.229823112487791,25.970434188842773
2009-09-25,16.80695343017578,20.432077407836918,47.39192581176758,6.555912971496582,18.29620361328125,21.23108291625977,24.176008224487305,15.946454048156738,12.93375301361084,25.386302947998047
2009-09-28,17.05671501159668,20.741474151611328,47.70223617553711,6.619597911834717,18.57558250427246,21.63986015319824,23.95622062683105,16.367597579956055,13.416820526123049,25.07073783874512
2009-09-29,17.016437530517578,22.658496856689453,48.09772872924805,6.705763816833496,18.282567977905277,21.632503509521484,24.773536682128903,16.54280662536621,13.370068550109863,25.010311126708984
2009-09-30,16.79083251953125,22.73128890991211,47.50753021240234,6.672044277191162,18.153099060058597,21.43730926513672,24.54689216613769,16.667461395263672,13.183079719543455,24.94316291809082
2009-10-01,16.404098510742188,23.1680850982666,46.613128662109375,6.570899486541748,17.935043334960938,20.829652786254883,24.63616752624512,16.401294708251953,12.629888534545898,24.439605712890625
2009-10-02,16.387985229492188,23.08315658569336,45.85865783691406,6.544673919677734,17.737436294555664,20.71917533874512,24.258419036865234,16.7921199798584,12.731176376342772,23.9024715423584
2009-10-05,16.428274154663086,23.18023109436035,45.62743377685547,6.608360290527344,17.819198608398438,21.19056510925293,23.887540817260746,16.957216262817383,13.214241981506348,24.318750381469727
2009-10-06,16.54912567138672,23.240894317626957,46.35148239135742,6.672044277191162,17.914602279663086,21.371028900146484,23.79825592041016,16.906679153442383,13.245410919189451,24.573884963989254
2009-10-07,16.573291778564453,23.732282638549805,45.04333114624024,6.642075061798096,17.81238555908203,21.312095642089844,24.471342086791992,16.85950469970703,13.518108367919922,24.37918281555176
2009-10-08,16.758602142333984,24.04773712158203,44.416629791259766,6.687032699584961,18.323455810546875,21.80927848815918,24.85595703125,16.883089065551758,13.50252628326416,24.73502540588379
2009-10-09,16.750530242919922,23.93246841430664,46.13246154785156,6.765701770782471,18.37114715576172,22.004457473754883,25.05512809753418,16.87298583984375,13.63497257232666,24.95660400390625
2009-10-12,16.734378814697266,23.641286849975582,45.2806282043457,6.788178443908691,18.425670623779297,22.13702964782715,25.00018310546875,16.846036911010742,14.047928810119627,25.010311126708984
2009-10-13,16.887828826904297,23.21662330627441,45.085933685302734,6.765701770782471,18.759567260742188,22.33221435546875,25.219972610473636,16.863012313842773,13.876514434814451,24.72159576416016
2009-10-14,17.113969802856445,23.507810592651367,45.724796295166016,6.829388618469238,18.6573543548584,22.659988403320312,25.693872451782227,17.389450073242188,14.484245300292969,25.12445068359375
2009-10-15,17.218969345092773,24.16300201416016,45.55443572998047,6.8368821144104,18.60283470153809,22.862525939941406,26.1059684753418,17.630598068237305,14.102463722229004,25.35272979736328
2009-10-16,17.61471176147461,24.49059295654297,45.901248931884766,6.84437370300293,18.57558250427246,22.575284957885746,25.89304542541504,17.46755599975586,13.447986602783203,25.372882843017575
2009-10-19,18.107372283935547,24.49059295654297,46.844337463378906,6.87434720993042,18.82770729064941,22.8220272064209,26.07161903381348,17.739282608032227,13.370068550109863,25.79586410522461
2009-10-20,17.921611785888672,24.302536010742188,43.80210876464844,6.990477561950684,18.377965927124023,22.542146682739254,26.02068901062012,17.61361312866211,13.25320053100586,25.37959098815918
2009-10-21,17.792400360107422,23.920339584350582,42.38441467285156,6.821898460388184,17.935043334960938,21.97499084472656,25.62841796875,17.37247085571289,12.863632202148438,24.81559944152832
2009-10-22,17.921611785888672,23.95673942565918,43.55263137817383,6.810658931732178,18.20761108398437,22.34695625305176,25.97251892089844,17.718900680541992,12.871419906616213,25.86972427368164
2009-10-23,17.808547973632812,23.68981170654297,43.92379760742188,6.717000484466553,17.900968551635742,21.85346984863281,25.5733699798584,17.42681312561035,12.63767910003662,25.688438415527344
2009-10-26,17.760087966918945,23.59882164001465,43.4857063293457,6.73573112487793,17.785140991210938,21.43730926513672,25.119142532348636,17.28415870666504,11.998785018920898,25.325876235961918
2009-10-27,17.663169860839844,22.870832443237305,42.59738159179688,6.79567289352417,17.71698760986328,21.728254318237305,24.79570579528809,17.39624786376953,12.037739753723145,25.178165435791016
2009-10-28,17.20281219482422,22.50078010559082,41.56910705566406,6.818147659301758,17.178665161132812,21.083765029907227,24.506668090820312,17.32832145690918,11.694917678833008,24.573884963989254
2009-10-29,17.323955535888672,23.295490264892575,42.2809944152832,6.878089427947998,17.65565299987793,21.510971069335938,25.05721473693848,17.27397918701172,12.255899429321287,24.976734161376957
2009-10-30,17.04128646850586,22.94968605041504,41.85507583618164,6.784430027008057,17.096887588500977,20.781774520874023,24.293317794799805,17.17548370361328,11.359883308410645,24.09717559814453
2009-11-02,17.033214569091797,23.483549118041992,41.90374755859375,6.855611801147461,17.07644271850586,21.172155380249023,24.603008270263672,17.290952682495117,11.398845672607422,24.29861831665039
2009-11-03,16.871679306030273,23.319747924804688,42.22621536254883,6.915552616119385,17.035564422607422,21.35262107849121,24.382789611816406,17.1279296875,11.531295776367188,24.20460700988769
2009-11-04,16.87975311279297,23.95067024230957,42.83466720581055,6.919295310974121,17.0083065032959,21.234771728515625,24.87828826904297,17.290952682495117,11.453383445739746,24.439605712890625
2009-11-05,17.218969345092773,24.3085994720459,44.33144378662109,6.994225978851318,17.46486473083496,21.79822540283203,19.86821746826172,17.532094955444336,11.788413047790527,25.23859405517578
2009-11-06,17.29973602294922,24.00527572631836,44.885135650634766,6.945521831512451,17.771507263183594,21.853975296020508,20.501359939575195,17.50153923034668,11.726080894470217,25.31244468688965
2009-11-09,17.630863189697266,24.290401458740234,45.99251174926758,7.069150447845459,18.26893615722656,22.62332344055176,21.26526260375977,17.7800350189209,12.287063598632812,25.809289932250977
2009-11-10,17.606637954711914,24.02346992492676,45.39014053344727,7.144068241119385,18.2757511138916,22.660484313964844,20.549537658691406,17.932880401611328,12.489642143249512,25.916723251342773
2009-11-11,17.687397003173828,23.87786865234375,45.68220138549805,7.106607437133789,18.609649658203125,22.73853874206543,20.645883560180664,18.089113235473636,12.801295280456545,26.004005432128903
2009-11-12,17.800466537475586,23.81548309326172,45.085933685302734,7.125339984893799,18.561946868896484,22.385461807250977,20.418777465820312,18.07891273498535,12.513017654418944,25.89658546447754
2009-11-13,18.042762756347656,23.97376251220703,46.28458404541016,7.215251445770264,18.63009262084961,22.433773040771484,20.81792640686035,17.983810424804688,12.450688362121582,26.353145599365234
2009-11-16,18.43851089477539,23.985933303833008,46.83823394775391,7.24522066116333,18.84133529663086,22.83146476745605,20.77663993835449,18.21476936340332,12.36497688293457,26.762714385986328
2009-11-17,18.41427421569824,23.95549201965332,46.43058395385742,7.207760334014893,18.3916015625,22.768272399902344,20.948692321777344,18.10608673095703,12.287063598632812,26.59485244750977
2009-11-18,18.41427421569824,23.77894592285156,45.85256576538086,7.230233669281006,18.59602928161621,22.489524841308597,21.120737075805664,18.061935424804688,12.73896598815918,26.53598976135254
2009-11-19,18.083141326904297,23.760684967041016,45.803897857666016,7.1965203285217285,18.47337532043457,22.10670661926269,21.389131546020508,17.987218856811523,12.528593063354492,25.879695892333984
2009-11-20,18.042762756347656,23.724166870117188,46.30282211303711,7.110356330871582,18.52106475830078,22.021224975585938,21.774518966674805,18.218172073364254,12.536391258239746,25.73762321472168
2009-11-23,18.25274658203125,23.99810218811035,47.020782470703125,7.166549682617188,18.74594116210937,22.49695205688477,21.94657325744629,18.04495048522949,12.692219734191896,26.17063331604004
2009-11-24,17.881229400634766,23.985933303833008,47.191162109375,7.230233669281006,18.78000831604004,22.24421501159668,21.746999740600582,18.421953201293945,12.544184684753418,26.231523513793945
2009-11-25,18.25274658203125,23.8824405670166,47.82392501831055,7.189026355743408,18.97762489318848,22.54899024963379,21.69882202148437,18.47969436645508,12.4273099899292,26.46156883239746
2009-11-27,17.840845108032227,23.74850845336914,47.29032516479492,7.117846965789795,18.814075469970703,22.050954818725582,21.47171211242676,18.36761283874512,12.053322792053224,26.03530502319336
2009-11-30,17.832778930664062,23.675451278686523,47.37005615234375,7.046669006347656,18.64372444152832,22.088117599487305,21.34096336364746,18.50686454772949,12.349398612976074,26.028545379638672
2009-12-01,18.12352561950684,23.96766662597656,48.41277694702149,7.144068241119385,19.238040924072266,22.266525268554688,21.457950592041016,18.503461837768555,12.388354301452637,26.63748359680176
2009-12-02,18.30120658874512,23.25539970397949,47.95885848999024,7.177786827087402,19.46477699279785,22.50439071655273,21.409780502319336,18.489879608154297,12.20124053955078,26.908117294311523
2009-12-03,18.28505516052246,23.011886596679688,47.51725769042969,7.170295238494873,19.18994903564453,22.1475887298584,21.196434020996094,18.421953201293945,12.28700351715088,26.793102264404297
2009-12-04,18.43851089477539,23.04841423034668,47.97114181518555,7.23772668838501,19.293006896972656,22.441200256347656,21.16891860961914,18.26572799682617,12.692407608032228,27.158470153808597
2009-12-07,18.15583229064941,22.93882942199707,48.25328063964844,7.256462574005127,19.38920211791992,22.422630310058597,21.230857849121094,18.22496032714844,12.388355255126951,27.611780166625977
2009-12-08,17.69546890258789,22.57356834411621,47.63378143310547,7.215251445770264,19.011306762695312,21.86883544921875,21.031274795532227,18.082305908203125,12.014132499694824,27.226118087768555
2009-12-09,17.727785110473633,23.273656845092773,46.24757766723633,7.256462574005127,18.928861618041992,22.09184455871582,21.35472297668457,18.20798683166504,11.998538970947266,27.239654541015625
2009-12-10,18.24468040466309,23.34062767028809,46.60333633422852,7.286429405212402,19.23117446899414,21.943174362182617,21.678173065185547,18.36421203613281,11.858205795288086,27.27347946166992
2009-12-11,18.398128509521484,23.62675094604492,47.09402847290039,7.312653541564941,19.574710845947266,21.746192932128903,22.173681259155277,18.26231384277344,12.185648918151855,27.65237808227539
2009-12-14,18.826169967651367,23.26148796081543,47.731929779052734,7.368844509124756,19.83579635620117,22.18475341796875,22.2700252532959,18.26572799682617,12.185648918151855,27.9500789642334
2009-12-15,18.705028533935547,23.04841423034668,47.603118896484375,7.380086898803711,19.93885803222656,21.857688903808597,21.85711097717285,18.337034225463867,11.842613220214844,27.90947723388672
2009-12-16,18.672725677490234,23.279748916625977,47.5111198425293,7.353858470916748,19.897624969482425,22.032373428344727,21.285907745361328,18.2996768951416,11.9127779006958,27.31406784057617
2009-12-17,18.4788875579834,22.71357727050781,46.66468811035156,7.338876247406006,19.78769874572754,21.671857833862305,21.47171211242676,18.197778701782227,11.585333824157717,26.75250816345215
2009-12-18,19.65804481506348,22.30569839477539,46.82415771484375,7.361354827880859,19.68464088439941,21.474872589111328,21.457950592041016,18.11627578735352,11.717866897583008,26.48862838745117
2009-12-21,19.73074531555176,22.28743553161621,46.78121948242188,7.383829116821289,19.897624969482425,21.64212226867676,22.22873306274414,18.31326675415039,11.9127779006958,26.77279281616211
2009-12-22,19.75497055053711,22.5066032409668,46.40096664428711,7.443771839141846,20.12437057495117,21.879987716674805,22.23562240600586,18.38118934631348,11.951759338378906,26.793102264404297
2009-12-23,19.97302627563477,22.792726516723636,46.1433219909668,7.552412033081055,19.92511558532715,22.039804458618164,22.08421516418457,18.37100601196289,11.842613220214844,27.01637077331543
2009-12-24,20.150712966918945,22.81707763671875,46.06970977783203,7.631080150604248,20.041915893554688,22.14015769958496,22.118616104125977,18.39138412475586,11.889389991760254,26.982542037963867
2009-12-28,20.1668643951416,22.70749282836914,46.43158721923828,7.612032890319824,20.04878616333008,22.221927642822266,22.29067039489746,18.52044486999512,11.920573234558104,26.935192108154297
2009-12-29,20.19916534423828,22.664878845214844,47.02043533325195,7.562507152557373,20.110618591308597,22.062110900878903,22.4696044921875,18.428749084472656,11.788034439086914,26.982542037963867
2009-12-30,20.13456344604492,22.6039981842041,46.689208984375,7.547266960144043,20.01443099975586,22.02494239807129,22.510892868041992,18.523836135864254,11.74905490875244,26.935192108154297
2009-12-31,19.81151008605957,22.354400634765625,46.216915130615234,7.47868537902832,19.87702178955078,21.75734519958496,22.166797637939453,18.337034225463867,11.741254806518556,26.522470474243164
2010-01-04,20.069948196411133,22.70749282836914,47.13695907592773,7.539645671844482,19.69838523864746,22.52296638488769,22.696704864501957,18.49666786193848,12.232428550720217,27.30055046081543
2010-01-05,20.04571914672852,22.524858474731445,47.62765121459961,7.54345703125,19.84266471862793,22.53783798217773,22.60724449157715,18.34723472595215,12.630043029785156,27.354660034179688
2010-01-06,19.75497055053711,22.354400634765625,46.92842102050781,7.653942584991455,19.773962020874023,22.89092063903809,22.407665252685547,18.449121475219727,12.778170585632324,27.354660034179688
2010-01-07,19.690353393554688,22.488325119018555,45.64035415649414,7.642512321472168,20.007572174072266,22.994991302490234,23.233503341674805,18.60195541381836,13.199173927307127,27.88241195678711
2010-01-08,19.93265151977539,22.518768310546875,46.37639236450195,7.661561489105225,19.91136741638184,22.950389862060547,23.39866828918457,18.69705581665039,13.082229614257812,28.49810028076172
2010-01-11,19.940723419189453,22.5553035736084,46.59718704223633,7.718710422515869,19.347972869873047,22.92437744140625,23.350492477416992,18.792160034179688,13.199173927307127,28.8567008972168
2010-01-12,19.835729598999023,22.366573333740234,46.59107971191406,7.676801681518555,19.22430229187012,22.608448028564453,23.09586334228516,18.737808227539062,12.75478172302246,28.53194999694824
2010-01-13,20.029565811157227,22.57356834411621,47.15536117553711,7.711088180541992,19.32736587524414,22.8463191986084,23.37802124023437,18.915714263916016,12.957480430603027,28.63343620300293
2010-01-14,20.50703811645508,22.591827392578125,47.130836486816406,7.764427661895752,19.44416618347168,23.33692169189453,23.36424827575684,18.93623924255371,13.113409996032717,28.80258560180664
2010-01-15,20.42611122131348,22.28135299682617,47.081764221191406,7.779664516448975,19.629669189453125,23.061885833740234,23.33673477172852,18.9841365814209,12.676817893981934,28.84316062927246
2010-01-19,20.49895668029785,22.366573333740234,48.0324592590332,7.764427661895752,19.84266471862793,23.87213134765625,23.36424827575684,19.22703742980957,12.72359561920166,28.99203109741211
2010-01-20,20.280441284179688,22.49441909790039,47.90980911254883,7.745378971099853,19.69151306152344,23.463289260864254,23.355976104736328,19.24073028564453,12.856130599975586,28.660497665405277
2010-01-21,20.09430885314941,22.190025329589844,47.21670150756836,7.5777459144592285,19.56783866882324,21.96546936035156,22.93508529663086,19.008087158203125,12.060906410217283,27.55764961242676
2010-01-22,19.544002532958984,21.910001754760746,46.35799026489258,7.509165287017822,19.0456657409668,22.27024269104004,22.93508529663086,18.648860931396484,11.616518020629885,26.982542037963867
2010-01-25,19.446887969970703,22.323959350585938,47.081764221191406,7.585366725921631,18.976959228515625,22.70137596130371,22.79708480834961,18.7138614654541,11.67888641357422,27.212587356567383
2010-01-26,19.32549476623535,22.019569396972656,47.09402847290039,7.604413509368896,19.052536010742188,22.288820266723636,22.638389587402344,18.638599395751957,11.515166282653809,27.04343032836914
2010-01-27,19.30931854248047,22.34222221374512,47.308685302734375,7.615839958190918,19.12811279296875,22.11785697937012,22.40379905700684,18.440166473388672,11.842613220214844,27.239654541015625
2010-01-28,18.993696212768555,22.15958023071289,46.70760345458984,7.623464584350586,18.78457260131836,21.932024002075195,22.30720329284668,18.457279205322266,11.982945442199709,26.94195938110352
2010-01-29,18.66189384460449,21.946516036987305,45.70781707763672,7.566312789916992,19.244911193847656,21.80936813354492,22.33480453491211,18.111740112304688,11.83481502532959,26.1435661315918
2010-02-01,18.79136848449707,22.147422790527344,45.93478393554688,7.573935508728027,19.506000518798828,22.12156867980957,22.714290618896484,18.248579025268555,12.021923065185549,26.63748359680176
2010-02-02,19.22838592529297,22.390926361083984,46.95295333862305,7.592985153198242,19.945730209350582,22.277681350708008,23.031686782836918,18.62491226196289,12.162263870239258,26.73897171020508
2010-02-03,19.22028923034668,21.075963973999023,47.03883743286133,7.5358381271362305,19.56096839904785,22.006357192993164,22.369295120239254,18.696762084960938,12.107687950134276,26.529224395751957
2010-02-04,18.702356338500977,20.363689422607425,46.61560821533203,7.398684501647949,19.18994903564453,21.45628929138184,21.49302291870117,18.41280174255371,11.499574661254885,25.52786636352539
2010-02-05,19.058433532714844,20.278461456298828,46.44385528564453,7.383445739746094,19.22430229187012,21.68300437927246,21.437822341918945,18.4641170501709,11.694479942321776,25.35194969177246
2010-02-08,18.710453033447266,20.266286849975582,45.71396255493164,7.379636764526367,19.64341926574707,21.43770217895508,22.576292037963867,18.25200080871582,11.289073944091797,24.945987701416016
2010-02-09,19.026071548461918,20.461091995239254,46.27827072143555,7.413920879364014,19.83579635620117,21.98777961730957,22.576292037963867,18.25200080871582,11.281275749206545,25.58876037597656
2010-02-10,18.702356338500977,20.272371292114254,46.06970977783203,7.383445739746094,19.68464088439941,22.20705795288086,22.58319664001465,18.22121810913086,11.43720245361328,25.521108627319336
2010-02-11,18.89657974243164,20.455007553100582,46.83029556274414,7.471067428588867,19.91824722290039,22.385461807250977,22.91439247131348,18.317005157470703,11.406014442443848,25.86615562438965
2010-02-12,18.945131301879883,20.38804244995117,46.35799026489258,7.47868537902832,19.92511558532715,22.433773040771484,22.76259422302246,18.45042991638184,11.2656831741333,25.615821838378903
2010-02-16,19.26885032653809,20.83275604248047,46.63400268554688,7.516785621643066,20.227428436279297,22.827735900878903,23.12827491760254,18.676240921020508,11.819218635559082,26.333017349243164
2010-02-17,19.56827163696289,20.899995803833008,46.84256362915039,7.5358381271362305,20.62593078613281,23.17645263671875,23.452571868896484,18.73097038269043,12.20903778076172,26.65555763244629
2010-02-18,19.84343719482422,21.20563507080078,47.431373596191406,7.619650363922119,20.818307876586918,23.28894424438477,23.54227828979492,18.80623435974121,12.380559921264648,27.173799514770508
2010-02-19,19.68157386779785,21.309545516967773,47.35776901245117,7.680610179901123,20.71524810791016,23.42767333984375,23.673370361328125,18.604387283325195,12.380559921264648,27.426097869873047
2010-02-22,20.07812118530273,21.242321014404297,47.192176818847656,7.722517967224121,20.83205795288086,23.273941040039062,23.611278533935547,18.611225128173828,12.637836456298828,27.37837600708008
2010-02-23,19.811059951782227,21.248424530029297,47.16765213012695,7.608221054077148,21.12749481201172,23.04147148132324,23.56297874450684,18.4641170501709,12.427340507507324,27.228355407714844
2010-02-24,20.045751571655277,21.70077896118164,47.57247543334961,7.718710422515869,21.54660987854004,23.28519058227539,23.811368942260746,18.587282180786133,12.731390953063965,27.67159080505371
2010-02-25,20.126684188842773,22.018651962280277,47.60957336425781,7.77585506439209,21.54660987854004,22.895233154296875,23.459474563598636,18.51543426513672,12.902911186218262,27.4056453704834
2010-02-26,19.948637008666992,21.541852951049805,48.085731506347656,7.665374279022217,21.436677932739254,23.075220108032227,23.286975860595703,18.570178985595703,12.98866844177246,27.38518714904785
2010-03-01,20.02147483825684,21.651885986328125,48.76594924926758,7.722517967224121,21.594703674316406,23.390180587768555,23.742361068725582,18.573598861694336,13.027650833129885,27.664764404296875
2010-03-02,19.89199447631836,21.541852951049805,48.982364654541016,7.745378971099853,21.54660987854004,23.47267723083496,23.914871215820312,18.672807693481445,12.832744598388672,27.73977470397949
2010-03-03,19.827253341674805,21.61520195007324,48.7597541809082,7.752994060516357,21.622188568115234,23.600154876708984,23.970064163208008,18.50174903869629,12.77033519744873,27.903444290161133
2010-03-04,20.037656784057617,21.395139694213867,49.019474029541016,7.779664516448975,21.6015739440918,23.588912963867188,24.05976867675781,18.50174903869629,12.793739318847656,28.080730438232425
2010-03-05,20.191415786743164,21.38903045654297,50.256256103515625,7.890148162841797,21.848920822143555,23.73139953613281,24.170164108276367,18.583858489990234,13.027772903442385,28.57851791381836
2010-03-08,19.98910140991211,21.236204147338867,50.144927978515625,7.901581287384033,21.95884895324707,23.828887939453125,24.03217124938965,18.618066787719727,13.058971405029297,28.2921199798584
2010-03-09,20.1347770690918,21.02225685119629,50.84371948242188,7.913009166717529,21.928394317626957,23.596406936645508,23.92866516113281,18.748071670532227,13.105780601501465,28.82399559020996
2010-03-10,20.126684188842773,20.948904037475582,51.06636428833008,7.932059288024902,21.949161529541016,23.885133743286133,24.04595184326172,18.82676315307617,13.347617149353027,28.87173843383789
2010-03-11,20.345176696777344,20.747175216674805,51.34462356567383,7.893308162689209,22.23987579345703,23.73139953613281,23.914871215820312,19.00124168395996,13.355414390563965,29.06265640258789
2010-03-12,20.27235412597656,20.74106216430664,51.3817138671875,7.827434062957764,22.46137809753418,24.0576171875,23.894166946411133,18.65227699279785,13.144786834716797,29.274059295654297
2010-03-15,20.45848655700684,20.88776969909668,52.018653869628906,7.893308162689209,22.62749290466309,24.181352615356445,23.96316909790039,18.748071670532227,13.144786834716797,29.301332473754883
2010-03-16,20.40182876586914,21.095613479614254,52.32787322998047,7.889435291290283,22.530595779418945,24.23760414123535,24.10116577148437,18.70702362060547,13.28520393371582,29.34224319458008
2010-03-17,20.61224365234375,21.07727432250977,52.476261138916016,7.877810955047607,22.50983619689941,24.710058212280277,24.294357299804688,18.645431518554688,13.472427368164062,29.260417938232425
2010-03-18,20.539403915405277,21.28511047363281,53.14411163330078,7.928181648254394,22.426767349243164,24.27509880065918,24.21156120300293,18.39569091796875,13.324212074279783,29.615015029907227
2010-03-19,20.385650634765625,21.107833862304688,53.73776626586914,7.881684303283691,22.39908790588379,24.34635353088379,23.83896827697754,18.28963661193848,13.121381759643556,29.880958557128903
2010-03-22,20.68508529663086,21.596874237060547,53.00189208984375,7.9204325675964355,22.61365509033203,24.552570343017575,24.280555725097656,18.429914474487305,13.230605125427246,29.703649520874023
2010-03-23,21.033071517944336,21.951417922973636,52.42678451538086,7.951436519622803,22.55828285217285,24.766300201416016,24.784236907958984,18.590700149536133,13.3632173538208,30.133256912231445
2010-03-24,20.846933364868164,21.639650344848636,51.87021255493164,7.932060241699219,22.371387481689453,24.53382110595703,24.5013484954834,18.429914474487305,13.706463813781738,30.33100700378418
2010-03-25,21.07352828979492,22.208160400390625,51.65380859375,7.951436519622803,22.579042434692383,24.256351470947266,25.129240036010746,18.310171127319336,13.83908462524414,30.23554039001465
2010-03-26,20.790283203125,22.48935317993164,52.09284973144531,7.912685394287109,22.66903114318848,24.7737979888916,25.384525299072266,18.098051071166992,13.963896751403809,30.41283798217773
2010-03-29,20.69316864013672,22.91725730895996,52.4515380859375,8.00180721282959,22.56520271301269,24.65755271911621,25.57772827148437,18.17331314086914,14.073114395141602,30.596954345703125
2010-03-30,20.66889190673828,22.87446594238281,52.000091552734375,8.00180721282959,22.62749290466309,24.766300201416016,25.55013465881348,17.964628219604492,13.854683876037598,30.65149688720703
2010-03-31,20.806476593017575,22.67274284362793,51.46210479736328,7.951436519622803,22.39215660095215,24.52256774902344,25.22583770751953,18.02278709411621,13.924890518188477,30.869705200195312
2010-04-01,20.604154586791992,23.07618522644043,51.87021255493164,8.071557998657227,22.412919998168945,24.935039520263672,24.998146057128903,18.11858558654785,14.073114395141602,30.706056594848636
2010-04-05,20.701269149780277,23.12508583068848,51.845497131347656,8.106432914733887,22.606733322143555,25.092514038085938,24.846349716186523,18.10831451416016,14.143322944641112,30.992456436157227
2010-04-06,20.90358543395996,22.862234115600582,51.029239654541016,8.129680633544922,22.530595779418945,25.347496032714844,24.73594093322754,18.077526092529297,14.42415714263916,30.999271392822266
2010-04-07,20.968324661254883,22.48935317993164,50.825172424316406,8.056057929992676,22.57212829589844,25.29125213623047,24.604856491088867,17.96120834350586,14.525568008422852,30.856081008911133
2010-04-08,20.90358543395996,22.526023864746094,50.825172424316406,8.013434410095215,22.821311950683597,25.47122573852539,25.163745880126957,17.88594627380371,14.548974990844728,31.019718170166016
2010-04-09,21.1463680267334,22.660512924194336,51.19620513916016,8.110310554504395,23.015117645263672,25.7524471282959,25.68811798095703,18.039892196655277,14.50217628479004,31.210655212402344
2010-04-12,21.243661880493164,22.50769805908203,51.27658462524414,8.176178932189941,23.1743278503418,25.83119201660156,25.51561546325684,18.019367218017575,14.556779861450195,31.360671997070312
2010-04-13,21.365283966064453,22.50157356262207,51.078704833984375,8.176178932189941,23.769603729248047,25.996173858642575,25.653627395629883,18.03661155700684,14.564582824707031,31.135648727416992
2010-04-14,21.38961601257324,22.483234405517575,51.08489227294922,8.199433326721191,24.21261215209961,26.063669204711918,25.70882225036621,18.04696083068848,15.13405990600586,31.59253692626953
2010-04-15,21.243661880493164,22.318193435668945,51.46210479736328,8.176178932189941,24.32335662841797,26.14617156982422,25.784725189208984,18.064207077026367,15.196457862854004,31.68798446655273
2010-04-16,21.040958404541016,21.920854568481445,51.31988143920898,8.087055206298828,24.23335647583008,25.93242454528809,25.626022338867188,18.02971649169922,14.36175537109375,31.24475479125977
2010-04-19,21.235557556152344,22.085899353027344,52.068115234375,8.110310554504395,24.344114303588867,26.322399139404297,25.55013465881348,18.25396156311035,14.346148490905762,31.19703483581543
2010-04-20,21.20311737060547,22.043109893798828,52.544281005859375,8.203307151794434,24.35103988647461,26.401142120361328,25.667430877685547,18.30571556091309,14.517773628234863,31.626619338989254
2010-04-21,21.31664085388184,21.92696952819824,53.335819244384766,8.315680503845215,24.413339614868164,26.431129455566406,25.520797729492188,17.864116668701172,14.260337829589844,31.838010787963867
2010-04-22,21.276092529296875,22.043109893798828,53.59551239013672,8.245931625366211,24.72481918334961,26.341142654418945,25.47239112854004,17.636417388916016,14.463167190551758,32.34943771362305
2010-04-23,21.47069549560547,21.920854568481445,53.75013732910156,8.276930809020996,25.18859100341797,26.723604202270508,25.59688186645508,17.66401481628418,14.37735366821289,32.540374755859375
2010-04-26,21.46258354187012,21.81693458557129,53.23687362670898,8.234305381774902,25.25779914855957,26.517377853393555,25.500057220458984,17.377660751342773,14.080912590026855,32.9154167175293
2010-04-27,21.06528663635254,21.33401679992676,52.25362396240234,8.106432914733887,24.427175521850582,25.857446670532227,25.078163146972656,17.1706600189209,13.628456115722656,32.00847625732422
2010-04-28,20.967981338500977,21.51740264892578,52.53811264038086,8.14517879486084,24.35796165466309,26.2174072265625,25.66604804992676,17.343168258666992,13.87028694152832,32.08350372314453
2010-04-29,21.057172775268555,21.92696952819824,53.4100227355957,8.207183837890625,24.61407470703125,26.712358474731445,25.76978874206543,17.50876235961914,14.275940895080566,33.08588409423828
2010-04-30,20.9760856628418,21.486831665039062,52.49480819702149,8.211055755615234,24.385644912719727,26.386138916015625,25.534631729125977,17.65021324157715,13.909293174743652,32.36989212036133
2010-05-03,21.0896053314209,21.774141311645508,53.645015716552734,8.292428970336914,24.828649520874023,26.727354049682617,25.645288467407227,17.550168991088867,14.088719367980955,33.07905960083008
2010-05-04,20.246341705322266,21.474613189697266,52.810184478759766,8.238181114196777,24.51716423034668,25.67370986938477,25.23032760620117,17.315561294555664,13.698660850524902,31.95394515991211
2010-05-05,20.22202682495117,21.84138298034668,52.463897705078125,8.22268009185791,24.39257431030273,25.29874610900879,24.939844131469727,17.301761627197266,13.67525863647461,31.28567314147949
2010-05-06,19.38686752319336,21.18729782104492,51.2332763671875,8.040557861328125,23.506572723388672,24.474733352661133,24.372705459594727,16.90501594543457,12.70012378692627,30.208267211914062
2010-05-07,18.9814510345459,21.31567001342773,50.256256103515625,8.044432640075684,23.13971710205078,24.111854553222656,24.109901428222656,16.80841636657715,12.622117042541504,29.676368713378903
2010-05-10,19.77606773376465,21.743576049804688,51.70943832397461,8.3621826171875,24.427175521850582,25.35922241210937,25.015914916992188,17.14306640625,13.495832443237305,31.415225982666016
2010-05-11,19.61389541625977,22.11034774780273,51.38790512084961,8.36605453491211,24.662525177001957,25.109758377075195,24.72544288635254,17.04300880432129,13.38662052154541,31.26520347595215
2010-05-12,19.94634437561035,22.354869842529297,51.57960510253906,8.397056579589844,24.842491149902344,25.567119598388672,25.119667053222656,16.956762313842773,13.316408157348633,31.960756301879883
2010-05-13,19.65445327758789,21.920854568481445,50.924102783203125,8.38155460357666,24.413339614868164,25.242042541503903,25.2441520690918,16.770465850830078,13.160391807556152,31.497058868408203
2010-05-14,19.281465530395508,21.627424240112305,49.95941162109375,8.373806953430176,24.36488151550293,24.603242874145508,24.74617958068848,16.732513427734375,12.746933937072754,31.01289367675781
2010-05-17,19.249027252197266,21.82915687561035,50.2809944152832,8.408679962158203,24.63483238220215,24.99257469177246,24.808425903320312,16.708356857299805,12.75473690032959,30.985633850097656
2010-05-18,18.997676849365234,21.60057640075684,50.08929443359375,8.280807495117188,24.03955841064453,24.807357788085938,24.34505271911621,16.57726287841797,12.442692756652832,30.699357986450195
2010-05-19,18.80307388305664,21.36124610900879,49.78010177612305,8.257555961608887,23.79730033874512,24.327316284179688,24.172134399414062,16.53931427001953,12.723527908325195,30.109004974365234
2010-05-20,18.121990203857425,20.072572708129883,47.95586395263672,8.00955867767334,22.76593399047852,23.268939971923828,23.418272018432617,16.035615921020508,11.935623168945312,28.68797874450684
2010-05-21,17.967920303344727,20.311899185180664,50.188232421875,8.141307830810547,22.85592269897461,23.69607353210449,23.722585678100582,16.194318771362305,12.473895072937012,28.880216598510746
2010-05-24,18.065229415893555,20.090988159179688,49.34722518920898,8.07930850982666,22.994359970092773,23.257606506347656,23.48052024841309,16.408218383789062,12.013636589050291,28.72230339050293
2010-05-25,18.00035858154297,20.19530868530273,49.718257904052734,7.904932498931885,23.520421981811523,23.51842498779297,23.56351661682129,16.294363021850586,12.083842277526855,28.68797874450684
2010-05-26,17.765220642089844,19.587799072265625,49.3039665222168,7.811933517456055,23.56195068359375,23.38234519958496,23.356029510498047,16.27366828918457,12.068239212036133,28.907655715942383
2010-05-27,18.30846405029297,19.84552383422852,50.2139778137207,7.959183692932129,23.914962768554688,24.603242874145508,23.923152923583984,16.515169143676758,12.622117042541504,29.80695152282715
2010-05-28,18.30036354064941,19.661434173583984,49.8150634765625,7.862308025360107,23.43736457824707,24.21769523620605,23.950815200805664,16.408218383789062,12.278868675231934,29.360740661621094
2010-06-01,18.00035858154297,19.649154663085938,49.34755325317383,7.796438217163086,23.37880516052246,23.639375686645508,23.750247955322266,16.194318771362305,12.044840812683104,28.76349830627441
2010-06-02,18.35711669921875,20.140079498291016,49.74026870727539,7.897186279296875,23.60882568359375,24.4671688079834,24.34505271911621,16.3806209564209,12.403918266296388,29.4705753326416
2010-06-03,18.519287109375,19.851661682128903,49.68415832519531,7.9785614013671875,23.30213165283203,24.176122665405277,24.248220443725582,16.466867446899414,12.341469764709473,29.69712448120117
2010-06-04,17.9435977935791,18.925050735473636,48.23808288574219,7.757686614990234,22.4099178314209,23.355884552001957,23.369861602783203,16.052860260009766,11.982389450073242,28.19371223449707
2010-06-07,17.594951629638672,18.409578323364254,47.57112121582031,7.680188179016113,21.99169158935547,22.87583923339844,21.467906951904297,15.949357986450195,11.576473236083984,27.45918655395508
2010-06-08,17.643590927124023,18.783906936645508,47.99497604370117,7.827434062957764,22.17292213439941,23.484397888183597,21.55089569091797,15.976961135864258,11.96677589416504,27.754364013671875
2010-06-09,17.465211868286133,18.305259704589844,48.2069206237793,7.76931095123291,22.138072967529297,23.40124893188477,21.21200942993164,15.821715354919434,11.716981887817385,27.466049194335938
2010-06-10,18.00035858154297,18.38503074645996,48.91124725341797,7.8739333152771,22.80723571777344,23.9342041015625,22.06269836425781,16.284011840820312,12.068254470825195,28.32415008544922
2010-06-11,18.39766311645508,18.090476989746094,49.08578109741211,7.917308330535889,22.458709716796875,24.48607444763184,22.18719291687012,16.284011840820312,12.177541732788086,28.36534881591797
2010-06-14,18.39766311645508,18.12729835510254,49.659217834472656,7.716220378875732,22.3471794128418,24.21769523620605,22.04194641113281,16.3288631439209,12.029224395751951,28.509502410888672
2010-06-15,18.81119155883789,18.5200309753418,50.38848876953125,7.850279808044434,22.486591339111328,24.78846740722656,22.2771053314209,16.61865997314453,12.333662986755373,29.54608154296875
2010-06-16,18.794971466064453,17.94320297241211,50.612884521484375,7.818732261657715,22.40294647216797,25.15132713317871,22.048864364624023,16.83256721496582,12.388307571411133,29.347000122070312
2010-06-17,18.705780029296875,17.961612701416016,50.457061767578125,7.881819248199463,22.242624282836918,25.00769805908203,22.02120590209961,16.777360916137695,12.349275588989258,29.278356552124023
2010-06-18,18.81119155883789,18.46481132507324,50.295013427734375,7.893649578094482,22.263532638549805,25.19668197631836,22.42925453186035,16.82566261291504,12.349275588989258,29.46371078491211
2010-06-21,18.72199821472168,18.4954891204834,49.90854644775391,7.909421920776367,21.90804481506348,25.253381729125977,21.97970390319824,16.66350746154785,12.325852394104004,29.4705753326416
2010-06-22,18.55982780456543,17.28659439086914,49.77766418457031,7.826620578765869,21.336475372314453,24.773340225219727,21.71688842773437,16.556562423706055,12.1619291305542,28.969432830810547
2010-06-23,18.389562606811523,17.26205062866211,49.67169570922852,7.795079231262207,21.259796142578125,24.60701560974121,21.737632751464844,16.408218383789062,12.044839859008787,28.72230339050293
2010-06-24,18.016576766967773,16.930673599243164,48.69311141967773,7.735933780670166,20.68125343322754,23.85483169555664,21.29499626159668,16.37370491027832,11.724786758422852,28.14567375183105
2010-06-25,18.37333869934082,16.525665283203125,48.64945983886719,7.767478942871094,21.05068588256836,23.79434967041016,21.163589477539062,16.280567169189453,12.037029266357422,28.55755615234375
2010-06-28,18.20306205749512,16.50725746154785,48.35650634765625,8.019822120666504,20.62548446655273,23.771669387817383,21.36416244506836,16.277111053466797,11.896524429321287,28.28295516967773
2010-06-29,17.635482788085938,16.255657196044922,46.84186935424805,7.869991302490234,19.95632743835449,23.057275772094727,20.624128341674805,16.094268798828125,11.373510360717772,26.999238967895508
2010-06-30,17.400348663330078,16.384525299072266,46.43670654296875,7.901534080505371,19.565980911254883,22.834266662597656,20.278318405151367,16.139110565185547,11.217388153076172,26.79330062866211
2010-07-01,17.473316192626953,16.29861831665039,46.41176223754883,7.980393409729004,19.461427688598636,23.076171875,20.216062545776367,16.028715133666992,10.944170951843262,26.463787078857425
2010-07-02,17.700349807739258,16.175880432128906,46.39931106567383,8.0079927444458,19.349899291992188,22.894737243652344,20.112329483032227,16.028715133666992,10.803665161132812,26.4500675201416
2010-07-06,18.09764862060547,16.3354434967041,46.33074951171875,8.098677635192871,19.05714225769043,22.890958786010746,19.74576759338379,16.108064651489258,10.975397109985352,26.573625564575195
2010-07-07,18.72199821472168,16.660661697387695,47.00393295288086,8.236681938171387,19.52416038513184,23.839712142944336,20.146902084350582,16.4599666595459,11.482797622680664,27.58962059020996
2010-07-08,18.82740020751953,17.25591468811035,47.46517181396485,8.40622615814209,19.62174797058105,24.285734176635746,20.354394912719727,16.594518661499023,11.599886894226074,27.9603214263916
2010-07-09,18.949020385742188,17.4277400970459,46.89796829223633,8.398337364196777,19.69841957092285,24.42559051513672,20.610294342041016,16.570363998413086,11.795039176940918,28.331016540527344
2010-07-12,18.99778175354004,17.268184661865234,46.58631134033203,8.398337364196777,19.733274459838867,24.108081817626957,20.72787094116211,16.497913360595703,11.873102188110352,28.02210807800293
2010-07-13,19.26592254638672,17.863422393798828,47.07871627807617,8.414108276367188,19.963302612304688,24.693967819213867,21.12900733947754,16.59889030456543,12.232181549072266,28.729167938232425
2010-07-14,19.45281219482422,18.176393508911133,47.06001281738281,8.418054580688477,19.71235466003418,24.38779067993164,21.21200942993164,16.661563873291016,12.232181549072266,28.619335174560547
2010-07-15,19.363433837890625,18.237762451171875,47.34051132202149,8.46142292022705,19.754186630249023,24.418027877807617,21.288087844848636,16.720760345458984,12.013616561889648,28.68797874450684
2010-07-16,18.908395767211918,17.92479705810547,46.08141708374024,8.382566452026367,18.89682006835937,23.609132766723636,20.776287078857425,16.389968872070312,10.912948608398438,27.58962059020996
2010-07-19,19.16841697692871,17.937063217163086,46.156211853027344,8.429880142211914,18.86893653869629,23.491958618164062,20.859277725219727,16.50836181640625,10.62412452697754,27.69945526123047
2010-07-20,19.43656349182129,18.115026473999023,46.06274032592773,8.485081672668457,19.468402862548828,24.433149337768555,21.14922142028809,16.52925682067871,10.749022483825684,28.28295516967773
2010-07-21,19.14403915405273,17.71001625061035,45.91312789916992,8.441710472106934,19.147754669189453,24.493627548217773,20.781591415405277,16.950576782226562,10.42896842956543,28.234899520874023
2010-07-22,19.753467559814453,18.047517776489254,46.280887603759766,8.615196228027344,19.67053985595703,24.947216033935547,20.75385093688965,17.06548309326172,10.663152694702148,29.28522491455078
2010-07-23,19.907859802246094,18.4954891204834,46.093875885009766,8.721656799316406,19.691450119018555,25.57090187072754,21.45443153381348,17.03763198852539,10.725605964660645,29.861860275268555
2010-07-26,20.0216121673584,18.33594512939453,46.67356872558594,8.670397758483887,20.20726203918457,25.778793334960938,21.502979278564453,17.145570755004883,11.04565143585205,30.12958526611328
2010-07-27,19.96473503112793,17.851158142089844,46.66733932495117,8.69405746459961,19.921476364135746,26.00557327270508,21.22551727294922,17.15601921081543,11.076874732971191,29.81381607055664
2010-07-28,19.72908592224121,17.746837615966797,46.89796829223633,8.701939582824707,19.57295036315918,26.02069664001465,21.877546310424805,17.13861083984375,10.92076015472412,29.683385848999023
2010-07-29,19.25779914855957,17.37864112854004,46.71717834472656,8.682222366333008,19.552045822143555,26.01313781738281,21.433616638183597,17.055038452148438,10.951979637145996,29.32639503479004
2010-07-30,19.20904922485352,17.5197811126709,46.84186935424805,8.737424850463867,19.872678756713867,26.25883102416992,21.287946701049805,17.089855194091797,10.959786415100098,29.422513961791992
2010-08-02,19.737213134765625,17.875694274902344,47.309349060058594,8.772910118103027,20.29787826538086,26.88252067565918,21.586217880249023,17.351015090942383,11.272029876708984,30.019756317138672
2010-08-03,19.67220687866211,17.685474395751953,47.016380310058594,8.721656799316406,19.830856323242188,26.46672821044922,21.4058780670166,17.410213470458984,11.193970680236816,29.614730834960938
2010-08-04,19.899730682373047,17.489097595214844,46.760833740234375,8.81234073638916,20.019062042236328,26.79179573059082,21.19778633117676,17.472888946533203,11.076874732971191,30.191383361816406
2010-08-05,19.737213134765625,17.29886817932129,46.767066955566406,8.808396339416504,20.01208877563477,26.553661346435547,20.892576217651367,17.403247833251953,10.944170951843262,30.287492752075195
2010-08-06,19.810340881347656,17.182275772094727,46.7920036315918,8.887253761291504,19.991174697875977,26.49651336669922,20.698352813720703,17.608688354492188,10.89733600616455,30.04721450805664
2010-08-09,19.712833404541016,17.397050857543945,47.12234878540039,8.906970977783203,20.00511741638184,26.580324172973636,20.809335708618164,17.71662139892578,10.858304977416992,30.12958526611328
2010-08-10,19.737213134765625,17.317277908325195,46.77952575683594,8.922740936279297,19.684478759765625,26.416522979736328,20.587366104125977,17.922073364257812,10.63973617553711,29.80695152282715
2010-08-11,19.22529602050781,17.016584396362305,45.57653045654297,8.847827911376953,19.31504821777344,25.54409408569336,19.852109909057617,17.54600715637207,10.29626750946045,28.70171546936035
2010-08-12,18.6402530670166,17.200679779052734,45.17760467529297,8.851768493652344,19.245344161987305,25.467891693115234,20.074071884155277,17.54600715637207,10.19478988647461,28.344745635986328
2010-08-13,18.412731170654297,17.28659439086914,45.32721710205078,8.81234073638916,19.036231994628903,25.262176513671875,19.90759658813477,17.43110466003418,10.327489852905272,28.36534881591797
2010-08-16,18.461475372314453,17.29886817932129,44.84103393554688,8.910913467407227,19.08502197265625,25.338367462158203,19.90759658813477,17.528600692749023,10.29626750946045,28.269235610961918
2010-08-17,18.72963523864746,17.425447463989258,45.14021682739258,9.037084579467772,19.733274459838867,25.80695343017578,20.032455444335938,17.650470733642578,10.311881065368652,29.09986686706543
2010-08-18,18.76214408874512,17.419275283813477,45.91312789916992,9.041027069091797,20.11665344238281,25.620288848876957,20.150367736816406,17.490297317504883,10.397747039794922,29.15035057067871
2010-08-19,18.689001083374023,17.388402938842773,45.55160140991211,8.973997116088867,19.67053985595703,24.987869262695312,19.78274154663086,17.173433303833008,10.163564682006836,28.189258575439453
2010-08-20,18.70524787902832,17.567476272583008,45.62639999389648,8.9542818069458,19.635684967041016,24.915483474731445,19.41511344909668,17.180387496948242,10.046469688415527,28.099384307861328
2010-08-23,18.558990478515625,17.585994720458984,45.17760467529297,8.96216869354248,19.39869499206543,24.76691055297852,19.74806404113769,17.33361053466797,10.046469688415527,27.76750373840332
2010-08-24,18.20958709716797,17.258737564086914,44.41093063354492,8.98582935333252,19.36384010314941,24.462135314941406,19.37348175048828,17.22914695739746,9.86693000793457,27.200538635253903
2010-08-25,18.217716217041016,16.980863571166992,44.67272567749024,9.009483337402344,19.747215270996094,24.816444396972656,19.44285774230957,17.3475341796875,9.88254165649414,26.84100151062012
2010-08-26,18.0795841217041,16.758569717407227,44.59170150756836,8.914856910705566,19.78207015991211,24.8850154876709,19.25558090209961,17.236099243164062,9.734225273132324,26.758026123046875
2010-08-27,18.290847778320312,16.869712829589844,45.046722412109375,8.887253761291504,20.033002853393555,25.563138961791992,19.0821590423584,17.354494094848633,9.86693000793457,27.41488265991211
2010-08-30,17.89268684387207,16.789445877075195,44.15382766723633,8.87937068939209,19.51021957397461,24.94596672058105,19.01973533630371,17.232624053955078,9.617136001586914,26.86865997314453
2010-08-31,17.74642562866211,16.5980224609375,43.713680267333984,8.800512313842773,19.556617736816406,25.079307556152344,18.71453094482422,17.180387496948242,9.726421356201172,27.006935119628903
2010-09-01,18.380226135253903,17.098188400268555,43.97148132324219,8.9345703125,20.15413475036621,25.96697998046875,19.408178329467773,17.50422477722168,10.32016372680664,28.26533508300781
2010-09-02,18.266475677490234,17.474849700927734,44.21672821044922,8.98582935333252,20.674339294433597,26.256505966186523,19.637086868286133,17.62261962890625,10.374848365783691,29.0466365814209
2010-09-03,18.623998641967773,17.474849700927734,44.468238830566406,9.033143043518066,20.983644485473636,26.66033744812012,19.89372444152832,17.667882919311523,10.546722412109377,29.606691360473636
2010-09-07,19.712833404541016,17.59217643737793,43.7576904296875,9.11199951171875,20.61810302734375,26.012678146362305,19.546897888183597,17.580833435058594,10.32016372680664,28.991315841674805
2010-09-08,19.61532211303711,17.70331382751465,43.29867935180664,9.24605655670166,20.702451705932617,26.32508087158203,19.761932373046875,17.566904067993164,10.445160865783691,29.17109680175781
2010-09-09,19.76971435546875,17.73419189453125,43.61936950683594,9.317028045654297,20.674339294433597,26.40508270263672,19.942279815673828,17.789751052856445,10.546722412109377,29.01898956298828
2010-09-10,20.354766845703125,17.882389068603516,44.25443649291992,9.399829864501951,20.86414337158203,26.96129608154297,20.129568099975582,17.946439743041992,10.58578395843506,29.599760055541992
2010-09-13,20.40351676940918,17.944133758544922,43.66964721679688,9.403839111328123,21.082061767578125,27.292747497558597,20.275224685668945,17.91510581970215,10.89827823638916,29.938566207885746
2010-09-14,20.62290573120117,18.042938232421875,43.05973434448242,9.419862747192385,21.06800079345703,27.178451538085938,20.3029727935791,17.90117645263672,10.68734359741211,30.1045036315918
2010-09-15,20.91542625427246,18.03676414489746,43.05973434448242,9.4879789352417,21.046905517578125,27.2889347076416,20.413959503173828,17.98822784423828,10.71078109741211,30.125268936157227
2010-09-16,20.606658935546875,17.981191635131836,43.0786018371582,9.403839111328123,21.05394744873047,27.517520904541016,20.448644638061523,17.970808029174805,10.58578395843506,30.23588180541992
2010-09-17,22.32929801940918,18.03676414489746,43.85829544067383,9.41585922241211,21.011762619018555,27.448938369750977,20.69141387939453,17.981258392333984,10.468598365783691,30.298118591308597
2010-09-20,22.33742332458496,18.05528450012207,44.46193313598633,9.500000953674316,21.546018600463867,27.681339263916016,21.017431259155277,18.19715118408203,10.734222412109377,30.63690185546875
2010-09-21,21.79300308227539,18.351682662963867,45.05301284790039,9.560099601745604,21.728790283203125,27.502277374267575,20.837085723876957,18.158845901489254,10.663902282714844,30.63690185546875
2010-09-22,22.101776123046875,18.394906997680664,45.14732360839844,9.564105987548828,21.70770263671875,27.46038627624512,20.87176322937012,18.103132247924805,10.484217643737791,30.201303482055664
2010-09-23,22.036775588989254,18.222017288208008,45.06557846069336,9.455928802490234,21.67958068847656,27.220365524291992,20.73996925354004,17.96733283996582,10.288912773132324,29.89016914367676
2010-09-24,21.90675926208496,18.74687957763672,45.98360061645508,9.616192817687988,22.241958618164062,27.780397415161133,21.50991439819336,18.085723876953125,10.62484359741211,30.74061393737793
2010-09-27,21.89863967895508,18.740697860717773,45.51203918457031,9.620196342468262,22.21384048461914,27.727052688598636,21.23245429992676,18.14144515991211,10.343598365783691,30.311935424804688
2010-09-28,22.093647003173828,20.87720489501953,45.568634033203125,9.696331024169922,22.36146354675293,27.864208221435547,21.81512451171875,18.23893165588379,10.367037773132324,30.553936004638672
2010-09-29,22.077396392822266,20.766048431396484,45.20391845703125,9.716363906860352,22.36146354675293,27.77277374267578,21.70413589477539,18.27723693847656,10.24203872680664,30.450220108032227
2010-09-30,21.8173770904541,20.68577766418457,44.820350646972656,9.62420654296875,22.270078659057617,27.73467254638672,21.82899284362793,18.190189361572266,10.234225273132324,30.381074905395508
2010-10-01,22.13427734375,20.79691696166992,43.77027893066406,9.528048515319824,22.36849594116211,27.845163345336918,22.044025421142575,18.308574676513672,10.390474319458008,30.52628326416016
2010-10-04,21.898197174072266,20.444957733154297,43.6068000793457,9.548080444335938,22.2630558013916,27.52132606506348,21.801250457763672,18.284204483032227,10.273285865783691,30.15290641784668
2010-10-05,22.223827362060547,20.98217010498047,44.39278793334961,9.716363906860352,22.3122615814209,28.191837310791016,22.23824119567871,18.4826774597168,10.593597412109377,31.12091064453125
2010-10-06,22.45176315307617,21.03156471252441,44.58141326904297,9.788487434387209,22.3122615814209,28.48138236999512,22.48102569580078,18.44785690307617,10.460782051086426,31.611814498901367
2010-10-07,22.541309356689453,20.91423988342285,44.41162490844727,9.844578742980955,22.3122615814209,28.401386260986328,22.18275451660156,18.308574676513672,10.398286819458008,31.445858001708984
2010-10-08,22.793670654296875,20.98217010498047,44.078369140625,9.820537567138672,22.41769790649414,28.652812957763672,21.67639541625977,18.388656616210938,10.296724319458008,31.63256072998047
2010-10-11,22.67156410217285,20.840147018432617,44.317325592041016,9.756431579589844,22.347400665283203,28.57280921936035,21.53766250610352,18.388656616210938,10.273285865783691,31.53574752807617
2010-10-12,22.75296401977539,21.01921272277832,44.36134338378906,9.832557678222656,22.08028030395508,28.763296127319336,21.468297958374023,18.632402420043945,10.56234645843506,31.49426651000977
2010-10-13,23.28210830688477,21.488508224487305,44.71974563598633,9.86461353302002,21.79206085205078,29.04520797729492,21.94691276550293,18.671031951904297,10.38265609741211,32.088905334472656
2010-10-14,23.06230926513672,21.297080993652344,44.14126205444336,9.936734199523926,21.65850067138672,29.07951164245605,21.67639541625977,18.68156623840332,9.84360694885254,31.922935485839844
2010-10-15,23.526323318481445,21.35266494750977,44.02809143066406,9.96878719329834,21.5811710357666,29.24713134765625,21.7180118560791,18.66751480102539,9.359241485595703,32.14420700073242
2010-10-18,23.79495620727539,21.24768447875977,44.0406494140625,9.97680377960205,21.461658477783203,29.28903579711914,21.67639541625977,18.843061447143555,9.640485763549805,32.49684524536133
2010-10-19,23.713563919067383,20.766048431396484,43.682228088378906,9.916699409484863,21.37730407714844,28.866153717041016,21.190837860107425,18.56218719482422,9.218616485595703,31.916030883789062
2010-10-20,23.314666748046875,21.01304244995117,43.90861129760742,9.98481559753418,21.60225486755371,29.51000595092773,21.585973739624023,18.40419006347656,9.179553031921388,32.088905334472656
2010-10-21,23.461191177368164,21.056264877319336,45.1724853515625,9.996838569641112,22.36146354675293,29.20902633666992,21.739015579223636,18.551658630371094,8.874874114990234,32.26865768432617
2010-10-22,23.599584579467773,21.037744522094727,45.13473892211914,9.98481559753418,22.12947654724121,29.11758804321289,21.81553268432617,18.45334815979004,8.937370300292969,32.67660140991211
2010-10-25,23.47748565673828,21.26621627807617,44.90211486816406,10.040907859802246,22.07324981689453,29.46048355102539,21.725099563598636,18.4357967376709,8.718623161315918,32.8632698059082
2010-10-26,23.306528091430664,21.08097076416016,45.14732360839844,10.097001075744627,21.99591636657715,29.449047088623047,21.40510368347168,18.49898910522461,8.827994346618652,32.69041442871094
2010-10-27,23.36351203918457,20.96364021301269,44.57513046264648,10.06094455718994,21.72176170349121,29.24713134765625,21.45379638671875,18.13033866882324,9.015496253967283,32.559059143066406
2010-10-28,23.90079116821289,21.08097076416016,44.65686798095703,10.153101921081545,21.925621032714844,29.182355880737305,21.32857894897461,18.168970108032227,9.007680892944336,32.56596374511719
2010-10-29,23.917070388793945,20.920425415039062,44.82663345336914,10.185154914855955,21.72176170349121,29.220458984375,20.95988273620605,18.017993927001957,8.945180892944336,32.57289505004883
2010-11-01,23.713563919067383,21.0254020690918,44.93983459472656,10.165117263793944,21.58819580078125,29.20902633666992,20.799882888793945,17.765209197998047,8.984244346618652,32.35854721069336
2010-11-02,24.039182662963867,21.297080993652344,45.04671096801758,10.24525260925293,22.15057182312012,29.57856559753418,21.238142013549805,17.863508224487305,8.906118392944336,32.66276931762695
2010-11-03,23.770538330078125,21.7231559753418,44.60027694702149,10.321381568908691,22.11542320251465,29.67380714416504,21.47466468811035,17.919689178466797,8.999866485595703,32.80105209350586
2010-11-04,23.990339279174805,22.19862174987793,45.247928619384766,10.477643013000488,22.45284843444824,30.14621925354004,21.91987609863281,17.863508224487305,9.476423263549805,33.88658142089844
2010-11-05,23.81124687194824,21.698450088500977,46.0716552734375,10.46161651611328,22.43879127502441,30.35194206237793,21.523366928100582,17.877559661865234,9.65610694885254,34.07327651977539
2010-11-08,23.640291213989254,21.66758155822754,46.084228515625,10.36545753479004,22.136512756347656,30.34043502807617,21.725099563598636,17.712549209594727,9.84360694885254,33.95573043823242
2010-11-09,23.39607048034668,21.760202407836918,45.618919372558594,10.249261856079102,22.12245178222656,30.02202606201172,21.585973739624023,17.572111129760742,9.585801124572754,33.89350509643555
2010-11-10,23.35537338256836,21.788131713867188,45.222782135009766,10.101007461547852,22.270078659057617,29.92996025085449,21.655536651611328,17.614242553710938,9.820171356201172,33.76213073730469
2010-11-11,23.257686614990234,21.850187301635746,44.08467483520508,10.109023094177246,22.28413963317871,29.964487075805664,21.467714309692383,17.477323532104492,9.663922309875488,33.402591705322266
2010-11-12,23.054162979125977,21.6143798828125,43.69481658935547,9.956768989562988,22.101367950439453,29.454273223876957,21.03640365600586,17.055997848510742,9.468607902526855,32.85636901855469
2010-11-15,23.119295120239254,21.415786743164062,43.61936950683594,9.892659187316896,22.06621551513672,29.48495483398437,20.904224395751957,16.908557891845703,9.452987670898438,32.904754638671875
2010-11-16,22.45176315307617,21.105504989624023,43.185489654541016,9.768451690673828,22.291162490844727,28.993921279907227,20.625974655151367,16.733001708984375,9.327988624572754,33.49248123168945
2010-11-17,22.720407485961918,21.105504989624023,43.103763580322266,9.80050277709961,21.672550201416016,29.18574333190918,20.751182556152344,16.78215217590332,9.077994346618652,33.967681884765625
2010-11-18,23.04602813720703,21.35993766784668,43.48102569580078,9.916699409484863,21.70067405700684,29.749664306640625,21.41901588439941,16.718955993652344,9.14049243927002,34.6077995300293
2010-11-19,22.915775299072266,21.57092666625977,43.65709686279297,9.912694931030272,21.94671440124512,29.684446334838867,21.585973739624023,16.641714096069336,9.109243392944336,34.635643005371094
2010-11-22,22.834369659423828,21.65160179138184,43.16032409667969,9.808517456054688,21.85533142089844,29.67293930053711,21.551183700561523,16.589052200317383,8.827994346618652,34.545188903808594
2010-11-23,22.134279251098636,21.08688735961914,42.95914077758789,9.832557678222656,21.728790283203125,29.12436294555664,21.56510353088379,16.483728408813477,8.663932800292969,34.51040267944336
2010-11-24,22.582008361816406,21.29167366027832,43.48731231689453,9.844578742980955,21.904539108276367,29.84172821044922,21.954662322998047,16.48724365234375,8.812371253967285,35.073970794677734
2010-11-26,22.37849998474121,20.900712966918945,43.26094818115234,9.76043701171875,21.79206085205078,29.780351638793945,21.669443130493164,16.431066513061523,8.687373161315918,34.8791618347168
2010-11-29,22.15869903564453,21.595752716064453,43.35630035400391,9.788487434387209,21.574138641357425,29.84555435180664,21.871183395385746,16.322229385375977,8.835809707641602,34.739990234375
2010-11-30,22.020307540893555,21.626781463623047,43.25460052490234,9.616192817687988,21.40127944946289,29.90693664550781,21.56510353088379,16.32925033569336,8.554561614990234,34.5869255065918
2010-12-01,22.50874900817871,22.13564682006836,44.1191635131836,9.684308052062988,22.393070220947266,30.63582801818848,22.170310974121094,16.50479507446289,8.828248023986816,35.40098571777344
2010-12-02,22.87507438659668,22.4086971282959,44.37347030639648,9.536059379577637,23.63279151916504,30.76240921020508,22.246828079223636,16.71544647216797,9.133208274841309,35.616695404052734
2010-12-03,23.45306205749512,22.87412452697754,43.97931289672852,9.540067672729492,23.717809677124023,30.99642944335937,22.552913665771484,16.631181716918945,9.273963928222656,35.797576904296875
2010-12-06,23.387924194335938,22.55763053894043,43.72503280639648,9.636224746704102,23.618633270263672,30.670345306396484,22.62249183654785,16.473194122314453,9.1019287109375,35.60275650024414
2010-12-07,23.648426055908203,22.476957321166992,44.15094757080078,9.636224746704102,23.767391204833984,30.862144470214844,22.998140335083008,16.462661743164062,9.047192573547363,35.78366470336914
2010-12-08,23.79495620727539,22.63210105895996,43.6932487487793,9.776464462280272,24.107431411743164,30.62814712524414,23.16509056091309,16.406490325927734,9.383432388305664,35.741905212402344
2010-12-09,23.81938743591309,22.57004737854004,43.42622375488281,9.852593421936035,24.31288146972656,30.708721160888672,23.366823196411133,16.546926498413086,9.891700744628906,35.72105407714844
2010-12-10,24.372949600219727,22.607276916503903,43.76316833496094,9.956768989562988,24.36954689025879,31.0347900390625,23.408565521240234,16.718955993652344,10.008993148803713,36.16634750366211
2010-12-13,24.76369285583496,22.613481521606445,43.62332534790039,9.912694931030272,24.48290061950684,30.86598777770996,23.47813034057617,16.6698055267334,9.805686950683594,36.18024826049805
2010-12-14,24.836959838867188,22.805858612060547,44.51332473754883,9.93272590637207,24.596254348754883,31.19974899291992,23.70769691467285,16.869930267333984,9.696215629577637,36.54900741577149
2010-12-15,24.820674896240234,23.041675567626957,44.32261657714844,9.916699409484863,24.645835876464844,31.49513435363769,23.54073715209961,16.894502639770508,9.610198974609377,35.86020278930664
2010-12-16,24.64158821105957,23.40781021118164,44.735816955566406,10.00084400177002,24.879615783691406,31.249610900878903,24.041603088378903,17.04898452758789,9.79004955291748,37.16130065917969
2010-12-17,25.61031150817871,23.32093620300293,44.54511260986328,10.01286506652832,24.86543655395508,31.460613250732425,23.93030166625977,16.992815017700195,9.82914924621582,36.86906433105469
2010-12-20,25.78126716613769,23.13475608825684,44.27810287475586,10.084982872009276,24.936283111572266,31.594873428344727,23.90247917175293,16.94717025756836,9.868246078491213,36.81341552734375
2010-12-21,25.854530334472656,22.85550880432129,44.37347030639648,10.117039680480955,24.851266860961918,31.640907287597656,23.985950469970703,16.85237693786621,10.149744987487791,37.24478149414063
2010-12-22,25.773122787475582,24.10904693603516,44.0873908996582,10.12104320526123,24.922117233276367,31.702281951904297,24.312902450561523,16.796205520629883,10.46252727508545,37.37697219848633
2010-12-23,25.675434112548828,24.320045471191406,44.02381896972656,10.10883903503418,24.858354568481445,31.76366233825684,24.14595603942871,16.78566551208496,10.212306022644045,37.17521286010742
2010-12-27,25.773122787475582,24.17731475830078,44.06196212768555,10.047822952270508,24.96462631225586,31.84806632995605,24.104219436645508,16.63469696044922,10.376514434814451,37.14737319946289
2010-12-28,25.699861526489254,24.493803024291992,44.23360824584961,10.068159103393556,24.858354568481445,32.16646194458008,24.17378616333008,16.638202667236328,10.431248664855955,37.23087310791016
2010-12-29,25.64287376403809,24.50000762939453,43.94752502441406,10.051891326904297,24.716670989990234,32.304569244384766,24.27812957763672,16.64874267578125,10.407790184020996,37.084747314453125
2010-12-30,25.471927642822266,24.35107040405273,43.66782379150391,10.007142066955566,24.695423126220703,32.16646194458008,24.34769630432129,16.701404571533203,10.384334564208984,36.84820556640625
2010-12-31,25.480064392089844,24.17731475830078,44.44340133666992,10.015277862548828,24.83711624145508,32.250850677490234,24.187694549560547,16.82077407836914,10.431248664855955,36.987342834472656
2011-01-03,25.740562438964844,24.400714874267575,44.417964935302734,9.966466903686523,25.01421356201172,32.48870086669922,24.382476806640625,16.789180755615234,11.095908164978027,37.717918395996094
2011-01-04,25.626596450805664,24.605506896972656,44.69768905639648,9.921710968017578,24.56081771850586,32.00532531738281,24.36160469055176,16.94717025756836,11.135007858276367,37.21001434326172
2011-01-05,25.268415451049805,24.946815490722656,45.72119522094727,9.95832633972168,24.48290061950684,32.1856575012207,24.61900329589844,16.94717025756836,11.338313102722168,37.8292350769043
2011-01-06,25.374238967895508,25.02128791809082,46.52220916748047,9.999006271362305,24.383718490600582,32.070560455322266,24.368558883666992,16.912059783935547,11.291396141052246,37.8222770690918
2011-01-07,25.26026725769043,24.87234306335449,46.80827331542969,9.921710968017578,24.35539054870605,31.579519271850582,24.382476806640625,16.98227310180664,11.142827033996582,37.7805290222168
2011-01-10,25.268415451049805,25.41224479675293,46.7828483581543,9.860695838928224,24.36246681213379,31.679258346557617,24.472915649414062,16.831310272216797,11.260119438171388,37.5022087097168
2011-01-11,25.22770118713379,25.33777618408203,46.82100677490234,9.791544914245604,24.695423126220703,31.468263626098636,24.57725715637207,16.796205520629883,11.486886978149414,37.571807861328125
2011-01-12,25.18700408935547,25.5673828125,47.19607925415039,9.787471771240234,24.674169540405277,31.84422492980957,24.21552276611328,16.85997772216797,11.72146987915039,38.07275772094727
2011-01-13,25.38237571716309,25.84042739868164,46.94178009033203,9.811881065368652,24.98587417602539,31.663923263549805,24.250301361083984,16.785568237304688,11.549443244934082,37.98231506347656
2011-01-14,25.48022079467773,25.716318130493164,47.36137008666992,9.828150749206545,25.42508888244629,31.89407730102539,24.403345108032227,16.615478515625,11.924781799316406,38.28149032592773
2011-01-18,25.70852470397949,26.04521751403809,48.658241271972656,9.795604705810549,25.51718521118164,31.91326713562012,24.445083618164062,16.725332260131836,11.729291915893556,38.1005859375
2011-01-19,25.76559257507324,25.617027282714844,49.370235443115234,9.758996963500977,25.24090385437012,31.75983428955078,24.08555603027344,16.771394729614258,11.236659049987791,37.80835723876953
2011-01-20,26.344520568847656,25.82181739807129,50.42553329467773,9.779335021972656,25.850143432617188,31.21125221252441,24.651033401489254,16.9946346282959,11.36959457397461,37.975345611572266
2011-01-21,26.507587432861328,25.871469497680664,50.36198043823242,9.799677848815918,25.86431312561035,31.51430892944336,24.720844268798828,16.980457305908203,11.142827033996582,37.91272735595703
2011-01-24,26.417898178100582,25.74734878540039,49.60544204711914,9.933919906616213,25.96348762512207,31.95929908752441,24.42763328552246,17.069047927856445,10.884782791137695,38.5250129699707
2011-01-25,26.328205108642575,25.59220695495605,50.2666130065918,9.881033897399902,26.324779510498047,32.062889099121094,24.546310424804688,16.9946346282959,10.658015251159668,38.53196716308594
2011-01-26,26.54834747314453,25.623239517211918,49.83433151245117,9.872899055480955,26.508981704711918,32.52708053588867,24.853487014770508,16.56587028503418,10.595460891723633,38.80331039428711
2011-01-27,26.84188461303711,25.486713409423828,50.28569793701172,9.73052215576172,26.90568351745605,32.193321228027344,24.93029022216797,16.434757232666016,10.689292907714844,38.907691955566406
2011-01-28,26.09175109863281,25.04611015319824,49.71353530883789,9.677638053894045,25.99890899658203,31.92861557006836,24.294981002807617,16.119388580322266,10.634557723999023,38.490211486816406
2011-01-31,26.1162109375,25.09575462341309,50.60353088378906,9.563737869262695,26.04850578308105,32.331424713134766,23.876110076904297,16.00244903564453,10.736210823059082,38.970306396484375
2011-02-01,27.102802276611328,26.20657157897949,51.23290252685547,9.592214584350586,26.204345703125,32.995079040527344,24.399696350097656,16.027263641357422,11.189743041992188,39.61736297607422
2011-02-02,27.02126121520996,26.04521751403809,51.53805923461914,9.632891654968262,25.899736404418945,32.665164947509766,24.190269470214844,16.204429626464844,11.135007858276367,39.94438934326172
2011-02-03,26.898956298828125,26.256216049194336,51.3155403137207,9.783407211303713,25.99890899658203,32.8377799987793,22.98249244689941,16.300107955932617,11.283576965332031,39.77740478515625
2011-02-04,26.59727096557617,26.29344940185547,51.3092041015625,9.763063430786133,26.06974601745605,32.933712005615234,22.807960510253903,16.342626571655273,11.174101829528809,39.742618560791016
2011-02-07,26.89081382751465,26.256216049194336,51.82411956787109,9.787471771240234,25.92807006835937,33.0257568359375,22.98948097229004,16.190256118774414,11.471247673034668,39.74957275390625
2011-02-08,26.93157958984375,26.547874450683597,51.74784851074219,9.81595230102539,26.324779510498047,33.27128601074219,23.247787475585938,16.16191291809082,11.424330711364746,39.93048095703125
2011-02-09,26.81741714477539,26.473411560058597,52.30091857910156,9.824084281921388,26.331859588623047,33.1792106628418,23.26175308227539,16.137102127075195,11.44778823852539,39.89568328857422
2011-02-10,27.119102478027344,26.42376708984375,52.059356689453125,9.799677848815918,26.431049346923828,33.574344635009766,23.010427474975582,16.119388580322266,11.330495834350586,39.98614883422852
2011-02-11,27.290332794189453,26.42376708984375,51.93221664428711,9.942054748535156,26.55146789550781,33.904239654541016,23.059288024902344,16.144197463989258,11.549443244934082,40.34098052978516
2011-02-14,27.14356803894043,26.169342041015625,51.44272613525391,9.962392807006836,26.622316360473636,33.94645690917969,22.87778091430664,16.293020248413086,11.643278121948242,40.07658386230469
2011-02-15,26.71142196655273,26.274826049804688,51.79872131347656,9.95832633972168,26.700244903564453,33.89275360107422,23.02437973022461,16.56587028503418,11.549443244934082,39.91655349731445
2011-02-16,26.99680519104004,26.290401458740234,51.67154693603516,9.95832633972168,26.820669174194336,34.24016571044922,22.83589553833008,16.39223861694336,11.604178428649902,40.03062438964844
2011-02-17,26.915264129638672,26.5521297454834,52.06572723388672,10.060026168823242,27.047367095947266,34.529685974121094,22.87079620361328,16.413497924804688,11.580720901489258,40.142608642578125
2011-02-18,27.461557388305664,26.63314247131348,52.00849533081055,10.084432601928713,27.259883880615234,34.79602813720703,23.08024024963379,16.6119384765625,11.533803939819336,40.583492279052734
2011-02-22,26.523887634277344,26.284181594848636,50.972267150878906,10.064092636108398,26.983598709106445,33.60707092285156,22.828907012939453,16.643821716308594,11.088088989257812,39.35177612304688
2011-02-23,26.23851585388184,25.69218063354492,50.94683456420898,10.051891326904297,26.4239559173584,33.41022109985352,22.50777053833008,16.466646194458008,11.080272674560549,38.93889236450195
2011-02-24,26.29559326171875,25.74828147888184,50.997684478759766,10.051891326904297,26.31061363220215,33.17859649658203,22.696264266967773,16.725332260131836,10.923877716064451,39.52675247192383
2011-02-25,26.86634635925293,26.1533145904541,51.40840148925781,10.145450592041016,26.26810646057129,33.74991989135742,22.996461868286133,16.881240844726562,11.103731155395508,40.086612701416016
2011-02-28,26.825578689575195,27.00703430175781,50.79875946044922,10.32037353515625,26.54438591003418,34.116634368896484,23.08024024963379,17.044246673583984,11.174101829528809,40.52751541137695
2011-03-01,25.822677612304688,26.620689392089844,50.7730827331543,10.218679428100586,26.04141998291016,33.86956787109375,23.10816192626953,16.83163070678711,10.892600059509276,39.50575256347656
2011-03-02,26.189598083496094,26.072315216064453,50.99128723144531,10.190197944641112,25.97056770324707,33.973812103271484,22.87079620361328,16.895414352416992,10.822174072265623,38.87589645385742
2011-03-03,26.93157958984375,26.502275466918945,51.838340759277344,10.348848342895508,26.60107040405273,34.641639709472656,23.36647224426269,17.132829666137695,11.166481018066406,40.09360122680664
2011-03-04,26.71142196655273,26.315330505371094,51.24155426025391,10.300031661987305,26.36729621887207,34.189979553222656,23.04532241821289,17.25330924987793,11.049108505249023,39.54772567749024
2011-03-07,26.17328453063965,26.078536987304688,50.88860321044922,10.32444190979004,26.11934471130371,33.78466033935547,22.91967010498047,17.185985565185547,10.978677749633787,39.32379531860352
2011-03-08,26.69512176513672,26.415040969848636,51.51108551025391,10.438343048095703,26.41890525817871,34.29035568237305,23.289674758911133,17.256851196289062,11.495137214660645,40.10060501098633
2011-03-09,26.735885620117188,26.5521297454834,51.64583969116211,10.499361038208008,26.86825942993164,33.98926544189453,23.785350799560547,17.387956619262695,11.416884422302246,39.687721252441406
2011-03-10,25.92867088317871,26.147085189819336,50.721771240234375,10.430204391479492,26.440303802490234,33.371612548828125,23.75741958618164,17.185985565185547,11.158656120300291,39.04385757446289
2011-03-11,26.01836395263672,26.128400802612305,51.63945388793945,10.34349536895752,26.490234375,33.776939392089844,23.736478805541992,17.171812057495117,11.252558708190918,39.37979507446289
2011-03-14,25.757442474365234,25.91652488708496,51.63945388793945,10.318720817565918,26.16214179992676,33.9081916809082,23.40137481689453,17.086763381958008,11.135180473327637,39.19783020019531
2011-03-15,25.41499710083008,25.59249687194824,51.13245391845703,10.203105926513672,25.88397216796875,33.506736755371094,23.12910461425781,16.88479232788086,10.923901557922363,38.868896484375
2011-03-16,24.62408447265625,25.305850982666016,50.31748580932617,10.02967929840088,25.448884963989254,33.01261901855469,22.954578399658203,16.55169677734375,10.712626457214355,38.022090911865234
2011-03-17,24.90946388244629,25.654800415039062,51.60092544555664,10.091622352600098,25.505939483642575,33.64569854736328,23.02437973022461,16.746591567993164,10.939553260803224,38.63795471191406
2011-03-18,25.08069610595703,25.492794036865234,51.67792892456055,10.240266799926758,25.67712783813477,33.761505126953125,23.46421813964844,16.97691535949707,10.98650360107422,39.09284210205078
2011-03-21,25.618824005126957,26.1533145904541,52.12712478637695,10.384790420532228,25.98382568359375,34.186119079589844,23.54798126220703,17.019437789916992,10.9943265914917,39.91865539550781
2011-03-22,25.38237953186035,24.433446884155277,52.17206573486328,10.500402450561523,25.88397216796875,34.00469970703125,23.324583053588867,16.9946346282959,10.86129665374756,39.56873321533203
2011-03-23,25.610675811767575,24.819793701171875,52.095027923583984,10.574726104736328,26.119335174560547,34.078033447265625,23.492130279541016,17.00526237487793,10.681321144104004,39.96065902709961
2011-03-24,26.20589828491211,24.89457893371582,51.8511848449707,10.706860542297363,26.647151947021484,34.232444763183594,23.736478805541992,17.047788619995117,10.548293113708496,40.40153884887695
2011-03-25,26.613571166992188,24.701396942138672,51.57524108886719,10.66143798828125,26.689950942993164,34.52583312988281,23.65967559814453,17.019437789916992,10.438737869262695,40.163604736328125
2011-03-28,26.54834747314453,24.477066040039062,51.50466537475586,10.756410598754885,26.140737533569336,34.50266647338867,23.46421813964844,17.037151336669922,10.462220191955566,40.81444549560547
2011-03-29,27.037569046020508,24.882110595703125,51.56240463256836,10.723377227783203,26.889652252197266,34.969749450683594,23.596851348876957,17.143461227416992,10.446568489074709,41.71023941040039
2011-03-30,26.947885513305664,24.92573356628418,51.18380355834961,10.781185150146484,26.79693984985352,37.031097412109375,23.485151290893555,17.348979949951172,10.52481746673584,41.70323944091797
2011-03-31,27.257720947265625,25.012969970703125,51.594505310058594,10.748150825500488,26.43317031860352,36.753173828125,23.95988273620605,17.380868911743164,10.430919647216797,41.7872200012207
2011-04-01,27.738788604736328,25.511484146118164,51.96669769287109,10.727503776550291,26.78979110717773,36.71070861816406,24.406681060791016,17.4942684173584,10.462220191955566,41.4722900390625
2011-04-04,27.83662223815918,25.44293594360352,51.97311782836914,10.71098804473877,26.72560310363769,37.24728012084961,24.2740421295166,17.806093215942383,10.51699447631836,41.45130157470703
2011-04-05,27.65724372863769,25.617414474487305,52.05013275146485,10.781185150146484,26.818328857421875,37.1932373046875,24.434616088867188,17.71396827697754,10.540470123291016,41.3253288269043
2011-04-06,27.380029678344727,25.685958862304688,52.29397201538086,10.851380348205566,26.747005462646484,37.216407775878906,24.96518898010254,17.958471298217773,10.736099243164062,41.185359954833984
2011-04-07,27.49418258666992,25.7545108795166,52.48649215698242,10.777054786682127,26.98238945007324,37.08516693115234,24.762731552124023,17.891145706176758,10.650020599365234,40.93341827392578
2011-04-08,27.3474063873291,25.555095672607425,51.65866470336914,10.834858894348145,26.718467712402344,36.803348541259766,25.29330444335937,17.891145706176758,10.548293113708496,40.80045318603516
2011-04-11,27.59246253967285,25.76073837280273,51.665069580078125,10.950480461120604,26.818328857421875,36.6489372253418,25.160667419433597,18.03996467590332,10.556117057800291,40.7724609375
2011-04-12,27.28206443786621,25.717119216918945,51.57524108886719,11.02480411529541,26.93244171142578,36.19343948364258,25.209535598754883,18.082489013671875,10.540470123291016,40.26158142089844
2011-04-13,27.52711677551269,25.74828147888184,50.25329208374024,11.016545295715332,26.86825942993164,35.61826705932617,24.86744880676269,18.04671859741211,10.383967399597168,40.107608795166016
2011-04-14,27.608800888061523,25.829286575317383,49.88109970092773,11.103259086608888,26.9895076751709,35.70318603515625,24.86048126220703,18.24346351623535,10.274415016174316,40.24058532714844
2011-04-15,27.919198989868164,26.09101676940918,50.176300048828125,11.15280818939209,27.224872589111328,35.76496887207031,25.041976928710938,18.56540298461914,10.031838417053224,40.41553497314453
2011-04-18,27.469947814941406,25.95390892028809,49.34847640991211,10.962865829467772,26.93244171142578,35.27857208251953,24.83255195617676,18.343624114990234,9.718828201293944,39.9676399230957
2011-04-19,27.50260162353516,26.402568817138672,49.419071197509766,10.89266872406006,26.93958282470703,35.9541130065918,25.08125305175781,18.275653839111328,9.656231880187988,40.21259689331055
2011-04-20,27.862016677856445,26.52097511291504,49.97734069824219,10.79770278930664,27.060827255249023,36.49453353881836,25.396528244018555,18.171920776367188,9.60145378112793,41.10837936401367
2011-04-21,28.38478279113769,26.60198402404785,49.91317367553711,10.760536193847656,26.96097755432129,36.53313827514648,25.36850357055664,18.529630661010746,9.632752418518066,42.49406433105469
2011-04-25,28.45012855529785,26.452428817749023,49.69499969482422,10.768798828125,26.78979110717773,36.0660514831543,25.235382080078125,18.35793113708496,9.734478950500488,42.21413803100586
2011-04-26,28.564498901367188,26.71415328979492,50.721771240234375,10.855507850646973,26.540159225463867,36.27450180053711,25.284425735473636,18.51889991760254,9.570154190063477,43.38983917236328
2011-04-27,28.793197631835938,26.72038078308105,50.79875946044922,10.99177360534668,26.618614196777344,36.13168716430664,25.480602264404297,18.665571212768555,9.64840316772461,43.011940002441406
2011-04-28,28.825883865356445,26.901094436645508,50.73458480834961,11.004157066345217,26.72560310363769,36.34012222290039,25.396528244018555,18.704912185668945,9.718828201293944,42.69700241088867
2011-04-29,29.37313842773437,26.620689392089844,50.85653305053711,11.082612037658691,26.497373580932617,36.54472732543945,25.37550163269043,18.6154842376709,9.609275817871094,42.8509635925293
2011-05-02,29.708051681518555,26.365184783935547,50.52925491333008,11.057842254638672,26.640012741088867,36.33626556396485,25.326465606689453,18.812227249145508,9.656231880187988,43.06792831420898
2011-05-03,29.52017974853516,26.869935989379883,51.2672233581543,11.148680686950684,26.640012741088867,35.55265045166016,25.578685760498047,18.905235290527344,9.859683990478516,43.249881744384766
2011-05-04,28.793197631835938,26.65807342529297,50.63833999633789,11.08674144744873,26.525903701782227,34.89253616333008,25.30545234680176,18.93742561340332,9.773602485656738,42.21413803100586
2011-05-05,28.319429397583008,26.483591079711918,51.21586990356445,11.016545295715332,26.39750862121582,34.83463668823242,25.77484703063965,18.80507469177246,9.62492847442627,42.09514617919922
2011-05-06,28.4827938079834,26.38387489318848,51.30572891235352,11.132159233093262,26.383241653442383,35.11434555053711,25.93598747253418,18.787185668945312,9.632752418518066,42.65502548217773
2011-05-09,28.75236701965332,26.857458114624023,51.29289627075195,11.2064790725708,26.36184501647949,35.460086822509766,26.25825500488281,18.83726692199707,9.531027793884276,43.1239128112793
2011-05-10,29.09542465209961,27.10672950744629,50.98488998413086,11.218873023986816,26.582956314086918,35.65432357788086,26.26526260375977,18.901657104492188,9.609275817871094,43.22188949584961
2011-05-11,28.572650909423828,27.474374771118164,50.93994522094727,11.173450469970703,26.554424285888672,34.958946228027344,26.27227210998535,18.976770401000977,9.585803031921388,42.88595581054688
2011-05-12,29.185272216796875,27.997833251953125,51.38272476196289,11.293200492858888,26.59722137451172,34.850189208984375,26.75567626953125,19.148473739624023,9.54667854309082,42.592041015625
2011-05-13,28.744186401367188,28.02275276184082,51.07469177246094,11.276683807373049,26.39750862121582,34.36847305297852,26.7136344909668,19.134172439575195,9.335397720336914,42.34708404541016
2011-05-16,27.919198989868164,28.1162166595459,51.55597686767578,11.35100555419922,26.376115798950195,34.42673873901367,26.86777114868164,19.316600799560547,9.280620574951172,42.07415390014648
2011-05-17,27.723154067993164,27.605234146118164,51.05545425415039,11.4212007522583,26.67568016052246,33.96057891845703,27.05694007873535,19.13775062561035,9.311922073364258,41.27635192871094
2011-05-18,27.69864845275879,27.64591217041016,51.34421920776367,11.50791358947754,26.718467712402344,34.60542678833008,27.007890701293945,19.252212524414062,9.22584342956543,41.911888122558594
2011-05-19,28.180583953857425,27.67092704772949,51.58164978027344,11.553329467773438,26.66854476928711,34.54716873168945,26.92381477355957,19.1091251373291,9.147594451904297,41.8696517944336
2011-05-20,27.99270820617676,27.758520126342773,51.177364349365234,11.454236030578612,26.426044464111328,34.20530700683594,26.902801513671875,19.141326904296875,9.061518669128418,41.51774215698242
2011-05-23,27.08602905273437,27.839847564697266,50.84368515014648,11.499653816223145,26.261993408203125,33.66533279418945,26.601545333862305,19.04831886291504,8.936317443847656,41.1588134765625
2011-05-24,26.988006591796875,27.708477020263672,50.43939971923828,11.528559684753418,26.069408416748047,33.381744384765625,26.74165916442871,19.07694625854492,8.967619895935059,40.99693298339844
2011-05-25,26.94717025756836,27.61463165283203,50.34955596923828,11.52442741394043,26.1264705657959,33.92561721801758,26.74165916442871,18.94815444946289,8.905016899108887,41.43329620361328
2011-05-26,27.28206443786621,27.3393611907959,49.887508392333984,11.466620445251465,25.81263732910156,33.836265563964844,26.727651596069336,18.65125846862793,8.967619895935059,41.172889709472656
2011-05-27,27.52711677551269,27.345609664916992,50.06246948242188,11.53681468963623,25.67712783813477,34.108192443847656,27.18303871154785,18.44020271301269,9.147594451904297,41.65850830078125
2011-05-31,27.95186996459961,27.295562744140625,50.47718811035156,11.586366653442385,25.8768310546875,34.45782470703125,27.10597801208496,18.690601348876957,9.194541931152344,41.911888122558594
2011-06-01,26.857318878173828,27.101619720458984,49.09050369262695,11.528559684753418,25.249176025390625,33.70417785644531,26.888795852661133,18.57255744934082,8.802950859069824,40.49018859863281
2011-06-02,26.726619720458984,27.03905487060547,49.071083068847656,11.384037017822266,25.028064727783203,33.474971771240234,26.993873596191406,18.3328857421875,8.842113494873047,40.78579711914063
2011-06-03,26.408058166503903,26.99527359008789,49.42745208740234,11.396425247192385,24.699966430664062,32.99327087402344,26.601545333862305,18.272071838378903,8.834283828735352,40.29310989379883
2011-06-06,26.293704986572266,26.86387825012207,50.140228271484375,11.251906394958496,24.45746421813965,32.67083740234375,26.09712028503418,18.25061798095703,8.481852531433105,40.43388366699219
2011-06-07,26.007814407348636,26.857637405395508,50.08192443847656,11.189967155456545,24.485984802246094,33.28462600708008,26.181182861328125,18.3793888092041,8.340877532958984,40.0116081237793
2011-06-08,25.525880813598636,27.0140380859375,49.97176361083984,11.268423080444336,24.321945190429688,32.80678939819336,26.279272079467773,18.433055877685547,8.254725456237793,39.46261215209961
2011-06-09,25.836280822753903,27.276796340942383,50.470680236816406,11.338619232177734,24.485984802246094,33.12146759033203,26.44740295410156,18.433055877685547,8.340877532958984,39.737098693847656
2011-06-10,25.468711853027344,26.88265419006348,50.08838272094727,11.15280818939209,23.87259292602539,32.67469024658203,26.0690860748291,18.207691192626957,8.458356857299805,39.08256530761719
2011-06-13,25.836280822753903,27.2142391204834,51.099220275878906,11.278449058532717,23.90111351013184,32.569820404052734,26.139158248901367,18.386547088623047,8.591497421264648,39.20924377441406
2011-06-14,26.20384979248047,27.5896053314209,51.60464477539063,11.462722778320312,24.97186088562012,33.214691162109375,26.559511184692383,18.34719657897949,8.458356857299805,40.25089263916016
2011-06-15,25.45236587524414,27.395662307739254,51.59816360473633,11.144432067871094,24.34666633605957,32.62031555175781,26.03407287597656,18.35435485839844,8.223403930664062,39.44854736328125
2011-06-16,25.158315658569336,27.764772415161133,51.77960968017578,11.278449058532717,24.79220962524414,32.67469024658203,26.160165786743164,18.35435485839844,8.301715850830078,39.659706115722656
2011-06-17,25.468711853027344,27.94620513916016,51.84440231323242,11.341264724731444,24.813764572143555,32.92334747314453,26.15316390991211,18.486705780029297,8.364376068115234,39.30778884887695
2011-06-20,26.06499671936035,28.265270233154297,52.058231353759766,11.441786766052246,24.98623275756836,33.18751907348633,26.26526260375977,18.60832977294922,8.301715850830078,39.71599197387695
2011-06-21,26.66944694519043,27.07660484313965,52.25910186767578,11.437597274780272,25.46051788330078,34.08099365234375,26.503467559814453,18.69418334960937,8.481852531433105,40.68723678588867
2011-06-22,26.30187225341797,26.682466506958008,51.84440231323242,11.383151054382324,25.10120010375977,34.08487701416016,26.23723030090332,18.629791259765625,8.450522422790527,40.12418746948242
2011-06-23,26.51424789428711,26.644920349121094,51.63704681396485,11.244943618774414,25.618616104125977,33.801300048828125,25.79585838317871,18.57255744934082,8.387870788574219,39.7652702331543
2011-06-24,25.43602180480957,25.894189834594727,51.31953430175781,11.21981716156006,25.208988189697266,33.85956573486328,25.515623092651367,18.51175117492676,8.239065170288086,39.659706115722656
2011-06-27,25.795433044433597,26.10064125061035,51.62408828735352,11.211440086364746,25.295238494873047,33.7818717956543,25.585681915283203,18.56540298461914,8.497512817382812,39.9693603515625
2011-06-28,26.416234970092773,26.01930427551269,51.47502899169922,11.039731979370115,25.913232803344727,34.364593505859375,25.71179962158203,18.690601348876957,8.474020957946777,41.08842849731445
2011-06-29,26.489748001098636,26.125659942626957,52.07766342163086,10.930838584899902,25.855756759643555,34.628753662109375,25.84489631652832,18.65840721130371,8.724634170532227,41.25733184814453
2011-06-30,26.88182258605957,26.56360244750977,52.46644973754883,11.060669898986816,26.028226852416992,35.26974868774414,26.32831573486328,18.822961807250977,8.583663940429688,41.94003677368164
2011-07-01,26.996173858642575,26.795074462890625,53.11441421508789,11.110931396484377,26.394718170166016,35.681514739990234,26.601545333862305,18.99467086791992,8.685476303100586,42.36231994628906
2011-07-05,27.004344940185547,26.73250770568848,52.46644973754883,11.140240669250488,26.294116973876957,35.54166793823242,26.405378341674805,19.01612663269043,8.614991188049316,41.848541259765625
2011-07-06,27.126867294311523,27.1391658782959,52.887638092041016,11.232379913330078,26.27973937988281,35.93791198730469,26.454425811767575,19.05904197692871,8.411365509033203,42.01041412353516
2011-07-07,27.84568214416504,27.61463165283203,52.71916961669922,11.307765007019045,26.62467384338379,36.27199935913086,27.000879287719727,19.152063369750977,8.55233383178711,42.53828430175781
2011-07-08,27.723154067993164,27.570837020874023,52.16836929321289,11.261695861816406,26.315656661987305,35.78641128540039,26.692625045776367,19.07694625854492,8.380040168762207,41.90483856201172
2011-07-11,27.11762046813965,27.170429229736328,51.8249626159668,11.278449058532717,26.12882423400879,35.067726135253906,26.230228424072266,19.023286819458008,8.105923652648926,41.03915023803711
2011-07-12,26.675750732421875,26.61990165710449,51.65000534057617,11.265887260437012,25.949169158935547,34.904563903808594,26.181182861328125,19.06262969970703,7.99627685546875,40.31422805786133
2011-07-13,26.74940490722656,26.77004623413086,51.62408828735352,11.24913501739502,25.963542938232425,34.93564224243164,26.13214874267578,19.04818725585937,7.988447666168213,40.53242492675781
2011-07-14,26.225717544555664,26.36965560913086,51.31953430175781,11.244943618774414,25.841381072998047,34.36069107055664,25.90095329284668,19.188966751098636,7.886629104614258,40.12418746948242
2011-07-15,26.258441925048828,26.232027053833008,50.78172302246094,11.177936553955078,25.80544662475586,34.83463668823242,25.79585838317871,19.145654678344727,7.831810474395752,40.29310989379883
2011-07-18,25.767473220825195,26.069351196289062,50.17911911010742,11.140240669250488,25.647357940673828,34.461700439453125,25.73981094360352,18.96516227722168,7.612521171569824,39.81452560424805
2011-07-19,26.70849227905273,26.36965560913086,50.8011474609375,11.316142082214355,25.949169158935547,34.667598724365234,26.00603485107422,19.091503143310547,7.495042324066162,40.419803619384766
2011-07-20,26.250259399414062,26.150691986083984,50.74933242797852,11.043916702270508,26.16474914550781,34.71031951904297,25.97440528869629,18.914627075195312,7.71433162689209,40.35646438598633
2011-07-21,26.569385528564453,24.79936408996582,51.94158935546875,11.136054039001465,26.38751792907715,34.955074310302734,26.585973739624023,19.07706642150879,8.011940002441406,40.9687614440918
2011-07-22,26.63485336303711,25.037097930908203,51.57872009277344,11.039731979370115,26.243803024291992,34.55105209350586,26.255590438842773,19.11316299438477,7.93362283706665,39.69488143920898
2011-07-25,26.356632232666016,24.899463653564453,51.38434982299805,10.989472389221191,26.33722686767578,34.39954376220703,26.05173110961914,18.979604721069336,7.839641094207764,39.6245002746582
2011-07-26,26.307537078857425,24.85566520690918,52.36927795410156,10.95596981048584,26.150388717651367,33.63813400268555,25.911136627197266,18.835220336914062,7.831810474395752,38.948829650878906
2011-07-27,25.12921905517578,24.37394142150879,50.19208526611328,10.935028076171877,25.604236602783203,33.02045822143555,25.34876823425293,18.708879470825195,7.581192493438721,37.62566757202149
2011-07-28,25.096494674682617,24.511585235595703,48.78595733642578,10.985285758972168,25.259307861328125,32.845638275146484,25.60183906555176,18.63307380676269,7.667341709136963,37.30192565917969
2011-07-29,25.022844314575195,24.42399406433105,49.071083068847656,11.01459789276123,25.10120010375977,32.70969772338867,25.552640914916992,18.52478408813477,7.604690551757812,37.37230682373047
2011-08-01,24.63825416564941,24.461530685424805,48.24814987182617,10.9517822265625,24.61254501342773,32.5931282043457,25.784610748291016,18.21796226501465,7.683004379272461,37.34415435791016
2011-08-02,24.180021286010746,23.91724967956543,47.74274063110352,10.964343070983888,23.58492660522461,31.746261596679688,25.552640914916992,18.120508193969727,7.432385921478271,36.03507232666016
2011-08-03,24.70372200012207,23.86094284057617,47.66495895385742,11.039731979370115,23.6783504486084,32.103641510009766,25.454219818115234,18.15299415588379,7.4715471267700195,36.309547424316406
2011-08-04,23.631786346435547,23.17902565002441,46.2134895324707,10.675371170043944,22.78009033203125,30.176815032958984,23.90067481994629,17.604328155517578,6.915487289428711,34.26850891113281
2011-08-05,23.198091506958008,23.1665096282959,47.18547439575195,10.842890739440918,22.090211868286133,30.254505157470703,24.00612449645996,18.13133430480957,6.398589611053467,33.76880645751953
2011-08-08,21.29151153564453,22.034149169921875,44.64540481567383,10.27750301361084,20.789520263671875,28.548269271850582,22.71266746520996,17.348041534423828,5.098507404327393,31.171741485595703
2011-08-09,22.584386825561523,22.703554153442383,45.92840194702149,10.545539855957031,21.66622734069824,30.2545108795166,23.359399795532227,17.528520584106445,5.952176094055176,32.91014862060547
2011-08-10,21.667919158935547,21.72133445739746,43.33002471923828,10.202116012573242,20.487703323364254,28.591312408447266,22.53692626953125,16.92570686340332,5.302134037017822,30.418664932250977
2011-08-11,22.666215896606445,21.733850479125977,44.60653305053711,10.453397750854492,21.5943660736084,29.31529426574707,23.380489349365234,17.82451820373535,5.678061008453369,31.411041259765625
2011-08-12,22.41254425048828,22.034149169921875,44.7879638671875,10.553915023803713,21.975242614746094,29.37399673461914,23.37345314025879,17.914756774902344,5.631070137023926,32.99460983276367
2011-08-15,22.61711883544922,22.985082626342773,45.526641845703125,10.76331901550293,22.607614517211918,29.984487533569336,23.90067481994629,18.01582336425781,6.07748556137085,33.240943908691406
2011-08-16,22.559837341308597,23.310400009155277,45.80527114868164,10.754937171936035,23.800518035888672,29.42876625061035,23.76008415222168,18.073583602905277,5.795539379119873,32.39636993408203
2011-08-17,22.478010177612305,22.747074127197266,46.12925720214844,10.888959884643556,24.00892448425293,29.467912673950195,24.167804718017575,18.10245132446289,5.842530727386475,32.60409164428711
2011-08-18,20.612350463867188,22.067302703857425,44.9564323425293,10.76331901550293,23.11064338684082,27.554271697998047,23.162561416625977,17.64042091369629,5.490098476409912,30.314212799072266
2011-08-19,20.2768497467041,21.683364868164062,44.9629020690918,10.767505645751951,22.90943145751953,26.95550346374512,22.75484275817871,17.716222763061523,5.4587721824646,29.91012191772461
2011-08-22,20.505964279174805,21.966598510742188,45.306339263916016,10.83032512664795,23.19687271118164,26.97899055480957,22.64236831665039,17.82451820373535,5.02802324295044,29.732894897460938
2011-08-23,21.43881225585937,21.828123092651367,46.57635498046875,11.06904411315918,23.79332733154297,27.83993911743164,23.47187042236328,18.23240852355957,4.934041500091553,31.30673217773437
2011-08-24,21.831573486328125,21.607833862304688,47.470584869384766,11.085800170898438,24.698787689208984,28.13344955444336,24.209976196289062,18.448984146118164,5.474437236785889,31.774635314941406
2011-08-25,21.193323135375977,21.46936416625977,46.68003845214844,10.893147468566896,24.31792449951172,27.816455841064453,23.879589080810547,18.026649475097656,5.991334438323975,31.710840225219727
2011-08-26,21.807024002075195,21.721126556396484,47.464088439941406,11.01459789276123,24.43290138244629,28.30956268310547,24.139678955078125,18.10245132446289,6.07748556137085,32.242523193359375
2011-08-29,22.83805084228516,22.31907081604004,47.99543762207031,11.21562957763672,24.42571258544922,29.542272567749023,24.990259170532227,18.48508644104004,6.570888519287109,33.320125579833984
2011-08-30,22.805320739746094,22.3442440032959,48.50603103637695,11.316142082214355,24.302637100219727,29.92970466613769,25.13788414001465,18.676393508911133,6.359431266784668,33.52570343017578
2011-08-31,22.968978881835938,22.161720275878903,48.56496810913086,11.38733959197998,24.165098190307617,29.972736358642575,25.243328094482425,18.95433807373047,6.406479358673096,33.89435577392578
2011-09-01,22.78076934814453,22.438661575317383,47.81868362426758,11.345458984375,23.83931541442871,29.362255096435547,25.15194129943848,18.748584747314453,6.202602386474609,33.235050201416016
2011-09-02,22.06887435913086,21.88477325439453,46.71895217895508,11.190500259399414,23.296369552612305,28.79089736938477,24.905914306640625,18.423717498779297,5.685062408447266,32.22127151489258
2011-09-06,21.676103591918945,22.092485427856445,46.62075424194336,11.23656940460205,23.20224952697754,28.646100997924805,25.173030853271484,18.51395606994629,5.481187343597412,31.93769073486328
2011-09-07,22.60893821716309,22.709312438964844,47.7466926574707,11.30357551574707,23.795879364013672,29.354433059692383,26.030641555786133,18.878530502319336,5.865418910980225,33.34138107299805
2011-09-08,21.86430549621582,22.583425521850582,47.09209442138672,11.311954498291016,23.499069213867188,29.28790283203125,26.02361869812012,18.56810569763184,5.64585542678833,32.561527252197266
2011-09-09,21.275146484375,22.237247467041016,46.84988021850586,11.043916702270508,23.071945190429688,28.606969833374023,25.658077239990234,18.20352554321289,5.473344326019287,31.703731536865234
2011-09-12,21.888851165771484,22.44495391845703,47.28846740722656,11.115116119384766,23.419435501098636,28.61479759216309,25.854900360107425,18.23240852355957,5.528234481811523,31.29254722595215
2011-09-13,22.682573318481445,22.614898681640625,47.59612655639648,11.136380195617676,23.64385032653809,29.22919273376465,25.700254440307617,18.25767135620117,5.489026069641113,31.597389221191406
2011-09-14,23.034439086914062,23.068077087402344,48.16563415527344,11.293773651123049,24.28092765808105,29.74185562133789,25.77757453918457,18.38039970397949,5.528234481811523,32.19289779663086
2011-09-15,23.689062118530277,23.477197647094727,49.38320159912109,11.42989444732666,24.8166446685791,30.29754638671875,25.93926429748535,18.51395606994629,5.747795581817627,33.06489562988281
2011-09-16,23.91818046569824,23.263187408447266,49.7694091796875,11.442656517028809,25.0555419921875,30.77499008178711,25.46124267578125,18.83160781860352,5.669379711151123,33.41228103637695
2011-09-19,23.74633407592773,23.31985092163086,50.20145034790039,11.42989444732666,24.86731338500977,30.41495132446289,25.088682174682617,18.76663589477539,5.481187343597412,33.54697799682617
2011-09-20,23.198091506958008,23.345014572143555,49.38320159912109,11.463923454284668,25.200328826904297,30.336688995361328,25.173030853271484,19.04818725585937,5.410610675811768,33.14289093017578
2011-09-21,24.17184257507324,22.89183616638184,47.55685043334961,11.110859870910645,24.49810028076172,28.77915573120117,24.83561897277832,18.676393508911133,5.002857208251953,31.81007957458496
2011-09-22,23.189910888671875,22.174304962158203,47.87759399414063,10.93220329284668,23.926204681396484,27.432950973510746,24.329486846923828,18.297382354736328,4.751927375793457,29.754169464111328
2011-09-23,23.64814758300781,21.960302352905277,47.19025421142578,10.961978912353516,24.41123580932617,26.93203353881836,23.992055892944336,18.39484024047852,4.947967529296875,30.08026123046875
2011-09-26,24.310941696166992,22.67782974243164,48.29656600952149,11.059816360473633,24.613941192626957,28.348678588867188,24.181854248046875,18.319042205810547,5.1753692626953125,31.051511764526367
2011-09-27,24.654624938964844,21.255359649658203,48.617313385009766,11.23847484588623,24.52706527709961,29.16266441345215,24.385711669921875,18.48147201538086,5.081270217895508,32.00149154663086
2011-09-28,24.09819602966309,20.61335182189941,47.995418548583984,11.102349281311035,24.32435607910156,27.980825424194336,23.914724349975582,18.37679100036621,4.830344200134277,31.384716033935547
2011-09-29,24.26185417175293,20.474878311157227,47.45210266113281,11.246978759765623,24.46190643310547,28.31346321105957,23.95691299438477,18.716100692749023,4.97933292388916,31.90224838256836
2011-09-30,23.5172176361084,20.70147705078125,47.5503044128418,11.404373168945312,23.795879364013672,27.65209007263184,23.612459182739254,18.45981788635254,4.79897928237915,31.129512786865234
2011-10-03,22.862598419189453,20.43711471557617,46.58149719238281,11.29802703857422,22.86924171447754,26.87722969055176,23.17662239074707,18.10245132446289,4.336330890655518,30.00228309631348
2011-10-04,23.47630500793457,20.67630195617676,47.589576721191406,11.289520263671877,23.50630760192871,27.6560115814209,23.197715759277344,18.22879219055176,4.516684055328369,30.95225524902344
2011-10-05,24.14729118347168,20.789596557617188,47.45210266113281,11.272504806518556,23.76693153381348,28.47391700744629,23.38751602172852,18.448984146118164,4.524527072906494,31.455612182617188
2011-10-06,24.605525970458984,21.00358772277832,47.87104797363281,11.463923454284668,24.165098190307617,28.845672607421875,23.72492790222168,18.474252700805664,4.924441337585449,31.94477081298828
2011-10-07,24.52353858947754,21.02876853942871,48.4405517578125,11.66810417175293,24.556013107299805,28.75567626953125,23.746021270751957,18.6005916595459,4.62646484375,32.249603271484375
2011-10-10,25.39264297485352,21.19241714477539,49.58610916137695,11.753181457519531,25.091737747192383,29.914045333862305,24.146717071533203,18.994043350219727,4.924441337585449,33.43354415893555
2011-10-11,25.359844207763672,21.267946243286133,49.95923614501953,11.8254976272583,25.1279354095459,29.824024200439453,24.160768508911133,19.022926330566406,4.995013236999512,33.58241271972656
2011-10-12,25.507434844970703,20.865123748779297,49.83486557006836,11.812732696533203,25.135177612304688,30.430612564086918,24.37165069580078,19.062992095947266,5.159684181213379,34.37644577026367
2011-10-13,25.532012939453125,20.745529174804688,50.01818084716797,11.744672775268556,24.91074752807617,30.395381927490234,24.39274406433105,18.997419357299805,4.877392292022705,33.95108413696289
2011-10-14,26.114160537719727,20.770702362060547,49.74320983886719,11.77019500732422,25.37407684326172,31.19372940063477,24.695018768310547,19.208703994750977,4.8538689613342285,35.05702209472656
2011-10-17,25.60581970214844,21.330890655517575,48.91189193725586,11.663851737976074,25.08450126647949,30.46192741394043,24.45601272583008,18.957347869873047,4.728405952453613,33.81637954711914
2011-10-18,26.138755798339844,21.29312896728516,49.7366828918457,11.710637092590332,26.025611877441406,31.59288215637207,24.709081649780277,19.103065490722656,5.206735134124756,34.9719352722168
2011-10-19,25.818992614746094,21.24277687072754,49.40283966064453,11.621315956115724,25.627450942993164,30.85326194763184,24.493911743164062,19.39813232421875,5.018538475036621,34.61038589477539
2011-10-20,25.851787567138672,21.142066955566406,49.55337905883789,11.591533660888672,25.866344451904297,31.57333374023437,24.53623962402344,19.689558029174805,5.073427677154541,34.35516357421875
2011-10-21,26.33553123474121,21.488245010375977,50.66621017456055,11.676610946655272,26.684398651123047,32.74734115600586,25.07944679260254,19.620344161987305,5.065587997436523,36.35437774658203
2011-10-24,26.950462341308597,21.59524154663086,51.536842346191406,11.617063522338867,26.568565368652344,33.02911758422852,25.262874603271484,19.470991134643555,5.26946496963501,36.70175552368164
2011-10-25,26.54051971435547,21.286821365356445,51.64157104492188,11.48519515991211,26.09078025817871,32.29729461669922,25.185272216796875,19.30342483520508,5.065587997436523,35.95027542114258
2011-10-26,26.56511688232422,20.92806053161621,49.97887420654297,11.604299545288086,26.459980010986328,33.20911407470703,25.55210876464844,19.543851852416992,5.167527198791504,36.4394645690918
2011-10-27,27.59819602966309,21.48195457458496,49.52067184448242,11.76594066619873,26.945024490356445,34.8018798828125,26.29991149902344,19.718706130981445,5.661539077758789,38.33232116699219
2011-10-28,27.62278938293457,21.28053855895996,49.37664413452149,11.723402976989746,26.14868927001953,34.97407913208008,25.98951530456543,19.75149345397949,5.763477802276611,38.19762802124024
2011-10-31,26.86848258972168,20.89659118652344,49.684326171875,11.71915054321289,25.91702651977539,33.815711975097656,25.629716873168945,19.62398910522461,5.3557209968566895,37.14838790893555
2011-11-01,25.98297882080078,20.374177932739254,48.43403244018555,11.527729034423828,25.72880172729492,33.10737609863281,25.0089054107666,19.21963119506836,5.018538475036621,36.29766845703125
2011-11-02,26.46671867370605,20.76442146301269,48.78094100952149,11.566015243530272,26.054574966430664,33.92919158935547,25.23465347290039,19.26335334777832,5.26946496963501,37.18383407592773
2011-11-03,27.14724922180176,20.59446907043457,49.808692932128906,11.685120582580566,26.38758850097656,34.69622802734375,26.32108497619629,19.613059997558597,5.418454647064209,38.24015426635742
2011-11-04,26.68809700012207,20.87770271301269,50.09016799926758,11.642584800720217,26.34415626525879,34.63751220703125,26.82196617126465,19.42727470397949,5.089111804962158,38.24724578857422
2011-11-07,26.950462341308597,20.85882568359375,51.22917556762695,11.706390380859377,27.031888961791992,34.79013442993164,26.97011375427246,19.536561965942383,5.057746887207031,38.25432586669922
2011-11-08,27.557205200195312,20.89029312133789,51.31425094604492,11.761690139770508,27.46624565124512,35.20370101928711,27.54153823852539,19.766063690185547,5.120478630065918,38.74350357055664
2011-11-09,25.900983810424805,20.10132598876953,50.37165069580078,11.557506561279297,26.90157890319824,33.64398956298828,27.082983016967773,19.28521156311035,4.830344200134277,37.45322036743164
2011-11-10,26.015775680541992,20.247085571289062,49.83486557006836,11.753181457519531,26.930551528930664,33.95909118652344,27.160587310791016,19.65313148498535,4.728405952453613,37.97075271606445
2011-11-11,26.54051971435547,20.817419052124023,50.67929458618164,11.81698513031006,27.553136825561523,34.7034912109375,27.68262481689453,19.86441993713379,4.869551181793213,38.84274673461914
2011-11-14,26.48311996459961,20.55126190185547,50.63348388671875,11.748924255371094,27.69068145751953,34.38051223754883,27.351055145263672,19.75877571105957,4.744087219238281,38.78601837158203
2011-11-15,27.024259567260746,20.627309799194336,50.96078872680664,11.812732696533203,27.56037139892578,34.40414810180664,27.478050231933597,19.85348892211914,4.806819915771484,38.83566665649414
2011-11-16,26.22895050048828,20.418182373046875,49.70395660400391,11.69787883758545,27.393861770629883,33.45098876953125,27.14647674560547,19.58756446838379,4.62646484375,38.03834533691406
2011-11-17,25.269655227661133,20.456201553344727,49.19989776611328,11.71489429473877,27.23459243774414,32.57661819458008,27.14647674560547,19.4564151763916,4.548052787780762,37.54583358764648
2011-11-18,25.08927726745605,20.678001403808597,49.16063690185547,11.75743293762207,27.422813415527344,32.92716217041016,26.92072486877441,19.496492385864254,4.532367706298828,37.65289688110352
2011-11-21,24.52353858947754,19.828832626342773,48.76131057739258,11.612807273864746,26.82919311523437,32.23000717163086,26.61031913757324,19.22328186035156,4.304965972900391,36.61788940429688
2011-11-22,24.44154167175293,19.48029136657715,48.74821472167969,11.642584800720217,26.858142852783203,32.00944519042969,26.52565574645996,19.19413375854492,4.210868835449219,36.375186920166016
2011-11-23,23.77741813659668,20.33580017089844,48.40782928466797,11.536236763000488,26.438257217407227,31.33988380432129,26.130596160888672,19.070274353027344,4.030514240264893,35.11176681518555
2011-11-25,23.564233779907227,20.57660675048828,49.35044860839844,11.591533660888672,26.40207290649414,31.292619705200195,25.996564865112305,18.96099281311035,4.05403995513916,35.076080322265625
2011-11-28,24.490747451782227,20.77939987182617,51.05898666381836,11.740418434143066,27.002933502197266,32.51358795166016,26.37046241760254,19.37992286682129,4.116772651672363,36.87484359741211
2011-11-29,24.38414764404297,20.6209716796875,50.73405838012695,11.889299392700195,28.425687789916992,32.74597930908203,26.582094192504883,19.32528114318848,3.983465194702149,36.803466796875
2011-11-30,25.704206466674805,21.368751525878903,51.82154083251953,12.20408058166504,28.61536979675293,34.561702728271484,27.400440216064453,19.871702194213867,4.274172306060791,38.65221786499024
2011-12-01,25.966575622558597,21.470144271850582,52.37191009521485,12.199827194213867,28.70293426513672,34.08905029296875,27.14647674560547,19.860780715942383,4.344884395599365,38.66648864746094
2011-12-02,25.581222534179688,20.9885196685791,51.60271453857422,12.084975242614746,29.14069557189941,33.427371978759766,27.012435913085938,19.72599220275879,4.431309700012207,38.63793182373047
2011-12-05,26.15515899658203,21.780668258666992,51.79503631591797,12.004156112670898,29.352279663085938,33.5455207824707,27.040658950805664,19.784278869628903,4.549164295196533,39.0448112487793
2011-12-06,26.015775680541992,21.552526473999023,51.66238784790039,12.233859062194824,29.417945861816406,33.65187454223633,26.99833297729492,19.868059158325195,4.541306018829346,38.973411560058594
2011-12-07,25.8599853515625,21.869373321533203,51.43694305419922,12.263630867004396,29.71709442138672,33.34858322143555,27.03360748291016,19.926342010498047,4.62773323059082,38.50231170654297
2011-12-08,25.20405960083008,21.470144271850582,50.740684509277344,12.136021614074709,29.11880874633789,32.545108795166016,26.596214294433597,19.736915588378903,4.392025947570801,37.73854446411133
2011-12-09,25.98297882080078,21.685606002807617,51.33746719360352,12.242365837097168,29.352279663085938,33.061065673828125,27.06887626647949,19.87899208068848,4.494165897369385,38.54515075683594
2011-12-12,25.679607391357425,21.47648429870605,50.98603439331055,12.280651092529297,29.22095489501953,32.50177764892578,26.913673400878903,19.76969718933105,4.28203010559082,37.75283050537109
2011-12-13,25.277851104736328,21.34973526000977,50.87993240356445,12.33169174194336,28.826967239379883,32.04490280151367,26.58915328979492,19.798843383789062,4.17988920211792,37.338829040527344
2011-12-14,24.490747451782227,21.29903984069824,50.58816146850586,12.221095085144045,28.5570011138916,31.58802032470703,26.130596160888672,19.755128860473636,4.109176158905029,36.79633331298828
2011-12-15,23.80200958251953,21.615894317626957,51.00590896606445,12.38274097442627,28.76129913330078,31.556509017944336,26.314022064208984,19.995555877685547,4.132746696472168,37.41021728515625
2011-12-16,23.94959259033203,21.628576278686523,51.12528610229492,12.395502090454102,29.49089813232422,31.851905822753903,26.490392684936523,19.995555877685547,4.085604667663574,37.90272521972656
2011-12-19,23.45765686035156,20.75404357910156,50.93962478637695,12.480576515197754,29.330400466918945,31.16658592224121,25.791980743408203,19.798843383789062,3.920609474182129,37.32454299926758
2011-12-20,23.91680335998535,21.229337692260746,52.07352066040039,12.701775550842283,30.60721969604492,31.816463470458984,28.07770156860352,19.9846305847168,4.062034606933594,38.8021125793457
2011-12-21,21.12910461425781,21.146944046020508,52.80293273925781,12.893195152282717,30.64369201660156,32.359989166259766,28.543302536010746,20.19591522216797,4.109176158905029,38.68075942993164
2011-12-22,21.063512802124023,21.495494842529297,53.58539581298828,12.85869598388672,30.58533477783203,32.438758850097656,28.896039962768555,20.272417068481445,4.29774284362793,39.00197219848633
2011-12-23,21.366878509521484,22.395360946655277,53.983245849609375,12.867323875427246,30.70936584472656,32.89171600341797,28.917211532592773,20.40719985961914,4.399884223937988,39.244659423828125
2011-12-27,21.014318466186523,21.14061546325684,53.92356872558594,12.815576553344728,30.8042106628418,33.06895065307617,28.931320190429688,20.483699798583984,4.305600643157959,39.223243713378906
2011-12-28,20.91593360900879,21.089916229248047,53.671607971191406,12.815576553344728,30.300785064697266,32.608131408691406,28.952489852905277,20.33798217773437,4.156319618225098,38.53087615966797
2011-12-29,21.15369987487793,21.184972763061523,54.05618667602539,12.845760345458984,30.6509952545166,33.08076477050781,29.037132263183597,20.52012825012207,4.289886951446533,39.10903930664063
2011-12-30,21.03071594238281,20.950498580932617,53.64507293701172,12.785391807556152,30.672897338867188,32.88383102416992,28.7690372467041,20.483699798583984,4.368454456329346,38.79498291015625
2012-01-03,21.20289802551269,20.950498580932617,54.38774490356445,12.315367698669434,30.745834350585938,33.525840759277344,29.291093826293945,20.66221046447754,4.55702018737793,39.672943115234375
2012-01-04,21.325889587402344,20.80474853515625,53.65171813964844,12.246374130249023,31.18360137939453,33.59672164916992,29.4886417388916,20.58206367492676,4.564878463745117,39.63725280761719
2012-01-05,21.801427841186523,20.73503875732422,53.09469604492188,12.431797981262209,31.43897247314453,33.29738998413086,29.45336151123047,20.53469657897949,4.957724571228027,39.68008041381836
2012-01-06,22.0802001953125,20.96317481994629,53.03503036499024,12.384366035461426,31.51922607421875,33.38405227661133,29.24877166748047,20.348922729492188,4.855584621429443,39.38742446899414
2012-01-09,22.2116813659668,21.229337692260746,53.07481384277344,12.289494514465332,31.54111099243164,33.214691162109375,29.48158264160156,20.345277786254883,4.92629861831665,39.71577453613281
2012-01-10,22.16237449645996,21.799673080444336,53.459415435791016,12.466297149658203,31.7600040435791,33.92757797241211,29.59444808959961,20.43998146057129,5.209146499633789,40.3867416381836
2012-01-11,22.096643447875977,21.552526473999023,53.56549072265625,12.436113357543944,31.70892333984375,34.108741760253906,29.657958984375,20.36282539367676,5.3977131843566895,40.30108642578125
2012-01-12,22.32673072814941,21.08358383178711,54.16893005371094,12.436113357543944,31.65787124633789,34.660160064697266,29.73554801940918,20.267297744750977,5.334856986999512,40.82216262817383
2012-01-13,22.46641540527344,20.678001403808597,54.05618667602539,12.487854957580566,31.74541282653809,34.47111129760742,29.73554801940918,20.366504669189453,5.193431377410889,40.4724006652832
2012-01-17,22.72937393188477,21.039220809936523,54.135780334472656,12.46198272705078,31.913209915161133,34.67593002319336,30.01068687438965,20.469379425048828,5.091292858123779,40.80073547363281
2012-01-18,23.288166046142575,21.387758255004883,54.56016540527344,12.487854957580566,32.74496841430664,35.40851211547852,30.405736923217773,20.34077835083008,5.342714786529541,41.53597259521485
2012-01-19,23.46893882751465,21.229337692260746,55.508399963378906,12.336934089660645,33.13167190551758,34.56563186645508,30.365392684936523,20.366504669189453,5.46842622756958,41.75724792480469
2012-01-20,23.59220314025879,21.21665573120117,54.891700744628906,12.375738143920898,32.47502517700195,35.02252197265625,30.28748893737793,20.48775863647461,5.55485200881958,40.95777893066406
2012-01-23,23.32924461364746,21.45747375488281,54.732566833496094,12.336934089660645,32.74496841430664,34.79013442993164,30.464513778686523,20.47305679321289,5.696276664733887,41.12910842895508
2012-01-24,23.4278564453125,21.71729278564453,54.53363800048828,12.194631576538086,32.803348541259766,34.85710525512695,30.053800582885746,20.56858253479004,5.727702617645264,41.13623428344727
2012-01-25,23.4278564453125,21.983448028564453,54.19546508789063,12.36280345916748,33.02223205566406,35.21944046020508,29.869674682617188,20.293014526367188,5.774846076965332,41.47885513305664
2012-01-26,23.247079849243164,21.748971939086918,54.6861572265625,12.358492851257324,32.79605865478516,34.9870719909668,29.869674682617188,20.160743713378903,5.735562324523926,41.27900695800781
2012-01-27,23.35390281677246,21.691938400268555,54.38774490356445,12.134263038635254,32.73768997192383,35.077659606933594,29.926332473754883,20.21586036682129,5.727702617645264,41.59307098388672
2012-01-30,23.50181198120117,21.31171417236328,54.38111114501953,12.242064476013184,32.66472625732422,35.23915100097656,29.6855411529541,20.013769149780277,5.55485200881958,41.5288200378418
2012-01-31,23.18133544921875,21.14061546325684,54.5866813659668,12.246374130249023,32.387481689453125,35.282474517822266,29.565174102783203,19.896196365356445,5.601994037628174,41.42889022827149
2012-02-01,23.73190116882324,21.05189323425293,55.38241195678711,12.25931167602539,32.44583511352539,35.78661346435547,30.20250701904297,19.936613082885746,5.782703399658203,42.071319580078125
2012-02-02,23.67437744140625,21.24834632873535,55.15031433105469,12.306748390197754,32.43854141235352,35.36912536621094,30.2095890045166,20.006427764892575,5.853415012359619,42.135555267333984
2012-02-03,23.9208984375,21.32439422607422,56.091915130615234,12.436113357543944,32.95656204223633,35.92842102050781,30.81151008605957,20.20850372314453,6.159834384918213,43.35615158081055
2012-02-06,23.830509185791016,21.7236328125,56.52957534790039,12.34986400604248,32.97845458984375,35.79450988769531,30.641565322875977,20.35180282592773,6.261976718902588,43.04921340942383
2012-02-07,23.789426803588867,21.2039794921875,57.44466400146485,12.427485466003418,33.16816711425781,35.94809341430664,30.507009506225582,20.469379425048828,6.167694568634033,42.9421501159668
2012-02-08,23.60863876342773,20.994855880737305,58.11441040039063,12.436113357543944,32.95656204223633,36.08201599121094,30.854007720947266,20.417945861816406,6.387687206268311,42.735137939453125
2012-02-09,23.7401123046875,21.67926788330078,58.35976028442383,12.634466171264648,33.0295295715332,36.24744415283203,30.45036506652832,20.30404281616211,6.426972389221191,42.74941253662109
2012-02-10,23.41963768005371,21.88839530944824,58.0281867980957,12.595660209655762,33.073299407958984,35.774803161621094,30.577823638916016,20.248920440673828,6.340545654296875,42.34969329833984
2012-02-13,23.362123489379883,22.046825408935547,58.5056266784668,12.604283332824709,33.511070251464844,35.87327194213867,30.32997131347656,20.267297744750977,6.481969833374023,42.9278678894043
2012-02-14,23.20598030090332,21.94542694091797,58.6515007019043,12.62153148651123,33.60591506958008,35.652706146240234,30.71946144104004,20.23789978027344,6.269833564758301,42.7137336730957
2012-02-15,22.992334365844727,21.572280883789062,57.6435775756836,12.612906455993652,33.35055160522461,35.64874649047852,30.825672149658203,20.37752914428711,6.112693786621094,42.11412048339844
2012-02-16,23.789426803588867,21.840185165405277,57.29214477539063,12.737955093383787,33.511070251464844,36.227420806884766,31.54800033569336,20.520828247070312,6.356261253356934,42.44961929321289
2012-02-17,23.657943725585938,22.139976501464844,58.34648132324219,12.785391807556152,34.080169677734375,36.512821197509766,31.34971237182617,20.70820426940918,6.301261425018311,42.899322509765625
2012-02-21,23.61685562133789,21.80191421508789,57.78948593139648,12.772454261779783,34.2333984375,36.453369140625,31.16559219360352,20.63472557067871,6.37197208404541,42.74941253662109
2012-02-22,23.46072769165039,21.87206649780273,58.10114288330078,12.785391807556152,33.97801971435547,36.38597106933594,30.93898200988769,20.66043472290039,6.246261119842529,42.47816467285156
2012-02-23,23.67437744140625,21.6679630279541,58.5454330444336,12.806952476501465,34.25527572631836,36.54450225830078,31.18682861328125,20.682493209838867,6.301261425018311,42.3797607421875
2012-02-24,24.035945892333984,21.597795486450195,59.3676643371582,12.931998252868652,34.277156829833984,36.33446502685547,31.20807647705078,20.83313751220703,6.191263675689697,42.573707580566406
2012-02-27,24.044166564941406,21.393678665161133,59.28810119628906,12.94925022125244,34.24068069458008,36.83782577514648,31.533823013305664,20.7963924407959,6.316974639892578,42.8825798034668
2012-02-28,24.150999069213867,21.31075859069824,59.48255157470703,12.944937705993652,34.45956802368164,36.83385467529297,31.802928924560547,20.95806312561035,6.379829406738281,42.91850280761719
2012-02-29,24.035945892333984,21.151296615600582,59.28810119628906,12.979434967041016,34.7076301574707,36.167964935302734,31.93746757507324,20.800067901611328,6.269697666168213,42.789207458496094
2012-03-01,24.512563705444336,20.902530670166016,59.261260986328125,12.944937705993652,34.62737274169922,36.726844787597656,32.01537322998047,21.060935974121094,6.387695789337158,43.18426513671875
2012-03-02,24.619386672973636,20.85150909423828,59.34845352172852,12.91906452178955,34.59089660644531,36.66342544555664,31.88789367675781,21.08666038513184,6.395562648773193,42.91850280761719
2012-03-05,24.84947204589844,21.24058723449707,59.469146728515625,13.04842472076416,34.5763053894043,36.314640045166016,31.987041473388672,21.046241760253903,6.269697666168213,42.45158767700195
2012-03-06,24.602951049804688,20.9663143157959,58.86559677124024,12.97080898284912,34.05509948730469,35.83502578735352,31.717941284179688,20.70453643798828,6.065165519714356,41.49627685546875
2012-03-07,24.83304023742676,20.915285110473636,58.98632049560547,12.979434967041016,34.78919219970703,35.89052963256836,31.66130256652832,20.67146873474121,6.309031486511231,41.474708557128906
2012-03-08,24.709774017333984,20.90890884399414,59.26796722412109,13.13466739654541,35.10484313964844,36.83782577514648,32.01537322998047,21.12339973449707,6.3404974937438965,42.731727600097656
2012-03-09,24.759077072143555,21.35541343688965,59.6234016418457,13.13466739654541,35.31040573120117,36.770450592041016,32.31986999511719,21.292428970336918,6.332630634307861,42.940040588378906
2012-03-12,24.4139461517334,21.451086044311523,59.68375396728516,13.126046180725098,35.67012405395508,36.897274017333984,32.1215934753418,21.39529800415039,6.285431385040283,42.566524505615234
2012-03-13,24.759077072143555,21.20870018005371,60.11963653564453,13.156641006469728,36.07386016845703,37.38085174560547,32.02952575683594,21.65250015258789,6.678761959075928,43.36383819580078
2012-03-14,24.52077293395996,21.28524780273437,60.6359977722168,13.091079711914062,36.31613159179688,37.13113021850586,31.93746757507324,21.67454719543457,6.954095363616943,43.47159194946289
2012-03-15,24.701555252075195,21.540388107299805,60.55553817749024,13.126049041748049,36.11793899536133,37.11528396606445,31.78168487548828,21.7186279296875,7.268759250640869,43.70864486694336
2012-03-16,24.43860626220703,21.821044921875,59.89833831787109,13.126049041748049,36.0078010559082,37.0954704284668,32.064945220947266,21.832534790039062,7.709287643432617,43.36383819580078
2012-03-19,24.45503616333008,21.72537422180176,60.05927276611328,13.161015510559082,35.84630584716797,37.44029998779297,31.958717346191406,22.1264762878418,7.496891498565674,43.42848587036133
2012-03-20,24.73442840576172,21.565900802612305,59.91175079345703,13.169754028320312,36.25006103515625,37.230228424072266,31.640060424804688,22.19261932373047,7.717153549194336,42.724552154541016
2012-03-21,24.16743278503418,21.393678665161133,59.98554229736328,13.17849826812744,36.55104064941406,37.3134651184082,31.802928924560547,22.188947677612305,7.72502326965332,42.71737289428711
2012-03-22,23.52646255493164,21.291622161865234,59.95197677612305,13.174129486083984,36.47029876708984,36.84575271606445,31.68961524963379,22.0860595703125,7.5519585609436035,42.91850280761719
2012-03-23,23.46072769165039,21.406435012817383,60.20011138916016,13.287774085998535,36.36753463745117,37.11925506591797,31.965795516967773,22.19261932373047,7.748621940612793,43.2130012512207
2012-03-26,23.961994171142575,21.9231014251709,60.78354263305664,13.401419639587402,36.80064392089844,37.81683349609375,32.32694625854492,22.40940284729004,7.811556816101074,44.37664031982422
2012-03-27,24.11812400817871,22.197376251220703,60.92437744140625,13.37956428527832,36.73457336425781,37.94763946533203,32.107425689697266,22.534320831298828,7.5519585609436035,44.03184509277344
2012-03-28,24.126340866088867,22.165496826171875,60.14646530151367,13.340225219726562,36.63914108276367,37.567138671875,31.583396911621094,22.45717430114746,7.669951438903809,43.63680648803711
2012-03-29,24.07703018188477,21.642444610595703,60.106231689453125,13.370820999145508,36.63914108276367,37.92782211303711,31.36387252807617,22.405725479125977,7.496891498565674,43.60087203979492
2012-03-30,23.961994171142575,21.36179542541504,60.260475158691406,13.493206024169922,36.93278884887695,37.97140884399414,31.72502326965332,22.519624710083008,7.528356552124023,43.852272033691406
2012-04-02,24.26603126525879,21.789152145385746,61.13226318359375,13.619965553283691,36.6978759765625,38.71658706665039,31.91622543334961,22.501258850097656,7.614891529083252,43.90255737304688
2012-04-03,24.150999069213867,21.59140968322754,61.07192611694336,13.589369773864746,36.70521545410156,37.923858642578125,31.802928924560547,22.464506149291992,7.465424060821533,43.55060195922852
2012-04-04,23.961994171142575,21.24058723449707,60.58232879638672,13.598111152648926,36.595096588134766,37.22625732421875,31.37802124023437,22.582088470458984,7.237291812896728,43.20580673217773
2012-04-05,24.290681838989254,20.94718360900879,60.4549446105957,13.707385063171388,37.16035461425781,38.1656494140625,31.597557067871094,22.52329635620117,7.260889530181885,42.731727600097656
2012-04-09,23.88721466064453,20.76858901977539,59.5093994140625,13.619965553283691,37.1309928894043,37.35706329345703,31.11602783203125,22.402050018310547,7.024896144866943,41.58245468139648
2012-04-10,23.34376716613769,20.545337677001957,58.79181671142578,13.52817440032959,36.23537063598633,36.50091552734375,30.825672149658203,22.09708404541016,6.7180938720703125,40.641483306884766
2012-04-11,23.170846939086918,21.100265502929688,59.341739654541016,13.641820907592772,36.52168655395508,37.47198486328125,30.981468200683597,22.108200073242188,6.969827651977539,41.00062561035156
2012-04-12,23.631959915161133,21.23421669006348,60.46835708618164,13.68552589416504,37.16769409179688,38.37966537475586,30.79027557373047,22.130434036254883,7.21368932723999,42.22893142700195
2012-04-13,23.516685485839844,21.07476043701172,59.88492965698242,13.764214515686035,37.409942626953125,37.93971252441406,30.75485038757324,22.08226203918457,6.828227043151856,41.71173858642578
2012-04-16,23.58254623413086,21.24058723449707,60.06598281860352,13.716123580932615,37.94584274291992,38.40742111206055,30.882326126098636,22.178607940673828,6.914761066436768,41.66146469116211
2012-04-17,24.10954093933105,22.36959648132324,60.756683349609375,13.816665649414062,38.1954345703125,38.97818374633789,31.11602783203125,22.3935489654541,7.017026901245117,42.32950210571289
2012-04-18,23.98602294921875,22.650257110595703,60.60247039794922,13.83851718902588,38.03393173217773,39.02972030639648,30.87525177001953,22.4046630859375,7.017026901245117,42.18582534790039
2012-04-19,23.88721466064453,22.72680282592773,60.58232879638672,13.89097023010254,37.85041427612305,40.03249740600586,30.79918670654297,22.052621841430664,6.899025917053223,41.66146469116211
2012-04-20,23.780168533325195,22.91815757751465,60.91765213012695,13.93904972076416,37.77699279785156,40.1474494934082,31.510009765625,22.18973159790039,6.576493263244629,42.6599006652832
2012-04-23,23.450801849365234,22.58009529113769,60.709754943847656,13.882222175598145,37.51272201538086,40.03647232055664,30.74232482910156,22.18601417541504,6.4348978996276855,42.52342224121094
2012-04-24,23.623727798461918,22.47803497314453,61.11214065551758,13.856002807617188,37.6081657409668,40.42886352539063,30.863161087036133,22.504714965820312,6.458496570587158,43.04778671264648
2012-04-25,23.77194023132324,22.516307830810547,61.01153945922852,13.851624488830566,38.10734176635742,41.28895950317383,31.13327407836914,22.827104568481445,6.497828006744385,43.44285202026367
2012-04-26,23.89544486999512,22.57371711730957,61.494388580322266,13.956534385681152,38.07798004150391,41.70514678955078,31.68770217895508,22.923450469970703,6.505696773529053,43.816368103027344
2012-04-27,24.07660484313965,22.752309799194336,61.22614669799805,14.043953895568848,38.13671875,41.87954711914063,31.90093421936035,22.971635818481445,6.489961624145508,44.02467727661133
2012-04-30,24.208351135253903,22.363222122192383,60.71649932861328,14.078917503356934,38.01926040649414,41.71308135986328,31.71612548828125,22.997573852539062,6.379829406738281,43.5721435546875
2012-05-01,24.34832572937012,22.146350860595703,60.72319412231445,14.17070770263672,38.4083251953125,42.426513671875,31.78011131286621,23.060562133789062,6.537163257598877,43.76610565185547
2012-05-02,24.46360206604004,21.782773971557617,60.40798568725586,14.148853302001951,38.69462966918945,42.48596954345703,32.64017105102539,23.216203689575195,6.419164657592773,43.55778884887695
2012-05-03,24.19188499450684,21.585039138793945,59.99891662597656,14.2275390625,38.51844787597656,42.48994064331055,32.79654693603516,23.36443519592285,6.293297290802002,43.43567657470703
2012-05-04,23.393163681030277,21.463848114013672,58.89912033081055,14.175084114074709,38.14405059814453,41.88350296020508,32.28477096557617,23.127269744873047,6.088766098022461,42.60243988037109
2012-05-07,22.989686965942383,21.412818908691406,58.550437927246094,14.07454776763916,37.725616455078125,42.37104034423828,32.171051025390625,23.164329528808597,6.26183032989502,42.75328826904297
2012-05-08,22.997926712036133,21.7445068359375,58.4296989440918,14.100778579711914,37.16035461425781,42.45075225830078,32.178165435791016,23.197681427001957,6.128098011016846,42.645538330078125
2012-05-09,22.874408721923828,21.642444610595703,57.63840103149414,13.877854347229004,36.78596115112305,42.22356414794922,32.14971160888672,22.690004348754883,6.080899715423584,41.92723846435547
2012-05-10,22.248619079589844,21.7189884185791,57.752403259277344,13.869118690490724,37.16035461425781,42.13987350463867,32.67571258544922,23.05685234069824,6.057298183441162,42.070899963378906
2012-05-11,22.232152938842773,21.20232963562012,57.14215469360352,13.895337104797363,36.95480346679688,41.92464828491211,32.213714599609375,22.990158081054688,5.939298629760742,42.05653381347656
2012-05-14,22.1992130279541,20.953561782836918,57.13545989990234,13.851624488830566,36.61710357666016,41.09961318969727,32.071533203125,22.856746673583984,5.781967639923096,41.76920318603516
2012-05-15,22.28156471252441,20.972702026367188,56.726375579833984,13.877854347229004,35.72884750366211,40.7249870300293,32.213714599609375,22.934568405151367,5.742634296417236,41.2879524230957
2012-05-16,22.00160026550293,20.90890884399414,56.552040100097656,13.925939559936523,35.80226516723633,40.5535888671875,32.09996795654297,23.17915153503418,5.593166828155518,41.31180191040039
2012-05-17,21.61458969116211,20.468965530395508,55.54613876342773,13.829771995544434,34.517578125,39.39775466918945,31.893829345703125,23.060562133789062,5.490902423858643,40.11164855957031
2012-05-18,21.087608337402344,20.10929298400879,55.5125846862793,13.847256660461426,34.53960418701172,38.88362121582031,31.581079483032227,22.81598472595215,5.522369384765625,39.930885314941406
2012-05-21,21.622827529907227,20.134990692138672,56.08259582519531,13.92156982421875,34.95069885253906,39.67275619506836,31.90093421936035,22.904924392700195,5.372903823852539,41.23229217529297
2012-05-22,21.705167770385746,20.07076072692871,56.12284469604492,13.882222175598145,35.42787170410156,39.56117248535156,31.943588256835938,22.971635818481445,5.490902423858643,41.41302490234375
2012-05-23,21.968664169311523,20.0964412689209,55.89482498168945,13.864744186401367,35.78022384643555,40.17496871948242,31.83696746826172,22.741878509521484,5.640366554260254,41.65884780883789
2012-05-24,21.50754737854004,20.077173233032227,55.90825271606445,14.100778579711914,36.4923095703125,41.53006362915039,32.1070671081543,23.130971908569336,5.616767883300781,41.405792236328125
2012-05-25,21.52401733398437,20.14140510559082,55.46565628051758,14.035207748413086,36.29411315917969,41.12353515625,31.972003936767575,23.06797981262207,5.624634742736816,41.02984237670898
2012-05-29,21.787508010864254,20.295549392700195,56.10273361206055,14.043953895568848,36.75931930541992,41.888763427734375,32.4411506652832,23.0272159576416,5.852766513824463,41.35518264770508
2012-05-30,21.548717498779297,19.8652286529541,56.19773864746094,13.99587059020996,36.70762634277344,40.75686264038086,32.22080612182617,22.89751625061035,5.671589374542236,40.63219833374024
2012-05-31,21.79574203491211,19.60190200805664,56.19773864746094,14.070178031921388,36.434417724609375,41.2271614074707,31.943588256835938,22.89751625061035,5.789748668670654,40.24179458618164
2012-06-01,21.408737182617188,19.22297096252441,55.125370025634766,13.851624488830566,35.41537857055664,39.44160842895508,30.99110984802246,22.42689514160156,5.529801368713379,38.998233795166016
2012-06-04,21.573429107666016,19.595483779907227,55.00998306274414,13.956534385681152,36.00611877441406,38.96731948852539,31.35361671447754,22.31571578979492,5.435275554656982,38.46321868896485
2012-06-05,21.993364334106445,19.64044189453125,54.85389709472656,13.899710655212402,36.124267578125,39.45356369018555,31.296749114990234,22.34536361694336,5.592819213867188,38.52828598022461
2012-06-06,22.66856575012207,19.88450050354004,55.91267013549805,14.240646362304688,37.36483383178711,40.5775032043457,31.872509002685547,22.619590759277344,6.018187999725342,39.51878356933594
2012-06-07,22.38037109375,19.89734649658203,56.43528366088867,14.314953804016112,37.83745574951172,40.8843879699707,31.59528923034668,22.678884506225582,5.844890594482422,40.03211212158203
2012-06-08,22.363903045654297,20.0129508972168,56.53031539916992,14.384886741638184,38.65710067749024,41.32279586791992,31.908052444458008,22.93087387084961,5.955170631408691,40.48036193847656
2012-06-11,22.075702667236328,20.05148696899414,55.96696472167969,14.40674114227295,37.91865539550781,40.63728713989258,31.794321060180664,22.79375648498535,5.734607219696045,39.85858154296875
2012-06-12,22.256858825683597,20.07076072692871,56.58460235595703,14.612183570861816,38.57587432861328,41.5101318359375,32.263450622558594,22.96051406860352,5.900029182434082,40.52375793457031
2012-06-13,22.248619079589844,19.83311653137207,56.10951232910156,14.72281265258789,37.6380500793457,40.61737060546875,32.12128829956055,22.79375648498535,5.907907962799072,39.85136032104492
2012-06-14,22.158052444458008,20.34050750732422,56.55745697021485,14.904240608215332,38.51679611206055,40.55758285522461,32.56200408935547,23.0272159576416,6.033941268920898,39.92366409301758
2012-06-15,22.80854606628418,20.424001693725582,56.638893127441406,14.94407081604004,38.30265045166016,41.50614929199219,32.4482536315918,23.16062355041504,6.222996234893799,40.51652526855469
2012-06-18,22.330965042114254,20.526763916015625,57.52802276611328,14.979472160339355,38.634952545166016,41.76122283935547,32.46247863769531,23.234737396240234,6.1127142906188965,40.40083312988281
2012-06-19,23.02263069152832,19.325733184814453,57.89453887939453,15.01045036315918,39.11493682861328,42.31922912597656,32.8747444152832,23.2977294921875,6.388416290283203,40.90692901611328
2012-06-20,23.45903587341309,18.760541915893555,57.37872314453125,15.006030082702637,39.01154708862305,42.2634162902832,32.689945220947266,23.279203414916992,6.412048816680908,40.878021240234375
2012-06-21,22.899110794067383,18.722000122070312,57.26333999633789,14.997178077697754,37.852195739746094,40.82062149047852,32.263450622558594,23.06427383422852,6.159976959228516,40.07548904418945
2012-06-22,23.055566787719727,18.99175071716309,57.928443908691406,14.988327026367188,38.41341400146485,41.52607727050781,32.62595748901367,23.09391975402832,6.254504680633545,40.13332748413086
2012-06-25,22.7426700592041,18.619239807128903,57.18187713623047,14.921952247619627,38.04419708251953,40.38619613647461,32.12839889526367,23.01980209350586,5.986678600311279,38.839168548583984
2012-06-26,22.915584564208984,18.6834716796875,56.591407775878906,14.899821281433104,38.31002426147461,40.988014221191406,32.29898834228516,23.10503196716309,6.002432823181152,38.50660705566406
2012-06-27,23.195541381835938,18.895414352416992,57.62983703613281,15.045852661132812,38.06634140014648,41.243106842041016,32.689945220947266,23.2977294921875,6.120591640472412,39.04160690307617
2012-06-28,23.195541381835938,18.651350021362305,57.37192535400391,15.059128761291504,38.169734954833984,41.2510871887207,32.689945220947266,23.312559127807617,6.096960067749023,38.260772705078125
2012-06-29,24.455368041992188,18.998178482055664,59.10264205932617,15.289246559143066,39.12970733642578,42.29530334472656,33.215938568115234,23.890647888183597,6.443559169769287,40.37191390991211
2012-07-02,24.537708282470703,19.17800712585449,59.15695190429688,15.47067928314209,39.14446640014648,41.729339599609375,33.983604431152344,23.94994163513184,6.341154098510742,39.88028335571289
2012-07-03,24.67769241333008,19.017446517944336,59.394508361816406,15.483957290649414,38.14020156860352,41.80108642578125,33.99782943725586,24.0240478515625,6.3490309715271,40.191165924072266
2012-07-05,24.471834182739254,19.18443298339844,59.04832077026367,15.439698219299316,38.47987747192383,42.044212341308594,34.196834564208984,23.99439811706543,6.159976959228516,40.55266952514648
2012-07-06,24.027204513549805,19.023866653442383,58.95333480834961,15.475104331970217,38.50942611694336,42.07609939575195,34.203948974609375,23.99439811706543,6.033941268920898,39.6850700378418
2012-07-09,23.961322784423828,19.07524871826172,59.31306457519531,15.55918312072754,38.48725509643555,41.19925308227539,33.613983154296875,24.31309700012207,5.955170631408691,39.91642761230469
2012-07-10,23.920148849487305,19.21654319763184,59.06191253662109,15.678665161132812,38.56110382080078,40.70903015136719,33.35809326171875,24.33533096313477,5.892151832580566,38.83195114135742
2012-07-11,24.118179321289062,19.229398727416992,58.93976211547852,15.629989624023438,38.15496826171875,40.206825256347656,33.336761474609375,24.34280014038086,6.010311126708984,38.82471084594727
2012-07-12,23.77988052368164,19.3321590423584,58.38320159912109,15.54148292541504,38.06634140014648,40.1191635131836,33.77748107910156,24.324115753173828,5.892151832580566,38.75241088867188
2012-07-13,24.406970977783203,19.64044189453125,59.21801376342773,15.762743949890137,38.465110778808594,41.18730545043945,34.15418243408203,24.44363594055176,6.159976959228516,39.46094131469727
2012-07-16,24.35746383666992,19.58905601501465,59.14336395263672,15.749478340148926,37.99252700805664,40.70504760742188,34.16840744018555,24.45484161376953,6.152099132537842,39.38864517211914
2012-07-17,24.6875114440918,19.717514038085938,59.34020233154297,15.846829414367676,37.45345687866211,41.502174377441406,34.43141174316406,24.820837020874023,6.238750457763672,39.43203353881836
2012-07-18,25.16608047485352,19.890926361083984,60.13431167602539,15.89549446105957,37.5937614440918,41.52607727050781,34.55225372314453,24.62290382385254,5.931536674499512,42.063724517822266
2012-07-19,25.47136688232422,22.235183715820312,60.07321548461914,15.904351234436035,37.630672454833984,44.62290191650391,32.40053176879883,24.57434844970703,5.71885347366333,41.89742660522461
2012-07-20,24.852537155151367,22.22235107421875,59.530235290527344,15.891070365905762,37.43869018554688,45.37617492675781,32.150917053222656,24.29798126220703,5.569185733795166,41.74560546875
2012-07-23,24.464731216430664,21.78560447692871,58.98725509643555,15.705219268798828,37.630672454833984,44.140655517578125,31.958356857299805,24.1411190032959,5.584940910339356,41.5286979675293
2012-07-24,24.19243812561035,21.907634735107425,59.58454513549805,15.740622520446776,37.78574752807617,43.26779556274414,31.80143547058105,23.879695892333984,5.545555114746094,40.97924423217773
2012-07-25,24.14293670654297,22.254453659057617,59.5098762512207,15.665390014648438,37.71190643310547,42.8413314819336,31.765804290771484,23.946916580200195,5.569185733795166,41.06599044799805
2012-07-26,24.753517150878903,22.45998764038086,60.100364685058594,15.767172813415527,39.07063293457031,43.13627243041992,31.78006172180176,24.14486122131348,5.6479597091674805,41.74560546875
2012-07-27,25.388866424560547,22.941680908203125,61.22024154663086,15.886656761169434,39.66136932373047,44.00912094116211,32.051063537597656,24.79469490051269,5.758240222930908,42.66379928588867
2012-07-30,25.232086181640625,23.294921875,60.4600715637207,16.001708984375,39.32169723510742,44.23629379272461,32.3292121887207,24.873119354248047,5.734607219696045,42.21554946899414
2012-07-31,24.91854286193848,23.35272789001465,60.58903121948242,15.91762638092041,38.53157424926758,43.62649154663086,32.272151947021484,24.76481819152832,5.7818708419799805,41.9697380065918
2012-08-01,25.017559051513672,23.294921875,60.37863159179688,15.944180488586426,38.16234970092773,43.06851959228516,31.97974395751953,24.6863956451416,5.687346458435059,41.9335823059082
2012-08-02,24.6875114440918,22.960947036743164,60.032493591308594,15.736191749572754,37.94821548461914,42.90111923217773,32.029666900634766,24.776020050048828,5.65583610534668,41.44195175170898
2012-08-03,25.34760093688965,22.99305534362793,60.67047882080078,15.89549446105957,38.612789154052734,43.52286529541016,31.915565490722656,24.869386672973636,5.852766990661621,42.59151077270508
2012-08-06,25.578638076782227,22.98663902282715,60.39901351928711,15.837966918945312,38.39865493774414,43.80187225341797,32.02252960205078,24.7872314453125,6.018187999725342,42.39630126953125
2012-08-07,25.991193771362305,23.140779495239254,61.30167770385742,15.466253280639648,38.69402694702149,44.44754409790039,31.466236114501957,24.660245895385746,6.041819095611572,42.345680236816406
2012-08-08,25.71066093444824,23.275657653808597,61.68856048583984,15.49280834197998,38.98199844360352,44.519649505615234,32.49324417114258,24.6116943359375,6.041819095611572,42.60597229003906
2012-08-09,25.88392448425293,23.17931365966797,61.45102691650391,15.364473342895508,39.247859954833984,44.623836517333984,32.108123779296875,24.54446220397949,6.08120584487915,42.63487243652344
2012-08-10,26.08195304870605,23.23068618774414,61.78358459472656,15.47067928314209,39.1813850402832,44.4034538269043,32.05820083618164,24.690128326416016,6.096960067749023,42.66379928588867
2012-08-13,25.87567901611328,23.10224723815918,61.84465789794922,15.581310272216797,39.00416564941406,44.13099670410156,31.87990951538086,24.645309448242188,6.08120584487915,42.44690704345703
2012-08-14,25.867429733276367,22.935251235961918,62.00076675415039,15.683096885681152,40.399810791015625,43.46586608886719,31.466236114501957,24.712526321411133,6.128468036651611,42.24446105957031
2012-08-15,26.03244972229004,23.016162872314453,62.10934829711914,15.545909881591797,40.61396026611328,43.84651184082031,31.53756332397461,24.805892944335938,6.199363231658936,42.273380279541016
2012-08-16,26.42850685119629,22.99027442932129,62.47587585449219,15.665390014648438,41.5813102722168,44.09093475341797,31.915565490722656,24.809633255004883,6.246626853942871,42.75581359863281
2012-08-17,26.56877899169922,23.19740104675293,62.71343994140625,15.669812202453612,41.89145660400391,44.175079345703125,32.314945220947266,24.61916923522949,6.301767826080322,43.29425430297852
2012-08-20,26.4367618560791,23.32036781311035,63.337852478027344,15.568034172058104,41.77330017089844,43.73832702636719,32.67155838012695,24.54820442199707,6.419925212860107,43.29425430297852
2012-08-21,26.19748306274414,23.07441520690918,63.663612365722656,15.23171043395996,41.58869552612305,43.06117630004883,32.543174743652344,24.38761711120605,6.451436519622803,43.0104866027832
2012-08-22,26.156219482421875,23.009685516357425,63.14100646972656,15.01045036315918,41.82499313354492,44.49562072753906,32.59309387207031,24.47724914550781,6.4750657081604,42.84313201904297
2012-08-23,26.06545639038086,23.08088493347168,62.57768249511719,14.80246353149414,41.75852966308594,43.67021179199219,32.34347152709961,24.398815155029297,6.419925212860107,42.55207061767578
2012-08-24,26.362497329711918,23.07441520690918,62.747337341308594,15.081257820129396,42.061302185058594,43.73432922363281,32.49324417114258,24.58928680419922,6.42780351638794,42.46474838256836
2012-08-27,26.26348304748535,23.042051315307617,62.63196563720703,15.160906791687012,41.84715270996094,43.82647705078125,32.407657623291016,24.54446220397949,6.356908321380615,42.48659133911133
2012-08-28,26.057209014892575,22.912599563598636,62.76775741577149,15.271539688110352,41.9584846496582,43.63014602661133,32.35061264038086,24.54820442199707,6.270257472991943,42.61028289794922
2012-08-29,25.98294448852539,22.847875595092773,62.387657165527344,15.306940078735352,42.18856430053711,43.95870208740234,32.40053176879883,24.503389358520508,6.301767826080322,42.73398208618164
2012-08-30,25.71890640258789,22.789630889892575,62.39451599121094,15.240559577941896,42.025272369384766,43.46987533569336,32.23649597167969,24.42496681213379,6.230874061584473,42.28285217285156
2012-08-31,26.114971160888672,23.14560890197754,62.5385971069336,15.028153419494627,42.12178039550781,44.08290100097656,32.48610305786133,24.47724914550781,6.293890476226807,42.53025436401367
2012-09-04,26.0489559173584,23.106773376464844,62.12003326416016,15.222864151000977,42.151458740234375,43.34165191650391,32.75713348388672,24.44736862182617,6.301767826080322,41.85354995727539
2012-09-05,26.46151161193848,23.223285675048828,62.80621337890625,15.156486511230469,41.96590805053711,43.582061767578125,32.471858978271484,24.5556697845459,6.270220279693604,41.7443962097168
2012-09-06,26.92357635498047,22.783159255981445,63.69826126098633,15.306940078735352,42.789794921875,45.27696228027344,33.163658142089844,24.992637634277344,6.585701942443848,42.94499206542969
2012-09-07,26.89882469177246,22.6148624420166,63.252227783203125,15.165338516235352,42.50032043457031,45.333038330078125,32.84984588623047,24.90673828125,6.940619945526123,43.58530807495117
2012-09-10,26.6595458984375,22.74432182312012,63.14928817749024,15.244990348815918,42.53000259399414,46.39484405517578,32.94257354736328,25.09346389770508,6.767106056213379,43.3379135131836
2012-09-11,26.66779327392578,22.72490119934082,63.29338455200195,15.21844482421875,42.09950256347656,46.42689895629883,32.842708587646484,25.1457576751709,7.122020721435547,43.50526809692383
2012-09-12,26.6182861328125,22.8867130279541,63.41691589355469,14.927071571350098,42.34443664550781,46.38682556152344,33.14225387573242,25.336231231689453,7.074699401855469,43.73086166381836
2012-09-13,26.915319442749023,23.31389617919922,63.904075622558594,15.15568733215332,43.27223587036133,47.51273727416992,33.841190338134766,25.87029266357422,7.413844108581543,44.4730224609375
2012-09-14,27.187620162963867,23.31389617919922,63.48551559448242,14.765695571899414,44.13322830200195,47.616920471191406,33.498836517333984,25.496814727783203,7.532151222229004,44.4002685546875
2012-09-17,27.31138610839844,23.106773376464844,63.27281951904297,14.886730194091797,43.72499465942383,47.48068618774414,33.44892501831055,25.81427001953125,7.33497428894043,44.90961837768555
2012-09-18,27.24537467956543,23.08088493347168,62.97087478637695,14.922584533691406,43.68790817260742,47.059967041015625,33.80553436279297,25.735841751098636,7.279762268066406,44.66948318481445
2012-09-19,27.047346115112305,23.17796897888184,63.29338455200195,14.859833717346191,44.1406478881836,46.97582626342773,34.026607513427734,25.90016746520996,7.327085494995117,44.58945083618164
2012-09-20,26.6182861328125,23.009685516357425,62.566043853759766,15.066030502319336,43.99962615966797,47.4286003112793,34.09794235229492,26.09064102172852,7.248217582702637,44.05828094482422
2012-09-21,26.79156875610352,22.72490119934082,62.64153289794922,15.267742156982422,44.10353469848633,47.11607360839844,34.140716552734375,26.00100898742676,7.185118675231934,44.03646469116211
2012-09-24,26.58528709411621,23.08736038208008,62.4699821472168,15.334986686706545,44.08126068115234,46.80354309082031,34.28336715698242,25.99726676940918,7.1772332191467285,43.7526741027832
2012-09-25,25.826171875,23.346263885498047,62.78561401367188,15.245330810546877,44.32619857788086,46.09033203125,33.96956253051758,25.982324600219727,7.043153285980225,43.156009674072266
2012-09-26,25.35585021972656,23.184450149536133,63.06697463989258,15.317057609558104,43.9179801940918,45.91803359985352,34.11221694946289,25.84041786193848,6.956393718719482,43.2505989074707
2012-09-27,25.76016616821289,23.689298629760746,63.4443588256836,15.196029663085938,44.44496536254883,46.17047500610352,34.40462112426758,25.88896751403809,7.074699401855469,43.832706451416016
2012-09-28,25.958187103271484,23.585737228393555,64.0756607055664,14.967413902282717,44.80864334106445,46.014190673828125,34.53299331665039,25.605125427246094,6.96428108215332,43.47617721557617
2012-10-01,26.131465911865234,23.915843963623047,64.11682891845703,15.079479217529297,44.95711135864258,46.29868698120117,34.71127700805664,25.799331665039062,7.066815376281738,44.24019241333008
2012-10-02,26.114971160888672,23.88994789123535,63.9246940612793,15.11982250213623,44.77896499633789,45.93004608154297,34.582908630371094,25.597660064697266,7.043153285980225,44.71315383911133
2012-10-03,26.25522994995117,23.533954620361328,63.87664413452149,15.263264656066896,45.84779357910156,46.723388671875,34.8467903137207,26.07943344116211,7.185118675231934,44.35660934448242
2012-10-04,26.321245193481445,23.54043197631836,64.85790252685547,15.240852355957031,45.82551956176758,46.88766860961914,34.86106491088867,26.43423080444336,7.421729564666748,44.582176208496094
2012-10-05,25.90043258666992,23.38509559631348,64.75495910644531,15.240852355957031,46.9091796875,47.25631332397461,34.8467903137207,26.74421501159668,7.350747108459473,44.69860076904297
2012-10-08,25.72715759277344,23.24917221069336,64.50794982910156,15.231882095336914,45.92943572998047,47.16817092895508,34.68276596069336,26.635910034179688,7.319199085235596,44.58945083618164
2012-10-09,25.28985023498535,23.042051315307617,64.30895233154297,15.02568531036377,45.23914337158203,46.3627815246582,34.24769973754883,26.479040145874023,7.263988971710205,44.15286636352539
2012-10-10,25.281578063964844,23.061473846435547,63.61590576171875,14.945006370544434,44.341064453125,46.22255706787109,34.2762336730957,26.28110885620117,7.263988971710205,43.832706451416016
2012-10-11,25.39731979370117,23.365663528442383,63.62274932861328,14.66259765625,43.79923248291016,46.26261138916016,33.94816589355469,26.11558151245117,7.366522312164307,43.869102478027344
2012-10-12,25.628808975219727,23.26211929321289,63.787479400634766,14.846380233764648,44.20745849609375,45.76978302001953,33.57730865478516,26.062915802001957,7.193005561828613,43.80361557006836
2012-10-15,25.8768253326416,23.410982131958008,63.471778869628906,14.868796348571776,45.01648712158203,46.53507614135742,33.57016372680664,27.10498046875,7.445394515991211,44.27657318115234
2012-10-16,26.348068237304688,23.54043197631836,64.06878662109375,14.909133911132812,45.17235565185547,47.20823669433594,33.44892501831055,27.13507080078125,7.461163520812988,44.76408767700195
2012-10-17,25.81895637512207,23.1909236907959,64.21288299560547,15.016716957092283,45.56574249267578,47.66901016235352,33.270626068115234,25.972627639770508,7.445394515991211,45.0333137512207
2012-10-18,25.72801780700684,23.372146606445312,64.72067260742188,14.832926750183104,45.87005233764648,47.71709060668945,33.34434127807617,25.069751739501957,7.469052791595459,44.69130706787109
2012-10-19,25.198904037475582,23.16502571105957,63.73944091796875,14.626734733581545,45.93685150146485,47.172149658203125,33.06521987915039,24.885406494140625,7.445394515991211,45.46989440917969
2012-10-22,25.463459014892575,23.51454734802246,63.65708160400391,14.756732940673828,46.04819107055664,47.16014099121094,33.10817337036133,24.75751495361328,7.532151222229004,45.31709671020508
2012-10-23,25.28984642028809,22.906124114990234,63.09440994262695,14.501220703125,45.83294296264648,46.2946662902832,32.836204528808594,24.58822631835937,7.382295608520508,44.78591537475586
2012-10-24,25.298118591308597,22.94495964050293,64.4461898803711,14.402606010437012,45.48409652709961,46.9477767944336,32.88630676269531,24.6634578704834,7.342860698699951,44.4002685546875
2012-10-25,25.513063430786133,22.867292404174805,64.19229125976562,14.389155387878418,44.89030456542969,46.48699569702149,33.000816345214844,24.74621963500977,7.287651538848877,44.69860076904297
2012-10-26,25.62053680419922,22.77667999267578,63.705108642578125,14.23674488067627,44.56372833251953,46.52706909179688,32.96503448486328,24.63336944580078,7.193005561828613,44.74224853515625
2012-10-31,25.6949520111084,22.802568435668945,64.27460479736328,14.254680633544922,45.55831527709961,46.91172409057617,33.208370208740234,24.640888214111328,7.350747108459473,44.56034851074219
2012-11-01,26.0256404876709,22.97732925415039,64.6314468383789,14.330883026123049,46.21147537231445,48.80293655395508,33.27277374267578,24.6220817565918,7.682002544403076,45.57175827026367
2012-11-02,25.802419662475582,22.582502365112305,64.30895233154297,14.209856986999512,46.03335189819336,48.04966354370117,33.322872161865234,24.437747955322266,7.768761157989502,45.42622375488281
2012-11-05,25.835493087768555,22.058229446411133,64.56968688964844,14.290541648864746,46.3005485534668,48.794921875,33.37296676635742,24.46784210205078,7.689888954162598,45.69544982910156
2012-11-06,26.14965057373047,21.967622756958008,65.0980453491211,14.317439079284668,46.47867584228516,49.359859466552734,33.55190658569336,24.38507461547852,7.839743137359619,46.22663879394531
2012-11-07,25.45519256591797,21.82079696655273,62.54547119140625,14.0753755569458,46.01106643676758,48.57077026367188,33.415916442871094,24.272220611572266,7.279762268066406,45.2006721496582
2012-11-08,25.149301528930664,21.383590698242188,61.70146179199219,14.021580696105955,45.17235565185547,47.35085678100586,33.22983169555664,23.8809757232666,7.40595817565918,44.6039924621582
2012-11-09,25.091428756713867,21.311817169189453,61.742637634277344,14.111239433288574,45.24657440185547,47.25824737548828,33.17974853515625,24.39260482788086,7.437506198883057,44.26200866699219
2012-11-12,25.05008888244629,21.377071380615234,61.6259651184082,13.940898895263672,45.39501953125,47.29449844360352,33.10100555419922,24.403886795043945,7.40595817565918,44.70587158203125
2012-11-13,24.81861114501953,21.2335147857666,61.879878997802734,13.976757049560549,47.04277801513672,47.28643798828125,33.08668899536133,24.33240509033203,7.358634948730469,44.56034851074219
2012-11-14,24.45484161376953,21.05080795288086,60.459468841552734,13.80194091796875,45.62511444091797,46.82746887207031,32.49982833862305,23.978782653808597,7.0904741287231445,43.62897491455078
2012-11-15,24.76073265075684,21.031230926513672,60.095794677734375,13.667457580566406,45.46181869506836,46.40069580078125,31.99168586730957,23.775638580322266,7.169345855712891,43.170555114746094
2012-11-16,24.80207061767578,20.98555374145508,60.69962692260742,14.003652572631836,46.10755920410156,46.5496826171875,32.06324768066406,23.655254364013672,7.193005561828613,43.339088439941406
2012-11-19,24.917818069458008,21.305299758911133,62.08570861816406,14.595359802246094,47.00567626953125,48.3332405090332,32.263641357421875,23.670307159423828,7.484830379486084,44.284271240234375
2012-11-20,24.967424392700195,21.35097312927246,61.879878997802734,14.725350379943848,47.369361877441406,48.93715286254883,32.61433410644531,23.73049736022949,7.595248699188232,44.4088249206543
2012-11-21,25.132762908935547,21.29224395751953,62.10628890991211,14.729835510253906,47.569766998291016,49.01768112182617,32.73600769042969,23.824541091918945,7.705663681030273,44.3941650390625
2012-11-23,25.56266975402832,21.59241485595703,63.01205825805664,15.007757186889648,48.111602783203125,49.66989135742188,32.80039978027344,24.25340843200684,7.808194160461426,44.88507843017578
2012-11-26,25.595733642578125,21.57936286926269,64.01387023925781,14.886730194091797,48.00025177001953,49.52495956420898,32.42109680175781,24.212026596069336,7.760875701904297,44.44546127319336
2012-11-27,25.810691833496094,21.553258895874023,63.88349914550781,14.859833717346191,47.83623504638672,49.275333404541016,32.38532257080078,24.09917259216309,7.618909358978271,44.41615295410156
2012-11-28,26.290197372436523,21.74249839782715,64.29520416259766,14.9763765335083,48.33577346801758,49.07805252075195,32.836204528808594,24.2910270690918,7.697780132293701,44.87042617797852
2012-11-29,26.32326889038086,22.02308654785156,64.63563537597656,15.048100471496582,47.895877838134766,49.3759880065918,33.165428161621094,24.48288345336914,7.752989768981934,44.94369125366211
2012-11-30,26.604352951049805,22.12748908996582,64.81626892089844,15.15568733215332,48.51471710205078,50.0322494506836,33.28710174560547,24.45279312133789,7.776649475097656,44.93637466430664
2012-12-03,26.711833953857425,22.36892318725586,63.60050201416016,15.08844757080078,48.44760513305664,48.69155883789063,33.12247848510742,24.185691833496094,7.729325771331787,44.3941650390625
2012-12-04,26.76970863342285,22.36239624023437,63.5518798828125,15.012237548828123,47.895877838134766,48.43791198730469,32.87913513183594,24.223316192626957,7.816084384918213,44.3428840637207
2012-12-05,26.455547332763672,23.210702896118164,63.58659744262695,14.927071571350098,47.73186492919922,48.09567642211914,33.050899505615234,24.27973937988281,8.258207321166992,45.11221694946289
2012-12-06,26.4803466796875,23.39341163635254,63.5518798828125,14.873278617858888,47.97044372558594,49.6054801940918,33.43023681640625,24.29479217529297,8.258207321166992,45.075592041015625
2012-12-07,26.389404296875,23.55653953552246,63.84366989135742,15.00327205657959,48.05244064331055,48.86466979980469,33.52328109741211,24.652179718017575,8.400317192077637,45.40530014038086
2012-12-10,26.513412475585938,23.719675064086918,64.19796752929688,14.98086166381836,47.001197814941406,49.85910034179688,33.809547424316406,24.57693862915039,8.345050811767578,45.3246955871582
2012-12-11,26.736631393432617,23.91543197631836,63.913116455078125,14.774659156799316,46.88935852050781,50.34224319458008,34.03141021728516,24.89293670654297,8.29768180847168,45.17083358764648
2012-12-12,26.55373191833496,23.928489685058597,63.78112411499024,14.904658317565918,46.91917419433594,50.14495468139648,34.02426528930664,24.832744598388672,8.376629829406738,44.76784133911133
2012-12-13,26.27938270568848,23.824085235595703,62.51675796508789,14.909133911132812,46.531471252441406,50.41069793701172,34.71132278442383,24.573165893554688,8.321368217468262,45.23677444458008
2012-12-14,26.57036399841309,23.987215042114254,61.80122756958008,14.864310264587402,46.27054214477539,52.3110237121582,35.24095153808594,24.584455490112305,8.352950096130371,45.0975456237793
2012-12-17,26.869651794433597,24.23518180847168,62.81550216674805,14.788111686706545,47.2025032043457,52.419715881347656,35.09780502319336,24.528024673461918,8.684541702270508,45.7130241394043
2012-12-18,27.335220336914062,24.502716064453125,64.55921173095703,14.60880184173584,46.97138214111328,53.33363342285156,35.21231842041016,24.802654266357425,8.968757629394531,46.86337661743164
2012-12-19,28.34117126464844,24.300437927246094,64.54532623291016,14.51915168762207,46.05430603027344,52.82633972167969,34.890254974365234,24.580698013305664,8.83454704284668,46.72415542602539
2012-12-20,28.216447830200195,24.502716064453125,64.2604751586914,14.640178680419922,46.203426361083984,54.10665130615234,35.1622200012207,24.659704208374023,9.095083236694336,47.10515213012695
2012-12-21,28.06681251525879,23.69357109069824,64.69812774658203,14.472065925598145,45.71879196166992,53.65171051025391,34.83299255371094,24.84779930114746,8.913495063781738,47.04654693603516
2012-12-24,27.942115783691406,23.7979793548584,64.44805145263672,14.385727882385254,45.90519714355469,54.4488639831543,34.80437088012695,24.629610061645508,8.88191032409668,46.650875091552734
2012-12-26,27.942115783691406,23.921968460083008,63.93396759033203,14.231236457824709,45.584590911865234,54.247554779052734,34.56818771362305,24.475366592407227,9.110869407653809,46.75345993041992
2012-12-27,27.65945816040039,23.837127685546875,64.48976135253906,14.267592430114746,45.532413482666016,53.59532928466797,34.6397705078125,24.471599578857425,9.055603981018066,46.7021713256836
2012-12-28,27.451610565185547,23.843660354614254,63.45459747314453,14.12672996520996,45.21926498413086,53.42623519897461,34.29622268676758,24.23459243774414,8.968757629394531,46.10136032104492
2012-12-31,27.70101928710937,24.15035820007324,64.1146011352539,14.285764694213867,46.11393737792969,54.4931526184082,34.60395812988281,24.640888214111328,9.166135787963867,46.50434875488281
2013-01-02,28.839977264404297,24.83551979064941,64.79539489746094,14.785587310791016,47.32925033569336,55.78150177001953,35.55585479736328,25.12944602966309,9.497727394104004,47.44219207763672
2013-01-03,28.524059295654297,24.659330368041992,64.98994445800781,14.794678688049316,47.19504928588867,55.45940780639648,35.627418518066406,26.08601188659668,9.442463874816896,47.6253776550293
2013-01-04,28.77346992492676,24.26129150390625,65.23306274414062,14.785587310791016,47.10556411743164,56.15190124511719,35.7777099609375,25.929203033447266,9.560891151428224,48.599857330322266
2013-01-07,28.62383270263672,24.81594657897949,65.45538330078125,14.749235153198242,46.85207748413086,55.664737701416016,35.80634307861328,26.140899658203125,9.545099258422852,48.6218376159668
2013-01-08,28.63214683532715,24.907289505004883,64.58007049560547,14.603832244873049,47.135398864746094,56.45790481567383,35.677528381347656,26.14873313903809,9.458253860473633,48.16757583618164
2013-01-09,28.64876747131348,25.09000015258789,65.29557800292969,14.494780540466309,47.098121643066406,56.9289436340332,35.985260009765625,26.321229934692383,9.024027824401855,48.75373458862305
2013-01-10,29.02288055419922,25.16830825805664,65.37895965576172,14.858285903930664,47.43362808227539,57.07788848876953,36.665184020996094,26.54076766967773,9.300350189208984,48.66579818725586
2013-01-11,28.9813175201416,25.51414680480957,65.10105895996094,14.962796211242676,47.4932861328125,57.21076202392578,36.71527862548828,26.27307510375977,9.181926727294922,48.5851936340332
2013-01-14,29.0644474029541,25.474987030029297,65.24002075195312,14.990060806274414,47.32925033569336,56.77996444702149,37.13753509521485,26.26520538330078,9.055603981018066,48.91490936279297
2013-01-15,28.848295211791992,25.6446590423584,65.31645202636719,14.894635200500488,47.6796760559082,56.421653747558594,37.06596374511719,25.99751281738281,9.118766784667969,49.00284957885742
2013-01-16,28.79842185974121,25.70339775085449,64.98994445800781,14.894635200500488,47.61256408691406,56.0150032043457,37.04451370239258,25.74557304382324,9.300350189208984,48.8929443359375
2013-01-17,28.78178977966309,25.683815002441406,65.8235855102539,14.990060806274414,48.499794006347656,57.16246032714844,37.337928771972656,25.80856132507324,8.905600547790527,49.31788635253906
2013-01-18,29.189157485961918,25.585922241210938,65.28169250488281,15.117286682128906,48.812950134277344,57.46440124511719,37.29499816894531,25.777061462402344,8.795069694519043,49.68424224853516
2013-01-22,29.039522171020508,25.768634796142575,66.22652435302734,15.06276035308838,49.02170944213867,57.480506896972656,37.45672225952149,25.90303421020508,8.960867881774902,50.11653137207031
2013-01-23,28.839977264404297,25.78821182250977,66.74059295654297,14.999143600463867,49.551063537597656,57.73817825317383,37.81612777709961,25.832178115844727,9.016132354736328,50.021297454833984
2013-01-24,29.047815322875977,25.73601531982422,64.78150939941406,15.180896759033203,50.214622497558594,57.96767044067383,37.42079544067383,25.824312210083008,9.102975845336914,49.99931716918945
2013-01-25,29.41361427307129,25.88609504699707,64.18406677246094,15.199070930480955,50.56505584716797,58.06027603149414,37.27703094482422,25.816425323486328,9.174029350280762,50.06524658203125
2013-01-28,29.54663848876953,26.166677474975582,62.05128479003906,15.312663078308104,50.3860969543457,56.36529922485352,36.90325927734375,25.98177528381348,9.06350326538086,50.497554779052734
2013-01-29,29.746156692504883,26.14057731628418,62.41948318481445,15.312663078308104,50.10277938842773,56.79204177856445,36.90325927734375,26.2415828704834,9.071392059326172,50.622100830078125
2013-01-30,29.41361427307129,26.016599655151367,61.28019714355469,15.312663078308104,50.13261413574219,56.45790481567383,37.12608337402344,26.15498352050781,8.984552383422852,50.31436920166016
2013-01-31,29.52170753479004,26.07532501220703,60.34928894042969,15.303577423095703,49.894020080566406,55.507720947265625,36.80260467529297,26.67461585998535,8.93718147277832,49.99931716918945
2013-02-01,30.103654861450195,26.3037223815918,60.592411041259766,15.53985595703125,50.1773567199707,56.59073638916016,37.07575225830078,26.66673469543457,9.245084762573242,50.66607284545898
2013-02-04,29.20577812194824,26.10796165466309,60.2311897277832,15.399003028869627,49.476505279541016,55.938514709472656,36.65886306762695,26.375436782836918,9.06350326538086,50.23378372192383
2013-02-05,29.496755599975582,26.969318389892575,60.446537017822266,15.530773162841797,49.498870849609375,55.70901107788086,37.176395416259766,26.643125534057617,9.379302024841309,51.20093536376953
2013-02-06,29.18083381652832,27.041074752807617,60.8564338684082,15.503504753112791,49.70762634277344,55.69292449951172,36.83136749267578,26.84783363342285,9.41877555847168,51.230247497558594
2013-02-07,28.731897354125977,26.95626449584961,60.74526596069336,15.726156234741213,49.4392204284668,55.5479850769043,36.79543685913086,27.076156616210938,9.347722053527832,51.55995941162109
2013-02-08,29.014562606811523,27.014986038208008,61.14125061035156,15.76250457763672,49.96113586425781,55.91435623168945,36.80260467529297,27.091901779174805,9.28456211090088,51.67716979980469
2013-02-11,29.0644474029541,27.06718063354492,60.80780029296875,15.789769172668455,49.49140548706055,56.10358428955078,36.83136749267578,26.97380256652832,9.363513946533203,51.35480117797852
2013-02-12,29.189157485961918,27.37388610839844,60.62020111083984,15.74886989593506,50.19226837158203,54.93601608276367,36.78104782104492,27.005298614501957,9.671419143676758,51.59660339355469
2013-02-13,29.08938980102539,27.24578666687012,60.48127746582031,15.803400039672852,50.28919219970703,56.006954193115234,36.70198059082031,27.13126564025879,9.608259201049805,51.42072677612305
2013-02-14,29.014562606811523,27.49539375305176,60.49517822265625,15.49897003173828,50.20716857910156,55.962669372558594,37.298583984375,27.320219039916992,9.576677322387695,51.35480117797852
2013-02-15,28.939741134643555,27.029033660888672,61.04399871826172,15.621648788452148,50.34137344360352,56.11969375610352,36.745113372802734,27.619407653808597,9.497727394104004,51.369441986083984
2013-02-19,29.430252075195312,27.390300750732425,61.294090270996094,15.79885959625244,50.363746643066406,54.63807678222656,37.85206604003906,27.414705276489254,9.624045372009276,51.97026824951172
2013-02-20,29.106019973754883,27.32461166381836,60.94673538208008,15.853382110595703,49.5361557006836,53.17832565307617,37.26984024047852,27.178510665893555,9.316144943237305,51.54530334472656
2013-02-21,28.49911880493164,27.337759017944336,60.8286361694336,15.99424171447754,48.00025177001953,52.60008239746094,37.27703094482422,26.97380256652832,9.016132354736328,51.44213104248047
2013-02-22,28.889862060546875,27.46254539489746,61.2176628112793,16.048768997192383,48.89495849609375,53.50586318969727,36.910430908203125,27.202123641967773,9.0319185256958,51.508445739746094
2013-02-25,28.49911880493164,26.694040298461918,61.05094146728516,15.74433708190918,47.65729904174805,52.68904113769531,36.321022033691406,26.981674194335938,8.70822525024414,50.8156852722168
2013-02-26,28.532379150390625,26.79914093017578,60.64801025390625,15.585299491882324,50.371185302734375,53.65143203735352,36.40008163452149,26.81633186340332,8.787172317504883,50.94097518920898
2013-02-27,28.8316593170166,27.04217338562012,62.18270492553711,15.480793952941896,50.74398422241211,54.45207595825195,36.77385711669922,26.97380256652832,8.929412841796875,51.84746170043945
2013-02-28,28.46587181091309,26.891098022460938,61.95036697387695,15.244510650634766,51.072044372558594,54.45207595825195,36.745113372802734,26.603757858276367,8.87409782409668,51.663230895996094
2013-03-01,28.79010581970215,27.14069938659668,62.07003784179688,15.217247009277344,51.467193603515625,54.51274108886719,37.06139373779297,26.45416259765625,8.961019515991211,51.62636947631836
2013-03-04,29.13927459716797,27.43627166748047,61.3167839050293,15.417173385620115,52.40663909912109,54.82815170288086,37.28421401977539,27.013164520263672,9.01633644104004,51.36842727661133
2013-03-05,29.480127334594727,26.74659919738769,61.81660842895508,15.558037757873535,52.54082489013672,55.08287811279297,37.59328842163086,27.296602249145508,9.12696361541748,52.09069061279297
2013-03-06,29.812679290771484,26.247386932373047,62.20380401611328,15.50805377960205,52.54829025268555,54.77151870727539,37.53579711914063,26.981674194335938,9.419343948364258,52.5255126953125
2013-03-07,29.87918281555176,26.359060287475582,62.50651550292969,15.430806159973145,52.376800537109375,54.77962112426758,37.44235229492188,27.107654571533203,9.688017845153809,53.18879699707031
2013-03-08,29.687963485717773,26.694040298461918,63.35128784179688,15.448982238769531,53.21183776855469,55.535770416259766,37.578914642333984,27.30447196960449,9.537874221801758,54.3163948059082
2013-03-11,29.829309463500977,27.114429473876957,63.73849868774414,15.567121505737305,53.174564361572266,55.71370697021485,37.83049774169922,27.50130653381348,9.601092338562012,54.43431854248047
2013-03-12,29.45518493652344,26.95678329467773,63.61881637573242,15.521677017211914,53.03963088989258,56.263633728027344,37.4351692199707,27.540679931640625,9.49046516418457,54.23533248901367
2013-03-13,29.579891204833984,28.09969139099121,64.97749328613281,15.618346214294434,53.0471305847168,57.22603225708008,38.02457809448242,27.564292907714844,9.529974937438965,54.500633239746094
2013-03-14,30.1784725189209,28.06027603149414,65.14644622802734,15.558511734008787,52.65730667114258,57.513145446777344,38.28335189819336,27.66664123535156,9.569486618041992,54.39746475219727
2013-03-15,30.21174430847168,27.968320846557617,65.2872543334961,15.503266334533691,51.765167236328125,57.13706970214844,38.51335525512695,26.87932777404785,9.932987213134766,54.13952255249024
2013-03-18,29.962322235107425,27.86978912353516,65.01976776123047,15.406607627868652,51.990081787109375,57.05621337890625,38.6715087890625,26.343936920166016,9.925081253051758,54.456424713134766
2013-03-19,29.67134666442871,29.3870906829834,65.3787612915039,15.507869720458984,51.57026672363281,56.96319580078125,39.088409423828125,26.40692710876465,10.04361343383789,54.55962371826172
2013-03-20,29.737842559814453,30.22785377502441,64.93524169921875,15.66897964477539,51.6377182006836,57.01980972290039,39.641876220703125,26.6195011138916,10.098926544189451,55.05339431762695
2013-03-21,26.85302734375,30.089916229248047,64.54098510742188,15.58612823486328,51.690208435058594,55.51555633544922,39.282474517822266,26.359691619873047,9.932987213134766,54.97232055664063
2013-03-22,26.58698844909668,30.536571502685547,64.94933319091797,15.609148979187012,52.14748764038086,54.98180389404297,39.677825927734375,26.5250186920166,9.925081253051758,55.41452026367188
2013-03-25,25.9800968170166,30.339523315429688,64.98454284667969,15.5953369140625,52.08003616333008,54.14070892333984,39.74970245361328,26.61162757873535,9.79864501953125,55.17130279541016
2013-03-26,26.2211856842041,31.245967864990234,65.96304321289062,15.816276550292969,52.51484680175781,54.20137786865234,39.74251937866211,27.044654846191406,9.703824043273926,55.62824630737305
2013-03-27,26.562047958374023,31.029211044311523,66.50511932373047,15.839293479919434,52.21498107910156,53.950660705566406,39.52687072753906,27.249364852905277,9.664311408996582,55.39976501464844
2013-03-28,26.87796401977539,31.318214416503903,67.94830322265625,15.830096244812012,52.31243515014648,54.16094207763672,39.52687072753906,27.808359146118164,9.624800682067873,55.532447814941406
2013-04-01,26.944477081298828,30.851869583129883,66.87822723388672,15.788666725158691,52.2299690246582,54.24989318847656,39.19623947143555,27.80049133300781,9.601092338562012,54.78071594238281
2013-04-02,27.218828201293945,31.081748962402344,66.88530731201172,16.20294189453125,53.24203872680664,54.05984878540039,39.70657730102539,28.438209533691406,9.601092338562012,54.692264556884766
2013-04-03,26.93616104125977,30.41177749633789,66.94161987304688,16.028026580810547,52.74727630615234,53.6676025390625,38.90871047973633,28.5956974029541,9.332422256469728,54.04370880126953
2013-04-04,26.91122055053711,30.602256774902344,67.15982818603516,16.184532165527344,52.99463653564453,54.14474868774414,39.785640716552734,28.855506896972656,9.43514919281006,54.3532600402832
2013-04-05,26.628559112548828,30.87811851501465,66.54737091064453,16.037235260009766,52.52234649658203,53.26727294921875,39.99409484863281,28.587820053100582,9.458854675292969,53.78575897216797
2013-04-08,26.902904510498047,31.30508041381836,66.94161987304688,16.23056411743164,53.39198303222656,53.15406036376953,40.56913375854492,28.776782989501957,9.648509979248049,54.205841064453125
2013-04-09,27.468238830566406,31.73203659057617,67.16686248779297,16.331830978393555,53.37696838378906,53.63929748535156,40.66976547241211,28.863380432128903,9.680116653442385,54.19849395751953
2013-04-10,28.0418758392334,31.60065078735352,67.56815338134766,16.414691925048828,53.74432373046875,54.45207595825195,40.94291687011719,29.209800720214844,9.735429763793944,54.83967208862305
2013-04-11,27.950424194335938,31.968481063842773,68.49738311767578,16.396276473999023,53.90176010131836,55.64494705200195,41.51795959472656,29.454805374145508,9.695919036865234,55.05339431762695
2013-04-12,27.81741142272949,32.0341682434082,68.41292572021484,16.529766082763672,55.191200256347656,55.09501266479492,41.345436096191406,29.344165802001957,9.616900444030762,54.72174072265625
2013-04-15,27.26870346069336,31.93564796447754,67.1880111694336,16.023418426513672,54.14916229248047,53.150028228759766,40.4756965637207,28.553852081298828,9.466756820678713,53.21091079711914
2013-04-16,27.784149169921875,32.22465515136719,67.76524353027344,16.285799026489258,54.32157516479492,54.4076042175293,41.42451858520508,28.767234802246094,9.703824043273926,53.93316650390625
2013-04-17,27.010984420776367,31.88965606689453,67.2724838256836,16.17532730102539,54.576454162597656,53.5381965637207,41.12261581420898,29.46271324157715,9.24550437927246,52.9824447631836
2013-04-18,26.703372955322266,31.9947566986084,66.89228820800781,15.963578224182127,54.336570739746094,56.87422561645508,40.87822723388672,29.146577835083008,9.040043830871582,52.67291259765625
2013-04-19,26.91122055053711,32.415138244628906,67.77934265136719,16.120086669921875,55.47606658935547,57.25434875488281,41.85605239868164,29.399486541748047,9.213889122009276,54.67015838623047
2013-04-22,27.03593635559082,32.65816879272461,67.47663879394531,16.239765167236328,55.37113952636719,58.04689025878906,41.93545150756836,29.15447235107422,9.261302947998049,54.97232055664063
2013-04-23,26.98604202270508,32.59248352050781,68.32844543457031,16.35484504699707,55.01127243041992,58.5523567199707,41.87050628662109,29.407384872436523,9.537874221801758,55.09760284423828
2013-04-24,27.027612686157227,32.21808242797852,68.77198028564453,16.35484504699707,54.936317443847656,58.62515258789063,41.5529670715332,28.862070083618164,9.72752857208252,55.14918899536133
2013-04-25,26.828086853027344,32.6450309753418,69.18025207519531,16.5435733795166,55.00376892089844,59.40558624267578,41.81275939941406,28.838359832763672,9.830255508422852,54.92811584472656
2013-04-26,26.902904510498047,32.36258316040039,69.67303466796875,16.603412628173828,54.9887809753418,58.60493469238281,41.66122055053711,28.814647674560547,9.814454078674316,54.46379852294922
2013-04-29,26.80314445495605,32.46110534667969,69.73638916015625,16.851985931396484,55.22868728637695,59.45008087158203,41.45193862915039,29.02803611755371,9.782843589782717,54.39011001586914
2013-04-30,27.2520751953125,32.52024459838867,69.75751495361328,16.805952072143555,54.9887809753418,59.498565673828125,41.985958099365234,29.178192138671875,9.72752857208252,54.19849395751953
2013-05-01,27.56799697875977,32.14583969116211,69.94055938720703,16.718496322631836,54.54647064208984,58.714111328125,42.39730072021485,29.15447235107422,9.593191146850586,53.45412826538086
2013-05-02,28.008607864379883,32.10641098022461,70.86981964111328,16.870393753051758,54.97380065917969,60.04042816162109,42.541622161865234,29.28882598876953,9.63270092010498,54.51537322998047
2013-05-03,27.750905990600582,31.54153823852539,71.81314086914062,16.805952072143555,55.44608688354492,61.577030181884766,42.31792449951172,29.083351135253903,9.672212600708008,55.45137786865234
2013-05-06,27.85897445678711,31.423301696777344,71.93986511230469,16.60801887512207,56.42068099975586,61.36676025390625,41.81275939941406,28.332550048828125,10.177950859069824,56.070430755615234
2013-05-07,27.6511344909668,32.3100471496582,72.42561340332031,16.787538528442383,56.27824783325195,61.9571533203125,42.24575805664063,28.498523712158203,10.19375705718994,56.67480850219727
2013-05-08,27.81741142272949,32.264060974121094,71.66532897949219,16.810556411743164,56.54059600830078,62.984256744384766,42.065338134765625,28.6803035736084,10.288579940795898,57.10224914550781
2013-05-09,28.016929626464844,31.403602600097656,71.3485107421875,16.732297897338867,56.87798309326172,62.48896408081055,41.48802947998047,28.59336471557617,10.201654434204102,57.32332611083984
2013-05-10,28.282974243164062,32.00132751464844,71.76387023925781,16.88420295715332,56.982940673828125,62.57421875,41.87770462036133,28.585453033447266,10.288579940795898,57.293853759765625
2013-05-13,28.08342742919922,32.231224060058594,71.72869110107422,16.994674682617188,57.47770690917969,62.20075607299805,42.25298309326172,28.727706909179688,10.25697135925293,57.38230895996094
2013-05-14,27.991992950439453,32.57278060913086,72.41858673095703,17.059120178222656,57.96499252319336,63.66226959228516,43.349891662597656,29.280920028686523,10.541452407836914,58.34039688110352
2013-05-15,28.25802993774414,32.86179733276367,73.249267578125,17.24324607849121,58.38482666015625,63.524227142333984,43.55194854736328,29.76302146911621,10.62047004699707,58.87838745117188
2013-05-16,28.573944091796875,32.25749969482422,73.21408081054688,17.114364624023438,57.53769302368164,63.15071105957031,42.8447265625,29.107065200805664,10.557250022888184,58.32279586791992
2013-05-17,29.12264442443848,32.7694091796875,74.91067504882812,17.23404312133789,57.62015914916992,64.48639678955078,42.89524841308594,28.917387008666992,10.612567901611328,59.81917953491211
2013-05-20,29.014562606811523,32.86188888549805,75.01625061035156,17.18801498413086,57.54518508911133,63.763763427734375,42.56329727172852,29.881568908691406,10.675786972045898,59.656227111816406
2013-05-21,29.18083381652832,33.09968566894531,75.3189697265625,16.994674682617188,59.00704193115234,64.52702331542969,42.945762634277344,29.81043815612793,10.62047004699707,59.37472152709961
2013-05-22,28.36610221862793,33.1195068359375,74.96700286865234,16.9854679107666,59.741729736328125,63.962677001953125,42.36121368408203,29.81043815612793,10.517744064331056,58.95987319946289
2013-05-23,28.457565307617188,33.29124450683594,74.83321380615234,16.967060089111328,59.15699768066406,63.682525634765625,42.09420394897461,29.620763778686523,10.438721656799316,58.70061111450195
2013-05-24,28.30790138244629,33.535640716552734,75.36822509765625,17.072933197021484,59.21696853637695,63.6703987121582,42.722049713134766,29.8420524597168,10.46242904663086,58.73762512207031
2013-05-28,28.706958770751957,33.178951263427734,75.85399627685547,17.063724517822266,59.839202880859375,63.87336349487305,43.450927734375,30.47428703308105,10.54935359954834,59.09321212768555
2013-05-29,28.598886489868164,32.72317123413086,75.54425811767578,16.773731231689453,59.59180450439453,63.78000259399414,42.75091171264648,29.81043815612793,10.652077674865724,58.3746452331543
2013-05-30,28.54900550842285,32.37308883666992,76.16331481933594,16.769128799438477,59.55432891845703,63.45927429199219,42.42618179321289,29.778827667236328,10.928654670715332,58.8487434387207
2013-05-31,28.08342742919922,31.54741096496582,75.30941772460938,16.61722755432129,58.96958541870117,62.36311340332031,41.5529670715332,28.98061180114746,10.794316291809082,58.12277603149414
2013-06-03,28.590579986572266,32.03622055053711,75.03189086914062,16.782936096191406,59.284446716308594,62.984256744384766,42.32514190673828,29.36785697937012,10.70739459991455,58.41167831420898
2013-06-04,28.399356842041016,31.725757598876957,74.76858520507812,16.667863845825195,57.732460021972656,62.34280776977539,41.48802947998047,29.083351135253903,10.557250022888184,57.58939743041992
2013-06-05,28.36610221862793,32.12207794189453,73.71541595458984,16.43770408630371,56.57977294921875,60.89344024658203,41.300392150878906,28.68819999694824,10.351644515991213,56.8189697265625
2013-06-06,27.725961685180664,31.864465713500977,74.27046203613281,16.483732223510742,58.20709609985352,61.41312026977539,41.77667999267578,28.9569034576416,10.43863296508789,57.5301399230957
2013-06-07,28.10838508605957,32.643917083740234,76.39817810058594,16.640241622924805,59.322113037109375,62.89494705200195,42.20967864990234,29.64447593688965,10.580977439880373,58.58207321166992
2013-06-10,28.30790138244629,32.795841217041016,75.90713500976562,16.67706298828125,58.56117630004883,62.6310920715332,42.289058685302734,29.62865829467773,10.517714500427246,58.2857666015625
2013-06-11,27.90885734558105,32.72317123413086,75.40192413330078,16.64484405517578,58.47076416015625,61.66889190673828,42.33958053588867,29.107065200805664,10.3753662109375,57.90054702758789
2013-06-12,27.867286682128903,32.5910758972168,76.17758178710938,16.588926315307617,57.55918502807617,61.28318786621094,42.13029098510742,28.79884910583496,10.327919960021973,57.27827453613281
2013-06-13,28.474170684814453,33.07325744628906,76.83226013183594,16.663482666015625,57.65708541870117,63.03705978393555,42.772579193115234,29.004329681396484,10.446539878845217,58.01164245605469
2013-06-14,28.07512664794922,33.14592361450195,76.64012145996094,16.579608917236328,57.70231628417969,62.45241165161133,42.59935760498047,29.091270446777344,10.335827827453612,57.91533279418945
2013-06-17,28.49080467224121,33.27803421020508,77.04573822021484,16.677459716796875,57.3632926940918,63.37808609008789,42.772579193115234,29.15447235107422,10.446539878845217,59.04877471923828
2013-06-18,28.598886489868164,33.62150955200195,77.45846557617188,16.845212936401367,58.15435409545898,63.56486892700195,43.23441696166992,29.64447593688965,10.493990898132324,59.89328384399414
2013-06-19,28.34117126464844,33.178951263427734,76.09219360351562,16.397878646850586,57.20507049560547,62.5904655456543,42.64266586303711,28.61707305908203,10.43072509765625,59.02656555175781
2013-06-20,27.60957145690918,31.930532455444336,74.74724578857422,16.001789093017578,55.65306854248047,60.93001556396485,41.12718963623047,27.79515838623047,10.193483352661133,57.53755187988281
2013-06-21,25.057279586791992,32.17491912841797,74.76146697998047,16.276718139648438,55.61541748046875,60.450927734375,41.54576110839844,28.11918067932129,10.035321235656738,57.96721267700195
2013-06-24,25.082218170166016,31.738964080810547,73.88623046875,16.136920928955078,55.38187789916992,59.54966735839844,41.01893997192383,27.637094497680664,9.726906776428224,56.78193283081055
2013-06-25,24.90763664245605,29.86964607238769,73.77234649658203,16.276718139648438,55.85649490356445,60.016544342041016,40.86017990112305,27.74773406982422,10.019502639770508,57.52274703979492
2013-06-26,25.057279586791992,29.730937957763672,75.26673126220703,16.435150146484375,57.00918960571289,60.49153137207031,41.39420318603516,28.134992599487305,10.09067726135254,59.078392028808594
2013-06-27,25.315000534057617,29.658262252807617,76.39817810058594,16.519025802612305,57.46122741699219,60.503719329833984,41.3220329284668,27.945316314697266,10.288378715515137,59.411739349365234
2013-06-28,25.531158447265625,29.19588661193848,77.18092346191406,16.3046817779541,58.36528778076172,59.440040588378906,41.264305114746094,27.56595993041992,10.169759750366213,58.774658203125
2013-07-01,25.0323429107666,29.28837013244629,76.89630126953125,16.48641014099121,57.91326141357422,60.26416778564453,41.5601806640625,27.68450927734375,10.225116729736328,59.50066757202149
2013-07-02,25.02402687072754,29.36762809753418,75.71503448486328,16.523685455322266,58.24477767944336,60.52401351928711,42.20967864990234,27.55015754699707,10.20139217376709,57.693119049072266
2013-07-03,25.52284049987793,29.143049240112305,76.28433990478516,16.537662506103516,58.56117630004883,60.7310676574707,42.07256317138672,27.06807327270508,10.146035194396973,58.15983581542969
2013-07-05,25.93021583557129,29.22891998291016,77.3232650756836,16.537662506103516,58.98307418823242,61.87999725341797,42.31792449951172,27.597566604614254,10.327919960021973,59.30804061889648
2013-07-08,26.31264305114746,29.942293167114254,77.68620300292969,16.793956756591797,59.68373489379883,62.20885467529297,42.960205078125,27.98483085632324,10.5018949508667,59.75993347167969
2013-07-09,26.204559326171875,30.682100296020508,77.97084045410156,16.901138305664062,60.04536056518555,63.5485725402832,43.407623291015625,27.455320358276367,10.699594497680664,60.29331588745117
2013-07-10,26.06269073486328,31.60687065124512,79.35847473144531,17.00830841064453,59.81932830810547,63.34963607788086,43.212772369384766,27.455320358276367,10.573065757751465,60.15996170043945
2013-07-11,26.588451385498047,32.16831970214844,80.48281860351562,17.17605972290039,60.165897369384766,64.1575698852539,44.02103042602539,28.06632423400879,10.683783531188965,61.16744995117188
2013-07-12,26.079383850097656,32.20795440673828,80.07716369628906,17.20401954650879,60.67822647094727,64.03577423095703,43.98495864868164,28.026641845703125,10.897300720214844,61.01927185058594
2013-07-15,26.713632583618164,32.544830322265625,81.38653564453125,17.26459312438965,60.57275772094727,63.7353630065918,43.76844787597656,28.153608322143555,10.97637939453125,60.967430114746094
2013-07-16,26.70528793334961,32.5382194519043,80.12702941894531,17.34847068786621,60.43710708618164,62.86247253417969,43.94164276123047,28.32817840576172,11.008014678955078,60.76740264892578
2013-07-17,26.83880615234375,32.84868240356445,81.1801986694336,17.2506160736084,60.60287094116211,63.682525634765625,43.98495864868164,28.42340469360352,11.316425323486328,61.07115173339844
2013-07-18,26.713632583618164,33.38372039794922,82.11238098144531,17.241296768188477,60.28645706176758,64.95734405517578,44.329010009765625,28.32817840576172,11.672290802001951,61.4637451171875
2013-07-19,26.588451385498047,33.42995834350586,82.22625732421875,17.311199188232422,60.1884880065918,64.61631774902344,44.64048004150391,28.46307945251465,11.664382934570312,61.90824508666992
2013-07-22,26.59679412841797,33.85929489135742,82.29743194580078,17.185379028320312,60.27138137817383,64.8477554321289,44.778076171875,28.40753555297852,11.79881477355957,61.5156135559082
2013-07-23,26.763702392578125,33.69417190551758,83.91275787353516,16.77065658569336,60.4145393371582,64.6041488647461,44.82878112792969,29.10580444335937,11.814630508422852,61.68600082397461
2013-07-24,27.030763626098636,33.740413665771484,84.76669311523438,16.574947357177734,60.47480773925781,63.77189254760742,44.66219329833984,28.923301696777344,11.6327486038208,61.49340057373047
2013-07-25,27.01406478881836,33.69417190551758,85.0370864868164,16.733375549316406,59.51045989990234,64.44175720214844,44.8577766418457,29.026456832885746,11.72764778137207,61.374881744384766
2013-07-26,27.155941009521484,33.56866836547852,85.39290618896484,16.72871971130371,59.322113037109375,63.784088134765625,44.87948989868164,29.18515968322754,11.648565292358398,61.39707946777344
2013-07-29,27.10587310791016,33.436553955078125,85.38579559326172,16.621538162231445,59.26936340332031,65.43232727050781,44.63323211669922,29.153430938720703,11.48249340057373,61.308204650878906
2013-07-30,27.16427993774414,33.033626556396484,85.45692443847656,16.57028579711914,59.21661758422852,65.3836441040039,44.155181884765625,29.26451301574707,11.48249340057373,61.48600387573242
2013-07-31,26.997373580932617,33.1921501159668,85.47830200195312,16.337291717529297,59.54057693481445,65.13597106933594,44.53905487060547,29.066137313842773,11.545762062072754,61.471187591552734
2013-08-01,27.331195831298828,33.7734489440918,86.9371109008789,16.560964584350586,59.24676513671875,66.077880859375,45.0316047668457,29.23278045654297,11.822542190551758,62.641632080078125
2013-08-02,27.18097686767578,33.67435073852539,88.07564544677734,16.62619972229004,60.4446907043457,65.91545104980469,44.792572021484375,29.16135597229004,11.735553741455078,62.73052215576172
2013-08-05,27.356224060058597,33.661155700683594,88.3460922241211,16.593589782714844,60.015228271484375,65.72464752197266,44.63323211669922,28.923301696777344,11.7039213180542,62.619388580322266
2013-08-06,27.53982162475586,33.1855583190918,88.4243392944336,16.4957332611084,60.30905151367188,65.53385925292969,43.380130767822266,28.645584106445312,11.577388763427734,62.3453254699707
2013-08-07,27.38960838317871,32.822261810302734,88.62360382080078,16.402530670166016,59.38991165161133,65.39985656738281,42.82240295410156,28.510692596435547,11.490403175354004,61.96749877929688
2013-08-08,27.556516647338867,32.954368591308594,88.69477844238281,16.574947357177734,60.301517486572266,65.95002746582031,42.981746673583984,28.50275611877441,11.553668022155762,61.8637809753418
2013-08-09,27.473064422607425,32.7694091796875,88.25357055664062,16.481746673583984,59.4953727722168,65.89295959472656,43.08315658569336,28.47894096374512,11.42713737487793,61.72303771972656
2013-08-12,27.748455047607425,33.15253448486328,87.52774810791016,16.383899688720703,59.66865158081055,65.75037384033203,43.37289810180664,28.486888885498047,11.39550495147705,61.80454635620117
2013-08-13,27.748455047607425,33.38372039794922,88.28204345703125,16.411855697631836,59.849491119384766,66.32904815673828,43.69160079956055,28.51862144470215,11.47458839416504,61.99714660644531
2013-08-14,28.01551818847656,33.33087539672852,87.96894836425781,16.337291717529297,58.34270095825195,66.17007446289062,43.1845588684082,28.256763458251957,11.545762062072754,61.74528121948242
2013-08-15,27.314496994018555,32.60428237915039,86.90863037109375,16.108957290649414,56.60987854003906,64.7030029296875,42.481964111328125,27.79652976989746,11.324335098266602,60.75259780883789
2013-08-16,27.047452926635746,32.46799087524414,86.95845794677734,15.978492736816406,56.79070281982422,64.62965393066406,42.42401123046875,27.74892234802246,11.403416633605955,61.02061080932617
2013-08-19,26.755359649658203,32.255279541015625,86.7520751953125,15.810733795166016,56.66263198852539,63.90425491333008,42.337100982666016,27.6775016784668,11.189900398254396,60.648380279541016
2013-08-20,26.87219619750977,32.414817810058594,87.10787963867188,15.736178398132324,55.969505310058594,64.78450775146484,42.93829345703125,27.5426025390625,11.30060863494873,60.84196090698242
2013-08-21,26.955646514892575,32.18878173828125,87.47791290283203,15.59172534942627,55.54762649536133,64.84156799316406,42.07634353637695,27.487058639526367,11.340147972106934,59.9931869506836
2013-08-22,27.039098739624023,32.30180740356445,88.03295135498047,15.638320922851562,55.75101089477539,65.26537322998047,42.286380767822266,27.510862350463867,11.522034645080566,60.13465118408203
2013-08-23,26.513336181640625,32.434757232666016,89.66254425048828,15.97382926940918,55.66814804077149,66.11714172363281,41.98941802978516,27.645767211914062,11.522034645080566,60.60369110107422
2013-08-26,26.9890251159668,32.4547004699707,89.08615112304688,15.866650581359863,56.82836151123047,65.31429290771484,42.18498229980469,27.391845703125,11.458769798278809,60.34311676025391
2013-08-27,26.52168655395508,31.41099166870117,87.62734985351562,15.83869457244873,55.8414192199707,64.29139709472656,41.786598205566406,26.98714828491211,11.158265113830566,59.002967834472656
2013-08-28,26.42154693603516,31.29133415222168,87.7412109375,15.656962394714355,56.52703475952149,63.476341247558594,41.489627838134766,26.78083229064941,11.166175842285156,59.151885986328125
2013-08-29,26.45492172241211,31.63037109375,87.87770080566406,15.815397262573242,56.54207611083984,63.6515998840332,41.88077163696289,26.764968872070312,11.205713272094728,59.60603713989258
2013-08-30,26.588451385498047,31.95611953735352,87.93513488769531,15.787437438964844,56.12017440795898,63.65973663330078,42.04736328125,26.44757461547852,11.166175842285156,59.2412223815918
2013-09-03,26.72197914123535,32.40151596069336,88.8042984008789,15.764142990112305,55.96871566772461,64.0672378540039,42.387813568115234,26.13016700744629,11.268978118896484,60.291015625
2013-09-04,26.97233390808105,32.90010452270508,89.26400756835938,15.922566413879396,56.150489807128906,64.77229309082031,42.460235595703125,26.550722122192383,11.332286834716797,60.27610778808594
2013-09-05,26.922271728515625,33.36546325683594,89.17064666748047,15.959853172302246,55.27951049804688,65.43653869628906,42.34434127807617,26.77290725708008,11.371853828430176,60.59624099731445
2013-09-06,26.87219619750977,32.88016128540039,88.87614440917969,16.029747009277344,55.05987930297852,64.89862823486328,42.46747589111328,26.582468032836918,11.363941192626951,60.797271728515625
2013-09-09,27.331195831298828,33.385406494140625,89.12037658691406,16.118288040161133,55.72636032104492,65.87261199951172,42.56888198852539,26.820512771606445,11.458904266357422,61.37056350708008
2013-09-10,27.422992706298828,33.68456268310547,89.8386459350586,16.30001449584961,56.49887466430664,66.71619415283203,42.89482498168945,27.05063247680664,11.561782836914062,62.6362190246582
2013-09-11,27.556516647338867,33.73774337768555,90.9161148071289,16.500385284423828,56.83210754394531,67.00550079345703,43.17008209228516,27.57434844970703,11.593436241149902,62.56175994873047
2013-09-12,27.36457252502441,35.4262809753418,90.8945770263672,16.316162109375,57.10476303100586,66.37384033203125,43.10489654541016,27.582277297973636,11.458904266357422,62.37565994262695
2013-09-13,27.08917808532715,35.5392951965332,91.4045867919922,16.457876205444336,56.88511276245117,66.1986312866211,43.38736724853516,27.669567108154297,11.466816902160645,62.576656341552734
2013-09-16,27.514787673950195,36.41680908203125,92.2737274169922,16.59486961364746,57.21079254150391,67.3233871459961,44.14793395996094,27.780656814575195,11.498472213745115,63.3584098815918
2013-09-17,27.756807327270508,36.5098762512207,93.12134552001952,16.703514099121094,57.40770721435547,67.38858032226562,44.19138717651367,27.74892234802246,11.514297485351562,63.61898422241211
2013-09-18,28.265872955322266,36.981876373291016,93.98330688476562,16.906641006469727,58.59674835205078,68.38703918457031,43.86543273925781,28.288503646850582,11.64091968536377,64.51241302490234
2013-09-19,28.282560348510746,37.22119903564453,93.66006469726562,16.911359786987305,59.46014022827149,68.46041870117188,43.31494522094727,28.042510986328125,11.561782836914062,64.61666107177734
2013-09-20,28.41608238220215,36.90874862670898,91.94328308105467,16.79327392578125,58.316524505615234,67.7635269165039,42.3950424194336,28.002840042114254,11.427250862121582,63.64130783081055
2013-09-23,28.32428550720215,37.38074493408203,91.67034912109376,16.65155029296875,57.490989685058594,66.59800720214844,42.156009674072266,27.86793327331543,11.18984031677246,62.6362190246582
2013-09-24,28.07393264770508,36.82232284545898,92.04385375976562,16.571245193481445,57.58946228027344,66.61837768554688,41.95319747924805,27.26488304138184,11.150277137756348,62.725582122802734
2013-09-25,28.265872955322266,36.46334457397461,91.84273529052734,16.434253692626953,57.19562911987305,67.09518432617188,41.8517951965332,26.717361450195312,11.18984031677246,62.42033004760742
2013-09-26,28.215803146362305,36.38357162475586,93.27216339111328,16.53346061706543,57.61217498779297,67.91429138183594,42.13428497314453,26.709428787231445,11.142358779907228,62.576656341552734
2013-09-27,28.19075584411621,36.23731231689453,92.83401489257812,16.39646339416504,57.52885818481445,67.3519287109375,41.86628723144531,26.29680633544922,10.999913215637209,62.22673797607422
2013-09-30,27.681697845458984,35.76532745361328,91.6200714111328,16.226404190063477,57.445560455322266,68.0813980102539,41.10573959350586,26.33647918701172,10.92077922821045,61.8246955871582
2013-10-01,27.957094192504883,37.387393951416016,91.58415222167967,16.39646339416504,57.75606536865234,67.9795150756836,41.67795181274414,26.80464172363281,10.999913215637209,61.958717346191406
2013-10-02,28.10731315612793,37.58018493652344,89.84584045410156,16.41535186767578,57.801517486572266,67.91024780273438,41.359256744384766,26.89986991882324,11.126531600952148,61.6757926940918
2013-10-03,27.740108489990234,37.20125961303711,88.22969055175781,16.391746520996094,57.46827697753906,67.84911346435547,41.02605056762695,26.41582679748535,11.079051971435549,60.64091873168945
2013-10-04,27.815502166748047,37.08824157714844,87.99261474609375,16.368122100830078,57.39254379272461,69.64627838134766,41.19989776611328,26.630075454711918,11.118621826171877,61.22909927368164
2013-10-07,27.50559425354004,36.68937683105469,88.75401306152344,16.41535186767578,56.900272369384766,68.42778778076172,41.09125900268555,26.582468032836918,10.92869472503662,61.72790145874024
2013-10-08,27.1119441986084,36.469993591308594,87.96387481689453,16.38228988647461,56.248931884765625,66.3493881225586,41.323036193847656,26.193649291992188,10.833728790283203,60.91636276245117
2013-10-09,26.961179733276367,36.56971740722656,87.65499877929688,16.273651123046875,56.150489807128906,66.21493530273438,42.04012298583984,26.320600509643555,10.952435493469238,60.97594451904297
2013-10-10,27.63123893737793,37.22785186767578,90.99514770507812,16.76019859313965,57.18808364868164,67.13185119628906,42.532676696777344,26.80669212341309,11.261061668395996,63.35100173950195
2013-10-11,27.857372283935547,37.20125961303711,90.62879943847656,16.788543701171875,57.801517486572266,67.95506286621094,43.14833831787109,26.90232276916504,11.229408264160156,64.37095642089844
2013-10-14,27.874128341674805,37.69319915771485,91.58415222167967,16.883020401000977,57.82426071166992,67.7024154663086,43.23527145385742,27.09357643127441,11.356027603149414,64.01358032226562
2013-10-15,27.43022727966309,37.42728042602539,90.4348602294922,16.68934440612793,56.93813705444336,67.43748474121094,42.77894592285156,26.86247444152832,11.268977165222168,63.3882064819336
2013-10-16,27.656360626220703,38.28484344482422,91.84273529052734,16.859397888183594,56.756378173828125,67.73908233642578,42.85137176513672,28.607627868652344,11.522214889526367,63.84232711791992
2013-10-17,27.530723571777344,39.062644958496094,92.9201889038086,16.82633399963379,57.36227416992188,71.10115814208984,43.62572479248047,29.619651794433597,11.601348876953123,64.57942962646484
2013-10-18,27.55585289001465,38.94962692260742,92.58978271484376,16.939701080322266,56.567020416259766,71.63093566894531,44.36010360717773,29.715267181396484,11.577609062194824,62.97127151489258
2013-10-21,27.597732543945312,38.810035705566406,90.00389099121094,17.015283584594727,56.51401901245117,71.9732666015625,43.90203857421875,29.372615814208984,11.490560531616213,63.02337646484375
2013-10-22,27.55585289001465,39.01610565185547,93.41585540771484,17.19951629638672,56.69577407836914,73.4037094116211,44.62911224365234,29.50011444091797,11.490560531616213,64.14761352539062
2013-10-23,27.38834571838379,39.08259963989258,94.80217742919922,17.185344696044922,56.862396240234375,72.72313690185547,44.68729019165039,29.667463302612305,11.24523639678955,64.54218292236328
2013-10-24,27.69823455810547,39.38837814331055,95.26187896728516,16.986942291259766,58.14990997314453,73.13475799560547,45.13082504272461,29.651519775390625,11.213581085205078,64.98143768310547
2013-10-25,27.76524543762207,39.34850692749024,96.25312042236328,17.123929977416992,57.74848937988281,74.13726043701172,44.65092086791992,29.68340301513672,11.284804344177246,65.14525604248047
2013-10-28,27.75686264038086,39.494747161865234,95.70004272460938,17.388471603393555,57.604610443115234,73.71749114990234,44.89088439941406,29.70730972290039,11.261061668395996,65.01868438720703
2013-10-29,28.23427391052246,39.72743988037109,96.0089340209961,17.681350708007812,58.69521331787109,75.60027313232422,45.47983169555664,29.70730972290039,11.197755813598633,65.11546325683594
2013-10-30,28.08350944519043,39.30195999145508,96.0520248413086,17.506563186645508,58.983001708984375,74.03128051757812,45.23988342285156,29.436363220214844,11.213581085205078,64.56450653076172
2013-10-31,28.05838966369629,39.38174819946289,95.77906799316406,17.586870193481445,58.990570068359375,74.40621185302734,45.26897430419922,29.12559700012207,11.055310249328612,64.57197570800781
2013-11-01,28.08350944519043,40.23265838623047,96.64822387695312,17.634111404418945,58.3089599609375,74.47549438476562,45.50890350341797,29.452316284179688,11.094879150390623,64.70598602294922
2013-11-04,28.23427391052246,39.98669052124024,97.50299835205078,17.681350708007812,58.316524505615234,74.76483154296875,45.065372467041016,29.46824073791504,11.110705375671388,64.25929260253906
2013-11-05,28.05838966369629,40.08641052246094,97.30906677246094,17.73331069946289,58.05144119262695,74.70780181884766,45.96697616577149,29.77105140686035,11.02365493774414,64.28160858154297
2013-11-06,28.53580093383789,39.78061294555664,98.3146743774414,17.865581512451172,57.87726974487305,74.74459075927734,46.43959426879883,29.93042755126953,11.047396659851074,64.56450653076172
2013-11-07,28.4771671295166,39.35514068603516,97.83341217041016,17.71441650390625,57.32437133789063,73.45248413085938,46.19965362548828,29.99418067932129,10.92077922821045,63.62644577026367
2013-11-08,28.77031517028809,39.68754577636719,99.2053451538086,17.738035202026367,57.165340423583984,74.24163818359375,46.374149322509766,30.376670837402344,11.332286834716797,65.10057830810547
2013-11-11,28.787073135375977,39.52134323120117,98.51580047607422,17.690797805786133,57.0820198059082,74.4828872680664,46.48320770263672,30.201366424560547,11.39559555053711,65.08570098876953
2013-11-12,29.06346702575684,39.54130172729492,98.5732650756836,17.624662399291992,57.69548416137695,74.6259994506836,46.50503158569336,29.85871315002441,11.332286834716797,64.4677505493164
2013-11-13,29.31473731994629,40.27919387817383,98.5948257446289,17.75220489501953,58.77094268798828,75.48876190185547,46.81040954589844,30.097776412963867,11.58552074432373,65.1527328491211
2013-11-14,28.79545211791992,40.175628662109375,99.33465576171876,17.80889129638672,59.78579330444336,75.88127136230469,47.45752716064453,30.08980369567871,11.712141036987305,66.01634979248047
2013-11-15,29.24772453308105,40.28253173828125,98.73129272460938,17.950611114501953,60.61132049560547,75.60321044921875,47.71200180053711,30.32088661193848,11.807104110717772,65.97911071777344
2013-11-18,29.256118774414062,40.175628662109375,99.0186538696289,17.964780807495117,60.33865737915039,75.50100708007812,47.58113861083984,30.233232498168945,11.807104110717772,66.02377319335938
2013-11-19,29.113718032836918,39.15319061279297,99.8231430053711,17.870309829711914,60.87638854980469,75.54598999023438,47.42116928100586,30.846813201904297,12.028684616088867,65.74693298339844
2013-11-20,29.105344772338867,39.69448471069336,98.54454040527344,17.76637840270996,60.39925384521485,74.49923706054688,47.56658554077149,30.424489974975582,11.981203079223633,65.26799011230469
2013-11-21,29.26447868347168,40.26249694824219,99.60765075683594,17.544357299804688,60.45986175537109,74.95720672607422,48.053741455078125,30.336833953857425,12.337312698364258,65.80677032470703
2013-11-22,29.172351837158203,40.4295539855957,101.19510650634766,17.60576629638672,59.96757888793945,75.14530181884766,48.48271560668945,30.480260848999023,12.37688446044922,66.45032501220703
2013-11-25,29.13047409057617,40.02192687988281,101.82721710205078,17.534910202026367,60.39925384521485,75.31293487548828,48.55543899536133,30.400569915771484,12.511415481567385,66.29315948486328
2013-11-26,29.256118774414062,39.78802490234375,102.7610092163086,17.47822380065918,60.853660583496094,75.6972885131836,48.053741455078125,30.336833953857425,12.566808700561523,66.24824523925781
2013-11-27,29.55763053894043,39.567508697509766,104.36337280273438,17.54908561706543,61.088470458984375,75.4560317993164,48.54088973999024,30.536056518554688,12.527240753173828,66.50270080566406
2013-11-29,29.55763053894043,39.560821533203125,102.71746063232422,17.46877670288086,61.09600067138672,75.25978088378906,48.686302185058594,30.432453155517575,12.519327163696287,66.2332992553711
2013-12-02,29.381742477416992,39.49399566650391,101.2891616821289,17.454605102539062,60.414398193359375,75.09622192382812,48.460914611816406,30.392608642578125,12.44810390472412,65.95645141601562
2013-12-03,29.37336540222168,39.23337936401367,100.61485290527344,17.55853271484375,59.90446853637695,74.27845764160156,48.53361511230469,29.96229362487793,12.297744750976562,65.15575408935547
2013-12-04,29.37336540222168,38.47156524658203,98.77325439453124,17.586870193481445,59.668548583984375,74.805908203125,48.07555389404297,29.77105140686035,12.376935958862305,64.97612762451172
2013-12-05,29.18909072875977,37.49592208862305,99.08501434326172,17.45932388305664,59.77510070800781,74.3274917602539,47.89377212524414,29.420433044433597,12.21855926513672,64.99859619140625
2013-12-06,29.716760635375977,37.8968620300293,100.19434356689452,17.695524215698242,60.76450347900391,76.80538940429688,48.53361511230469,29.90651512145996,12.32150173187256,66.09110260009766
2013-12-09,29.817279815673828,37.86344528198242,100.73088836669922,17.804166793823242,60.581844329833984,76.34332275390625,48.51910018920898,29.64354515075684,12.3373384475708,65.75439453125
2013-12-10,29.147218704223636,37.82335662841797,101.0063705444336,17.62938690185547,59.828372955322266,76.60502624511719,49.43522644042969,29.571836471557617,12.32150173187256,65.73194885253906
2013-12-11,28.94620513916016,38.54507446289063,99.66507720947266,17.794719696044922,60.12519454956055,74.56057739257812,49.54429626464844,29.149497985839844,12.07602596282959,64.69178771972656
2013-12-12,28.14214324951172,38.45820617675781,100.04206085205078,17.572710037231445,59.76748275756836,75.20252990722656,49.12985229492188,28.918405532836918,12.07602596282959,64.57203674316406
2013-12-13,27.832258224487305,38.09733963012695,100.80337524414062,17.525461196899414,60.1328125,74.78956604003906,48.940799713134766,29.00606346130371,12.02059555053711,64.81151580810547
2013-12-16,28.091886520385746,38.01046371459961,101.5429229736328,17.591596603393555,60.20132446289063,74.58101654052734,49.289794921875,29.109643936157227,12.06810188293457,65.38024139404297
2013-12-17,28.16728401184082,37.58946990966797,102.12297058105467,17.690797805786133,59.83599472045898,75.07576751708984,48.57726287841797,29.173402786254883,12.02059555053711,64.71422576904297
2013-12-18,28.97970390319824,38.317867279052734,104.21110534667967,18.02619171142578,60.92431640625,75.7381591796875,50.67129898071289,30.376670837402344,12.424444198608398,66.18841552734375
2013-12-19,30.65484046936035,38.05055618286133,103.67459869384766,18.054536819458008,60.84820938110352,75.76677703857422,50.99847412109375,30.304954528808597,12.471960067749023,66.33059692382812
2013-12-20,30.462203979492188,39.453887939453125,104.5591049194336,18.219867706298828,60.91670608520508,76.30653381347656,50.9403190612793,30.15355110168457,12.353177070617676,67.01155853271484
2013-12-23,30.93124008178711,38.45152282714844,105.1754150390625,18.24378776550293,61.31245422363281,75.84856414794922,51.2747802734375,30.631675720214844,12.424444198608398,67.1387710571289
2013-12-24,31.257888793945312,38.49828720092773,105.95844268798828,18.215087890625,61.37334442138672,76.69906616210938,51.60923767089844,30.432453155517575,12.432361602783203,67.6850357055664
2013-12-26,31.56778335571289,38.53839874267578,107.9160614013672,18.296405792236328,62.06596374511719,76.90351867675781,51.82735443115234,30.55994987487793,12.392769813537598,68.17143249511719
2013-12-27,31.8106689453125,38.37800979614258,107.40129089355467,18.325109481811523,62.13444519042969,76.78085327148438,52.03095245361328,30.57589340209961,12.40860652923584,68.20136260986328
2013-12-30,31.819047927856445,38.65199661254883,106.56751251220705,18.349021911621094,62.3627815246582,77.0629653930664,52.04548645019531,30.60776138305664,12.3056640625,68.09661865234375
2013-12-31,32.045188903808594,38.38468551635742,107.78558349609376,18.36336898803711,62.66719055175781,77.54954528808594,52.03823471069336,30.54401969909668,12.329421043395996,68.37350463867188
2014-01-02,31.693403244018555,37.84341049194336,105.90775299072266,18.128982543945312,62.42363739013672,77.2551498413086,51.187530517578125,30.464330673217773,12.74911117553711,67.58777618408203
2014-01-03,31.609399795532227,37.97037124633789,106.62549591064452,18.042882919311523,62.32468795776367,77.44731903076172,51.29659652709961,30.791040420532227,12.994588851928713,67.73739624023438
2014-01-06,31.483360290527344,38.18421936035156,106.05996704101562,17.832414627075195,61.72345733642578,76.67452239990234,50.394981384277344,31.197452545166016,13.19255828857422,67.67008209228516
2014-01-07,31.80265045166016,38.43146514892578,107.7493133544922,17.832414627075195,62.02785873413086,76.98528289794922,50.656734466552734,30.95838928222656,13.065862655639648,67.94696807861328
2014-01-08,31.69339942932129,39.66773986816406,107.6695785522461,17.760669708251953,62.355167388916016,77.47183990478516,50.72945785522461,31.237285614013672,13.12921142578125,67.67758178710938
2014-01-09,31.634599685668945,40.85725021362305,107.83634185791016,17.81806182861328,62.0811653137207,77.74173736572266,50.83850860595703,31.29307556152344,13.32717514038086,67.70001983642578
2014-01-10,32.0211067199707,40.33600234985352,108.35836029052734,17.82284927368164,62.4160270690918,77.92573547363281,50.5404052734375,31.53213119506836,13.27966594696045,67.46802520751953
2014-01-13,31.718624114990234,40.22907257080078,109.42418670654295,17.741533279418945,61.6245231628418,76.77263641357422,49.842403411865234,31.33982276916504,13.010433197021484,66.50270080566406
2014-01-14,32.10513687133789,40.09542083740234,109.78672790527344,17.68890953063965,61.65494537353516,78.05245971679688,49.79877471923828,31.70842933654785,13.27966594696045,66.89181518554688
2014-01-15,32.27315902709961,39.75460433959961,111.29483032226562,17.65064239501953,61.70060729980469,77.97479248046875,49.65334701538086,31.6763858795166,13.580574035644531,67.28096771240234
2014-01-16,32.17234420776367,40.02192687988281,111.2875747680664,17.841981887817383,61.84523391723633,76.73584747314453,49.53701400756836,31.684389114379883,13.525141716003418,67.38571166992188
2014-01-17,32.10513687133789,39.53408050537109,111.5268096923828,17.71282958984375,61.64735412597656,77.47593688964844,49.42068862915039,31.57221221923828,13.469714164733888,67.31088256835938
2014-01-21,32.0211067199707,39.24674987792969,111.7298583984375,17.87546157836914,61.23637390136719,77.68858337402344,49.8769645690918,31.34782600402832,13.469714164733888,67.78978729248047
2014-01-22,31.91188240051269,39.36702728271485,113.57872772216795,17.937650680541992,61.03847885131836,76.52733612060547,50.49749374389648,30.506431579589844,13.580574035644531,68.16394805908203
2014-01-23,32.05472183227539,38.9927978515625,109.11241149902344,17.87546157836914,61.068939208984375,76.41694641113281,49.9864616394043,29.99359130859375,13.350933074951172,67.19862365722656
2014-01-24,31.180883407592773,38.244361877441406,107.13304138183594,17.841981887817383,60.24696731567383,74.2539291381836,49.373233795166016,29.31246566772461,13.02626895904541,66.2033920288086
2014-01-27,30.659934997558597,38.35796356201172,106.59651184082033,17.61716651916504,60.07954025268555,74.90402221679688,49.30022430419922,29.088098526000977,12.91540813446045,67.5653076171875
2014-01-28,31.17247200012207,38.10401916503906,107.51007080078124,17.626728057861328,59.77510070800781,74.59329986572266,50.02294921875,29.144182205200195,13.247992515563965,67.6850357055664
2014-01-29,31.06324958801269,37.75652694702149,106.8357925415039,17.425830841064453,58.3595085144043,74.90811920166016,49.16880416870117,28.727489471435547,13.208398818969728,67.15373229980469
2014-01-30,31.42455101013184,38.264404296875,107.78558349609376,16.90921974182129,58.54973983764648,75.50919342041016,49.38782501220703,29.27239418029785,13.406363487243652,68.62040710449219
2014-01-31,31.004432678222656,38.32454681396485,109.4169464111328,16.847042083740234,58.48887634277344,74.5646743774414,49.43893432617188,29.3765811920166,13.263827323913574,68.26871490478516
2014-02-03,30.11379051208496,37.13505935668945,107.11856842041016,16.316083908081055,57.14936447143555,72.31986999511719,48.02993392944336,28.727489471435547,12.947078704833984,66.41289520263672
2014-02-04,30.21461677551269,37.38898849487305,107.43753814697266,16.46915626525879,57.05804443359375,72.47119140625,48.26354598999024,29.048025131225582,12.947078704833984,67.16869354248047
2014-02-05,30.206212997436523,38.65867233276367,109.03990173339844,16.263465881347656,57.27873992919922,72.46299743652344,47.77443313598633,29.12814712524414,12.986675262451172,67.04147338867188
2014-02-06,30.85319709777832,39.57419204711914,110.01871490478516,16.60308837890625,57.96372985839844,73.15809631347656,48.26354598999024,29.368555068969727,13.216314315795898,68.20136260986328
2014-02-07,31.24809837341309,40.7369499206543,112.47664642333984,16.88530731201172,58.1844367980957,74.6382827758789,48.50446701049805,29.793262481689453,13.319259643554688,69.71294403076172
2014-02-10,31.34053421020508,40.5297966003418,111.64280700683594,16.83269500732422,58.15399932861328,75.20661926269531,48.86950302124024,29.77723503112793,13.240070343017578,69.48098754882812
2014-02-11,31.794248580932617,42.9021110534668,114.2385025024414,16.808773040771484,58.37472152709961,75.70953369140625,50.205474853515625,30.41028594970703,13.366768836975098,70.46128845214844
2014-02-12,31.987489700317383,43.71737289428711,115.22454833984376,16.708322525024414,58.81615447998047,75.95487976074219,50.037574768066406,30.65867805480957,13.263827323913574,70.55854797363281
2014-02-13,32.281585693359375,44.58024215698242,115.8625946044922,16.875734329223633,59.05207443237305,76.55594635009766,50.72382354736328,31.027318954467773,13.263827323913574,70.7381591796875
2014-02-14,31.91188240051269,43.499149322509766,118.10302734375,17.01445960998535,59.31083679199219,77.2387924194336,51.03042221069336,31.099411010742188,13.224235534667969,70.79803466796875
2014-02-18,31.90346908569336,43.337989807128906,117.96526336669922,16.961837768554688,59.036842346191406,76.29425811767578,51.33705139160156,31.195575714111328,13.042101860046388,70.60344696044922
2014-02-19,31.81944465637207,43.98933792114258,117.92898559570312,16.818344116210938,58.1844367980957,76.73731231689453,51.17643356323242,31.05935287475586,12.828302383422852,69.55581665039062
2014-02-20,32.15555191040039,44.68769454956055,119.10363006591795,16.995328903198242,58.96836853027344,77.43058776855469,52.0598030090332,31.211597442626957,12.90748405456543,70.01228332519531
2014-02-21,32.0126953125,44.533233642578125,119.1470718383789,16.918790817260742,59.16622924804688,77.89005279541016,51.97949981689453,31.107431411743164,12.899568557739258,70.2891845703125
2014-02-24,32.04633331298828,44.66753768920898,120.45941162109376,16.923574447631836,59.265167236328125,77.33626556396484,52.10361862182617,31.235641479492188,13.089617729187012,70.16197204589844
2014-02-25,32.13874053955078,44.9562873840332,118.62503814697266,17.01445960998535,61.632137298583984,78.25927734375,52.68035507202149,31.451997756958008,12.939163208007812,70.58302307128906
2014-02-26,32.34880447387695,44.66083526611328,116.60940551757812,16.952274322509766,62.18012619018555,79.2273941040039,52.70954895019531,31.56417465209961,12.931238174438477,70.57553100585938
2014-02-27,32.726905822753906,45.7889404296875,118.02777099609376,17.157957077026367,62.38559341430664,79.45713806152344,52.68035507202149,31.88471031188965,13.057942390441896,70.95899963378906
2014-02-28,32.86134338378906,45.627777099609375,118.65650939941406,17.344514846801758,62.4312744140625,81.1513671875,53.39580154418945,31.876710891723636,13.089617729187012,71.01162719726562
2014-03-03,32.35721206665039,45.25846481323242,119.57032775878906,17.435394287109375,62.40844345092773,80.83961486816406,52.994285583496094,31.51610946655273,12.90748405456543,70.37247467041016
2014-03-04,33.113407135009766,46.39328384399414,121.0983657836914,17.731964111328125,63.07057571411133,82.12359619140625,53.36658477783203,32.14914321899414,13.247992515563965,71.1319351196289
2014-03-05,33.18901824951172,45.98366928100586,121.96102142333984,17.674562454223633,63.10100936889648,81.8569564819336,53.42499923706055,31.88471031188965,13.667930603027344,71.17707061767578
2014-03-06,33.155399322509766,44.79512405395508,121.97560119628906,17.64586067199707,62.720458984375,82.10310363769531,53.454193115234375,31.836645126342773,13.747167587280272,71.24472045898438
2014-03-07,32.62607192993164,45.130859375,121.77825927734376,17.607593536376953,62.8270149230957,82.07437896728516,53.64401245117188,31.70842933654785,13.7313232421875,71.76353454589844
2014-03-10,32.65128707885742,44.84212493896485,120.98136138916016,17.631511688232422,62.5454330444336,82.1687240600586,53.70972442626953,31.90876007080078,13.842242240905762,71.62066650390625
2014-03-11,32.68489074707031,44.66753768920898,119.75314331054688,17.583675384521484,62.22392654418945,81.02418518066406,53.07457733154297,31.82060432434082,13.683777809143066,70.76350402832031
2014-03-12,32.36560821533203,44.94285583496094,119.79693603515624,17.515819549560547,61.66513442993164,80.90113067626953,53.20598983764648,31.78055191040039,13.691704750061035,70.56798553466797
2014-03-13,31.634599685668945,44.94285583496094,119.04398345947266,17.433429718017578,60.31793594360352,79.95758819580078,52.92855072021485,31.43596649169922,13.59661865234375,69.81607055664062
2014-03-14,31.592588424682617,45.03685760498047,118.7441864013672,17.61275863647461,60.76191329956055,79.82221221923828,53.111083984375,31.227632522583008,13.311375617980955,69.1844482421875
2014-03-17,32.11353302001953,45.218170166015625,119.95051574707033,17.63214111328125,60.91501235961914,80.38835144042969,54.28646087646485,31.660348892211918,13.55700397491455,70.22965240478516
2014-03-18,32.634464263916016,45.12413787841797,119.88467407226562,17.733924865722656,61.09871673583984,81.20878601074219,53.79732894897461,31.836645126342773,13.620394706726074,70.4927978515625
2014-03-19,32.39080810546875,44.87570190429688,117.63296508789062,17.457664489746094,61.04512786865234,80.06013488769531,53.66593170166016,31.612266540527344,13.818479537963867,69.84614562988281
2014-03-20,32.23957443237305,44.654109954833984,116.92379760742188,17.61760711669922,61.30538177490234,79.88787078857422,54.01633071899414,31.147483825683597,14.198802947998049,69.89126586914062
2014-03-21,31.508567810058597,43.4790153503418,115.07410430908205,17.66607093811035,61.5579833984375,80.04374694824219,54.71717071533203,30.762849807739254,13.913559913635254,69.92134857177734
2014-03-24,32.079925537109375,43.18354415893555,115.6516571044922,17.782390594482422,60.976261138916016,79.26020812988281,54.27917098999024,30.79491806030273,13.763015747070312,69.15438079833984
2014-03-25,32.2647819519043,44.60037612915039,117.39170837402344,17.88901710510254,60.83080673217773,79.1207275390625,54.71717071533203,30.770875930786133,13.636241912841797,69.50776672363281
2014-03-26,32.83613586425781,43.59986114501953,116.71176147460938,18.05380630493164,60.37154006958008,78.11157989501953,54.97271347045898,30.899084091186523,13.612470626831056,68.30467987060547
2014-03-27,32.970577239990234,43.210411071777344,116.1561508178711,18.044113159179688,60.22606658935547,77.75057983398438,54.11854934692383,30.81093406677246,13.477770805358888,67.89866638183594
2014-03-28,33.24785232543945,43.888614654541016,117.36974334716795,17.990800857543945,60.2567024230957,78.27566528320312,54.21345520019531,30.69875717163086,13.454001426696776,68.34233093261719
2014-03-31,34.373756408691406,44.338523864746094,119.34371948242188,18.141042709350582,60.57054138183594,79.36275482177734,54.65148162841797,30.8590145111084,13.628313064575195,69.7483901977539
2014-04-01,34.861083984375,44.20421600341797,119.68733978271484,18.121662139892575,60.76191329956055,80.66729736328125,54.235347747802734,30.82697296142578,13.73924446105957,70.12435150146484
2014-04-02,34.558597564697266,44.55337142944336,120.41112518310548,18.213747024536133,61.19821166992188,80.92164611816406,54.58578109741211,30.91510581970215,13.652088165283203,70.59056091308594
2014-04-03,33.920021057128906,45.0502815246582,119.7165985107422,18.218584060668945,60.77721405029297,80.96675872802734,54.92890548706055,30.97120857238769,13.588696479797363,70.89132690429688
2014-04-04,33.69248580932617,44.35194396972656,116.68984985351562,18.208898544311523,60.2567024230957,81.12677001953125,54.52736282348633,30.95518112182617,13.2479887008667,70.17700958251953
2014-04-07,33.26268768310547,43.71401977539063,115.32267761230467,18.247676849365234,59.03963851928711,79.20277404785156,53.899559020996094,30.586572647094727,12.978597640991213,69.10177612304688
2014-04-08,33.91160583496094,42.85451889038086,114.52582550048828,18.36398696899414,59.02433013916016,78.96894836425781,53.42499923706055,30.14583396911621,13.02613353729248,69.15438079833984
2014-04-09,34.450958251953125,43.99605941772461,116.11957550048828,18.48515892028809,59.52188873291016,80.277587890625,54.3521614074707,30.153854370117188,13.168752670288086,70.0867691040039
2014-04-10,33.5323600769043,42.57249069213867,113.63386535644533,18.33006477355957,58.77172470092773,77.92696380615234,53.242488861083984,29.85735511779785,12.772583961486816,68.68065643310547
2014-04-11,32.84976577758789,43.14996337890625,112.4567642211914,18.247676849365234,57.94502639770508,77.04907989501953,52.98698043823242,29.84123992919922,12.495262145996094,67.97386932373047
2014-04-14,33.34697723388672,44.09678268432617,113.91897583007812,18.53847885131836,58.15169525146485,77.35263061523438,53.56370162963867,30.421619415283203,12.677504539489746,68.36485290527344
2014-04-15,33.48180389404297,44.3250732421875,115.06680297851562,18.519079208374023,58.09047317504883,77.3403549194336,53.61481475830078,30.607030868530277,12.98651885986328,68.9588623046875
2014-04-16,33.81889724731445,44.425811767578125,116.5655288696289,18.59178352355957,58.61865234375,78.61203002929688,53.95793151855469,30.937522888183597,12.780508041381836,70.1544189453125
2014-04-17,33.77676010131836,44.82198333740234,117.15777587890624,18.635400772094727,59.009010314941406,81.82414245605469,54.03486633300781,31.38085556030273,12.79635524749756,70.00404357910156
2014-04-21,33.91160583496094,44.405670166015625,118.06428527832033,18.6208610534668,59.67496871948242,80.62627410888672,53.98359298706055,31.203527450561523,12.748815536499023,70.06419372558594
2014-04-22,34.09699249267578,45.24501419067383,114.55506134033205,18.727487564086918,60.98389434814453,80.55241394042969,53.66849136352539,31.11485290527344,12.907282829284668,70.18450927734375
2014-04-23,33.5323600769043,45.25172805786133,118.42253112792967,18.567554473876957,60.10359954833984,80.52779388427734,53.558570861816406,31.11485290527344,12.97066879272461,70.70336151123047
2014-04-24,33.4986572265625,45.27188491821289,117.42820739746094,18.611167907714844,61.06044006347656,79.79349517822266,53.543922424316406,30.977819442749023,12.946901321411133,70.402587890625
2014-04-25,33.245845794677734,44.75483703613281,117.77182006835938,18.955286026000977,60.76191329956055,79.16586303710938,53.66849136352539,30.655385971069336,12.637884140014648,69.66567993164062
2014-04-28,33.81889724731445,45.29204177856445,117.97655487060548,19.352712631225582,61.36662292480469,78.54639434814453,53.93962097167969,30.92943954467773,11.845541000366213,69.52284240722656
2014-04-29,33.80204772949219,45.20474624633789,118.42984771728516,19.44478988647461,60.86908721923828,79.1740493774414,53.8370246887207,31.06649398803711,12.075318336486816,69.53035736083984
2014-04-30,34.450958251953125,45.59419250488281,120.00165557861328,19.439950942993164,60.86143112182617,79.42840576171875,53.28743362426758,31.22771644592285,11.996087074279783,69.85367584228516
2014-05-01,34.52679443359375,46.62157440185547,119.05859375,19.304243087768555,60.7236328125,79.02637481689453,53.558570861816406,31.171276092529297,11.95646858215332,69.35740661621094
2014-05-02,34.391944885253906,46.23884201049805,119.82624053955078,19.37209129333496,60.77721405029297,80.06837463378906,54.122833251953125,31.08261489868164,12.083248138427734,69.45516204833984
2014-05-05,34.729061126708984,46.903602600097656,120.71815490722656,19.33332252502441,60.23374557495117,80.35965728759766,54.94351959228516,31.30830955505371,11.948548316955566,69.6356201171875
2014-05-06,34.56051254272461,46.18511199951172,119.52645874023438,19.27031707763672,59.26161956787109,80.18733978271484,54.54783248901367,31.09873580932617,11.671224594116213,68.86113739013672
2014-05-07,34.602622985839844,46.91704177856445,120.04552459716795,19.415719985961918,59.0013542175293,81.52875518798828,55.617671966552734,31.187400817871094,11.726693153381348,69.86873626708984
2014-05-08,34.442527770996094,46.12468719482422,120.18446350097656,19.439950942993164,58.978397369384766,80.79194641113281,55.58837127685547,31.219640731811523,11.82969570159912,69.89875793457031
2014-05-09,34.58578109741211,46.10453796386719,120.7620086669922,19.48356819152832,59.48360443115234,80.93191528320312,55.8961067199707,31.429237365722656,11.679146766662598,69.77847290039062
2014-05-12,35.35267639160156,46.56786346435547,122.03412628173828,19.565961837768555,59.91225814819336,82.08036804199219,56.291839599609375,31.654935836791992,11.940628051757812,70.97403717041016
2014-05-13,35.30210494995117,46.71559524536133,122.5605010986328,19.682283401489254,59.146785736083984,81.3888168334961,56.093971252441406,31.96930694580078,11.908927917480469,70.84620666503906
2014-05-14,35.29367446899414,46.07096099853516,120.82056427001952,19.54657554626465,58.41195297241211,80.90724182128906,55.69094467163086,32.186946868896484,11.758382797241213,69.73336029052734
2014-05-15,35.33580780029297,45.73521423339844,119.5630111694336,19.410871505737305,58.35837173461914,80.1128158569336,55.36854934692383,31.630756378173828,11.528602600097656,68.54531860351562
2014-05-16,35.13356018066406,45.50690078735352,118.5102767944336,19.72105598449707,59.2156867980957,80.41329193115234,56.10862731933594,31.485654830932617,11.496910095214844,68.57538604736328
2014-05-19,35.52962875366211,46.91350173950195,118.65650939941406,19.488414764404297,58.55739974975586,80.69320678710938,55.888816833496094,31.945125579833984,11.623686790466309,69.09423065185547
2014-05-20,35.02400207519531,46.46824264526367,117.39170837402344,19.40117835998535,59.67496871948242,80.54914855957031,55.6396484375,31.87257957458496,11.512758255004885,68.27812957763672
2014-05-21,35.125152587890625,46.44801330566406,118.356689453125,19.696821212768555,59.7668342590332,81.15830993652344,56.203880310058594,31.88868904113769,11.576147079467772,68.95821380615234
2014-05-22,34.99028778076172,47.109134674072266,118.30558013916016,19.716215133666992,60.30263900756836,80.82081604003906,56.577613830566406,31.961231231689453,11.655381202697754,69.10181427001953
2014-05-23,35.521217346191406,47.082157135009766,118.90503692626952,19.716215133666992,60.60882568359375,81.85391998291016,56.51166915893555,31.920942306518555,11.663301467895508,69.4947280883789
2014-05-27,35.318965911865234,47.38573455810547,119.1316909790039,19.75983238220215,60.99919891357422,81.54936218261719,56.54829406738281,31.90481758117676,12.059473037719728,69.78939819335938
2014-05-28,35.03242874145508,47.095645904541016,118.5102767944336,19.75983238220215,60.9915657043457,82.42609405517578,56.6069221496582,31.977375030517575,11.996087074279783,69.90276336669922
2014-05-29,35.563358306884766,47.9726676940918,120.26466369628906,20.021547317504883,61.15995788574219,82.73479461669922,56.90736389160156,31.920942306518555,12.004009246826172,70.14456176757812
2014-05-30,35.41166687011719,48.51236724853516,120.63321685791016,20.14271545410156,61.41256332397461,82.98593139648438,57.39098739624024,32.25142288208008,11.996087074279783,70.3863525390625
2014-06-02,35.36952590942383,48.57983016967773,120.97232818603516,19.992469787597656,61.87947082519531,83.2822494506836,57.37633514404297,32.0821647644043,12.091168403625488,70.58281707763672
2014-06-03,35.23468780517578,48.2762336730957,120.81011962890624,19.987627029418945,62.11044692993164,83.0311508178711,56.94400787353516,32.09827423095703,12.05155086517334,70.4694595336914
2014-06-04,35.141998291015625,50.30012512207031,121.27456665039062,19.98276901245117,62.0103759765625,83.9120101928711,57.27375030517578,32.041847229003906,12.05155086517334,70.91527557373047
2014-06-05,35.479087829589844,51.00173568725586,122.60877990722656,20.011859893798828,61.88718032836914,83.61979675292969,57.61083221435547,32.3642692565918,12.225866317749023,71.7464828491211
2014-06-06,35.92573165893555,50.61720657348633,123.22797393798828,20.06032371520996,62.08732986450195,84.35245513916016,57.830665588378906,32.283668518066406,12.352641105651855,71.93537139892578
2014-06-09,35.98472595214844,50.54299545288086,123.89877319335938,20.166948318481445,62.064247131347656,84.42655181884766,57.559532165527344,32.348175048828125,12.550729751586914,72.39630889892578
2014-06-10,35.95100402832031,50.42156982421875,123.35323333740234,20.525598526000977,62.164363861083984,84.71056365966797,57.171173095703125,32.670589447021484,12.614113807678224,72.0411605834961
2014-06-11,35.86674880981445,50.37430953979492,121.28190612792967,20.64192008972168,61.44831085205078,84.62825012207031,56.65821075439453,32.243370056152344,12.352641105651855,71.71626281738281
2014-06-12,35.394805908203125,48.8901481628418,119.88866424560548,20.235057830810547,60.38582611083984,83.79679870605469,55.67628479003906,32.09021759033203,12.21794319152832,70.77171325683594
2014-06-13,35.512779235839844,49.288204193115234,120.92069244384766,20.318395614624023,60.10862731933594,84.08078002929688,55.58837127685547,32.074100494384766,12.233792304992676,70.85485076904297
2014-06-16,35.521217346191406,49.44334030151367,121.73153686523438,20.494871139526367,60.747676849365234,83.56627655029297,55.79353713989258,32.16276931762695,12.107015609741213,70.87751007080078
2014-06-17,35.66447448730469,49.31517791748047,121.06814575195312,20.431140899658203,61.610008239746094,83.35633850097656,55.83750534057617,32.130523681640625,12.352641105651855,71.25533294677734
2014-06-18,36.07742691040039,51.32554626464844,120.73638153076172,20.75956344604492,62.141231536865234,83.80087280273438,56.68750381469727,32.541629791259766,12.400181770324709,71.17218780517578
2014-06-19,35.8245964050293,50.86006546020508,121.03863525390624,21.11250305175781,61.93336486816406,83.64862060546875,56.75347518920898,33.04945373535156,12.320947647094728,71.36109924316406
2014-06-20,34.40037536621094,50.28662872314453,121.92320251464844,21.137012481689453,61.725494384765625,84.20429229736328,56.26983642578125,32.92853546142578,12.249590873718262,71.6482162475586
2014-06-23,34.636348724365234,49.74016952514648,120.85435485839844,20.926233291625977,62.08732986450195,84.1219482421875,55.92544174194336,32.83180236816406,12.400232315063477,71.23265838623047
2014-06-24,34.349822998046875,48.89690780639648,119.79290771484376,20.75956344604492,61.9256591796875,83.57039642333984,55.309906005859375,32.60611343383789,12.281305313110352,70.28812408447266
2014-06-25,34.09699249267578,50.05051803588867,119.74861907958984,20.602703094482425,62.00265121459961,84.16311645507812,55.29525375366211,32.80762481689453,12.265447616577148,70.43168640136719
2014-06-26,33.83575820922852,50.0775032043457,119.45380401611328,20.538976669311523,62.17203903198242,83.38519287109375,55.35386657714844,32.743141174316406,12.217876434326172,70.3183364868164
2014-06-27,34.15597915649414,49.98979187011719,119.9329605102539,20.49976348876953,62.464599609375,83.99022674560547,55.48577117919922,32.67866897583008,12.154447555541992,70.4694595336914
2014-06-30,34.15597915649414,50.010040283203125,118.48078918457033,20.5585880279541,62.33374786376953,86.5010986328125,55.22930908203125,32.968849182128906,12.186163902282717,70.23524475097656
2014-07-01,34.358245849609375,49.77391815185547,118.4143524169922,20.50467109680176,62.99586486816406,85.9701156616211,55.72024917602539,33.19456100463867,12.36851692199707,71.47445678710938
2014-07-02,34.50992965698242,49.27468490600586,117.19075775146484,20.52427673339844,63.11905288696289,85.74370574951172,55.87415313720703,33.686275482177734,12.566731452941896,71.2402114868164
2014-07-03,34.83860778808594,49.90884780883789,117.86895751953124,20.77916717529297,63.172943115234375,86.50519561767578,56.29914474487305,33.76686096191406,12.709444999694824,71.69357299804688
2014-07-07,34.5596809387207,49.63899993896485,116.68954467773438,20.89191436767578,62.68789291381836,85.77254486083984,56.181915283203125,33.460567474365234,12.638091087341309,71.31575775146484
2014-07-08,34.28076934814453,47.97941207885742,115.88602447509766,20.936037063598636,62.17975616455078,85.1221923828125,56.07933044433594,33.08977127075195,12.3526611328125,71.18729400634766
2014-07-09,34.0272216796875,48.539344787597656,116.41677856445312,20.980152130126957,62.15665435791016,85.54203033447266,56.30646896362305,33.267112731933594,12.36851692199707,71.4366683959961
2014-07-10,34.07794570922852,48.25600051879883,116.60107421875,21.053682327270508,61.13264083862305,85.36502838134766,56.137943267822266,33.242916107177734,12.241663932800291,71.2402114868164
2014-07-11,33.9173583984375,48.34370040893555,118.17118072509766,21.288969039916992,61.29434585571289,85.62845611572266,56.35046005249024,33.4698371887207,12.194090843200684,71.70870208740234
2014-07-14,34.22161865234375,48.22903060913086,119.27686309814452,21.2497615814209,61.1788444519043,85.61201477050781,56.6362190246582,33.8912353515625,12.344735145568848,72.3434066772461
2014-07-15,34.263885498046875,48.296478271484375,119.87394714355467,20.470348358154297,61.48680114746094,84.6117935180664,56.72417449951172,33.36446762084961,12.53501796722412,72.5096435546875
2014-07-16,34.0272216796875,48.18180084228516,119.08524322509766,20.49976348876953,61.33284759521485,84.7064208984375,56.44570541381836,33.267234802246094,12.297160148620604,72.83456420898438
2014-07-17,33.73139953613281,47.34526062011719,118.92305755615234,20.382123947143555,61.24814224243164,85.49264526367188,55.97137451171875,33.956077575683594,12.051380157470703,71.9126968383789
2014-07-18,33.80746841430664,48.55284881591797,119.77816009521484,20.67133140563965,61.65618896484375,86.2541275024414,56.971527099609375,34.62870788574219,12.281305313110352,73.15947723388672
2014-07-21,33.81592559814453,48.35044860839844,120.13933563232422,20.59289932250977,61.37132263183594,85.92484283447266,56.655311584472656,34.81511306762695,12.30509090423584,73.55240631103516
2014-07-22,34.1709098815918,49.15324783325195,123.74395751953124,20.553686141967773,62.0103759765625,86.4846420288086,57.26567840576172,34.92047882080078,12.30509090423584,73.43904876708984
2014-07-23,34.06947326660156,49.18026351928711,123.91352081298828,20.45075225830078,62.37992858886719,86.56694793701172,57.45688629150391,34.82321548461914,12.30509090423584,72.99325561523438
2014-07-24,34.204708099365234,49.30168151855469,125.2919692993164,20.60760498046875,62.51852416992188,86.44760131835938,58.01580810546875,34.758384704589844,12.384376525878906,72.54741668701172
2014-07-25,34.086387634277344,49.44334030151367,125.34355926513672,20.46055221557617,62.387638092041016,85.97420501708984,58.18492126464844,34.87994766235352,12.36059284210205,72.35851287841797
2014-07-28,34.27232360839844,48.20203399658203,125.31403350830078,20.41643524169922,62.41841506958008,85.89190673828125,57.64073181152344,34.790794372558594,12.28923511505127,71.9126968383789
2014-07-29,34.339942932128906,47.33177185058594,124.82020568847656,20.362512588500977,62.34913635253906,84.37715148925781,57.2215576171875,34.64492416381836,12.162378311157228,70.86238861083984
2014-07-30,34.61885452270508,47.824256896972656,125.44676208496094,20.156625747680664,62.94970703125,84.14664459228516,57.17008590698242,34.73406219482422,12.3526611328125,71.0815200805664
2014-07-31,34.13709259033203,46.39404678344727,123.08047485351562,19.90172576904297,62.24905014038086,81.64813232421875,56.15522766113281,34.13436508178711,12.091022491455078,69.38890838623047
2014-08-01,33.47786331176758,47.58139419555664,123.19105529785156,19.85271644592285,61.40211868286133,81.66049194335938,56.25080108642578,34.061431884765625,11.876951217651367,69.19245147705078
2014-08-04,33.89200973510742,48.64729309082031,124.05353546142578,19.96546173095703,61.61770248413086,82.5783920288086,56.89796829223633,34.353172302246094,11.932449340820312,69.03376770019531
2014-08-05,33.77366256713867,46.630149841308594,123.0510711669922,19.88702392578125,61.61770248413086,81.58641052246094,56.82442855834961,33.85883331298828,11.892805099487305,68.9430923461914
2014-08-06,33.94270706176758,39.94462585449219,120.19093322753906,20.3085880279541,61.99494171142578,81.86629486083984,56.6479377746582,33.8507194519043,12.051380157470703,68.42929077148438
2014-08-07,33.528564453125,41.064491271972656,120.11724090576172,20.171335220336918,61.95644378662109,81.49456024169922,55.97137451171875,33.65622329711914,11.98795223236084,68.73150634765625
2014-08-08,33.75674819946289,40.94981002807617,122.2180404663086,20.40663719177246,63.46553039550781,82.69231414794922,57.2215576171875,33.7859001159668,12.051380157470703,70.05387878417969
2014-08-11,33.73985290527344,41.82007598876953,122.47608947753906,20.59289932250977,63.81199264526367,82.26278686523438,57.62603378295898,34.077640533447266,12.067232131958008,70.39389038085938
2014-08-12,33.72296142578125,41.934757232666016,122.2033233642578,20.56838798522949,63.84278106689453,82.4073257446289,57.85398864746094,33.68864822387695,12.05930519104004,70.2049789428711
2014-08-13,34.01033401489258,42.13039779663086,124.64322662353516,20.622312545776367,63.99679183959961,83.43159484863281,58.0305061340332,34.166778564453125,12.091022491455078,71.23265838623047
2014-08-14,33.993408203125,41.99547576904297,124.94548034667967,20.7154483795166,64.56653594970703,83.24989318847656,58.31730651855469,34.30455780029297,12.146517753601074,71.32331085205078
2014-08-15,34.04411697387695,41.65816116333008,124.6948471069336,20.686037063598636,64.43566131591797,83.53897857666016,58.0305061340332,34.08573913574219,12.067232131958008,71.20242309570312
2014-08-18,34.3484001159668,41.8740348815918,126.4344711303711,20.83309364318848,64.35865020751953,84.15848541259766,58.20698928833008,34.22351837158203,12.249590873718262,71.98074340820312
2014-08-19,34.99917984008789,42.15724182128906,126.88417053222656,20.931135177612305,67.93115997314453,84.51370239257812,58.486454010009766,34.47474670410156,12.249590873718262,71.91239166259766
2014-08-20,34.863948822021484,42.05548858642578,129.22830200195312,20.8134880065918,69.87138366699219,84.28651428222656,58.5452880859375,34.15058135986328,12.30509090423584,72.70958709716797
2014-08-21,35.14286804199219,41.4246711730957,129.07351684570312,20.87230682373047,70.17935180664062,84.69953155517578,58.08197784423828,34.29644012451172,12.812517166137695,72.83860778808594
2014-08-22,35.18513107299805,41.411094665527344,129.11032104492188,20.87721061706543,70.08695220947266,84.48063659667969,58.27317810058594,34.126251220703125,12.788732528686523,72.55013275146484
2014-08-25,35.27811050415039,41.2347297668457,130.1276092529297,20.96544647216797,70.21784973144531,85.17446899414062,58.25112533569336,34.434207916259766,12.915587425231934,72.73989868164062
2014-08-26,35.36262893676758,41.329708099365234,130.18655395507812,21.009567260742188,70.54891204833984,85.26949310302734,58.35405731201172,34.685447692871094,12.947300910949709,72.51215362548828
2014-08-27,35.19357681274414,41.05836486816406,130.12025451660156,20.98995780944824,70.73369598388672,84.76560974121094,58.41291427612305,34.52336502075195,12.844233512878418,72.55770874023438
2014-08-28,34.880863189697266,41.017677307128906,129.3106231689453,21.03407096862793,71.22645568847656,84.84819793701172,58.41291427612305,34.32075119018555,12.693589210510254,72.3527603149414
2014-08-29,35.100616455078125,41.05159759521485,129.236328125,21.11739921569824,71.98869323730469,85.02168273925781,58.42763137817383,34.23161315917969,12.75701904296875,72.299560546875
2014-09-02,35.21049499511719,40.70564270019531,129.0878143310547,21.17132568359375,70.53390502929688,84.74493408203125,58.63353729248047,34.22351837158203,12.899730682373049,72.50457763671875
2014-09-03,35.41333770751953,40.848087310791016,128.864990234375,21.1860294342041,68.87019348144531,84.0593490600586,59.09682083129883,34.653018951416016,12.804295539855955,72.47419738769531
2014-09-04,35.11750411987305,42.367523193359375,128.52334594726562,21.146812438964844,69.58983612060547,84.09652709960938,59.060054779052734,34.76648712158203,12.81225299835205,72.11737823486328
2014-09-05,34.880863189697266,43.37820816040039,129.66714477539062,21.26936149597168,70.88986206054688,84.23696899414062,60.03815841674805,34.807003021240234,12.740674018859863,72.58809661865234
2014-09-08,34.3484001159668,42.70668411254883,129.808349609375,21.31838035583496,70.2785415649414,84.22044372558594,59.861629486083984,34.69355010986328,13.003118515014648,72.30718994140625
2014-09-09,34.407562255859375,42.46926498413086,129.93460083007812,21.39681053161621,68.8160400390625,83.2044448852539,59.46451568603516,34.70976257324219,12.83610725402832,71.71501922607422
2014-09-10,34.407562255859375,42.95087814331055,129.67462158203125,21.49974822998047,69.0636215209961,83.61746215820312,59.50129699707031,34.76648712158203,13.011073112487791,71.63905334472656
2014-09-11,34.3822135925293,43.032264709472656,129.3849334716797,21.42534065246582,69.04041290283203,83.18792724609375,59.63368606567383,34.490943908691406,13.178083419799805,71.92755889892578
2014-09-12,34.230064392089844,42.61171722412109,129.55575561523438,21.410459518432617,68.74637603759766,82.46928405761719,59.25126647949219,34.48283767700195,13.353053092956545,71.74537658691406
2014-09-15,34.36530303955078,42.54386901855469,130.42477416992188,21.961101531982425,69.16423797607422,82.48168182373047,59.74396896362305,34.620601654052734,13.313283920288086,71.85924530029297
2014-09-16,34.81325149536133,43.167930603027344,131.60572814941406,22.005746841430664,69.85293579101562,82.81622314453125,60.46466445922852,34.76648712158203,13.2894287109375,72.01866912841797
2014-09-17,34.7709846496582,43.22896194458008,132.80149841308594,22.1297607421875,70.58808898925781,83.35725402832031,60.479373931884766,35.155487060546875,13.337146759033203,72.5349349975586
2014-09-18,35.11750411987305,42.85592269897461,133.37342834472656,22.19425392150879,71.26129150390625,83.90655517578125,59.69986724853516,35.40670394897461,13.551877975463867,73.18026733398438
2014-09-19,33.6384391784668,42.65241241455078,134.242431640625,22.31827735900879,71.4547348022461,83.76200103759766,59.83959197998047,35.32565689086914,13.48029899597168,73.26374816894531
2014-09-22,33.4525146484375,40.98377227783203,132.94259643554688,22.49686050415039,71.10652160644531,82.46928405761719,59.273345947265625,35.17168426513672,13.543926239013672,71.89718627929688
2014-09-23,32.818603515625,41.44501495361328,130.97439575195312,22.23393821716309,70.7969970703125,81.89107513427734,58.8247299194336,34.442325592041016,13.55982494354248,70.90262603759766
2014-09-24,33.31727600097656,41.72990417480469,132.49696350097656,22.670488357543945,71.98096466064453,82.82447814941406,59.43510818481445,34.54765701293945,13.663217544555664,71.23667907714844
2014-09-25,32.75944900512695,41.031246185302734,131.79136657714844,22.3778018951416,71.11429595947266,81.53177642822266,58.71441650390625,34.037113189697266,13.400768280029297,70.15103912353516
2014-09-26,32.9200325012207,40.82096862792969,134.8663330078125,22.725048065185547,71.84165954589844,81.96128845214844,59.04533004760742,34.045223236083984,13.543926239013672,70.83433532714844
2014-09-29,32.488975524902344,40.42753601074219,134.70294189453125,22.83914566040039,71.87261199951172,82.37841033935547,58.854129791259766,33.956077575683594,13.528017044067385,71.00894927978516
2014-09-30,32.35374069213867,40.20369720458984,135.7576141357422,22.78954124450684,70.99044036865234,81.25504302978516,58.53056335449219,33.70484161376953,13.55982494354248,70.69766998291016
2014-10-01,32.19317626953125,40.04769134521485,132.12559509277344,22.705209732055664,70.4333267211914,78.9545669555664,58.19963073730469,33.372581481933594,13.376909255981444,69.58919525146484
2014-10-02,32.345314025878906,40.53606414794922,130.98179626464844,22.55638313293457,71.37734985351562,78.9545669555664,58.87619400024414,33.39690017700195,13.424626350402832,69.1792221069336
2014-10-03,32.86931228637695,41.22116088867188,132.45989990234375,22.913557052612305,72.38334655761719,79.2354507446289,59.81016159057617,33.86693572998047,13.750697135925291,69.6271743774414
2014-10-06,33.132137298583984,41.139774322509766,131.40516662597656,23.072309494018555,72.16667938232422,78.99590301513672,59.8175163269043,34.32886505126953,13.750697135925291,69.80936431884766
2014-10-07,32.60649490356445,40.590328216552734,128.50851440429688,22.8441104888916,71.55536651611328,76.99281311035156,59.58954620361328,33.599491119384766,13.424626350402832,68.16944885253906
2014-10-08,33.08127975463867,41.689208984375,130.98179626464844,23.216169357299805,72.8089370727539,78.27725982666016,60.68528747558594,34.15058135986328,13.615495681762695,69.42976379394531
2014-10-09,32.84389114379883,41.750247955322266,129.64491271972656,23.00285148620605,72.01962280273438,76.83173370361328,60.26610565185547,33.737266540527344,13.193992614746094,68.1543197631836
2014-10-10,32.3012809753418,42.72702026367188,129.5854949951172,23.176475524902344,71.61727905273438,75.8074722290039,60.65587615966797,33.84319305419922,13.106507301330566,66.73458099365234
2014-10-13,32.411495208740234,41.16691207885742,128.4044647216797,22.8441104888916,70.10829162597656,72.93295288085938,58.920318603515625,33.33805465698242,13.042886734008787,65.033935546875
2014-10-14,32.60649490356445,41.16691207885742,130.80357360839844,22.908597946166992,69.72138977050781,73.3418197631836,59.33217239379883,33.45212173461914,13.138319969177246,65.4363021850586
2014-10-15,32.47084426879883,41.34326171875,130.12022399902344,22.58615493774414,67.98029327392578,74.54781341552734,58.08932495117188,32.59666442871094,12.533893585205078,64.61637878417969
2014-10-16,31.84347915649414,40.963417053222656,129.77114868164062,22.40756225585937,68.77733612060547,75.09709930419922,57.95695114135742,32.58036804199219,12.78839111328125,65.58818054199219
2014-10-17,32.106292724609375,40.88200759887695,130.9001007080078,22.650638580322266,69.82971954345703,77.33561706542969,58.80268859863281,33.28917694091797,12.891777992248535,68.37446594238281
2014-10-20,32.04695129394531,40.83453369140625,130.372802734375,23.02764892578125,71.07556915283203,78.95872497558594,60.126407623291016,33.77799987792969,12.93154239654541,68.32890319824219
2014-10-21,32.51322937011719,41.750247955322266,128.20394897460938,23.325300216674805,72.89405059814453,80.9659423828125,61.18527221679688,34.535682678222656,13.201944351196287,70.54579162597656
2014-10-22,31.911306381225582,41.716339111328125,130.7292938232422,23.34514045715332,72.22858428955078,80.00364685058594,61.42877197265625,33.883914947509766,13.042886734008787,69.20958709716797
2014-10-23,32.411495208740234,42.10296630859375,134.19044494628906,23.379863739013672,73.35836791992188,80.49508666992188,61.68700408935547,34.568267822265625,13.201944351196287,71.04686737060547
2014-10-24,32.835411071777344,42.49640655517578,134.68063354492188,23.55845642089844,73.50540161132812,80.88746643066406,62.19614791870117,34.59272003173828,13.297377586364746,71.89718627929688
2014-10-27,32.5810546875,42.80842971801758,135.9210205078125,23.632858276367188,73.87682342529297,79.54521179199219,62.60198974609375,34.413475036621094,13.193992614746094,71.13802337646484
2014-10-28,32.7675895690918,43.208621978759766,137.81494140625,23.57829093933105,74.74349975585938,80.69749450683594,62.867618560791016,34.62530899047852,13.361002922058104,72.25402069091797
2014-10-29,32.70823669433594,42.618499755859375,138.46864318847656,23.59813499450684,74.61195373535156,79.31803131103516,62.860260009765625,34.82082748413086,13.512110710144045,72.16291809082031
2014-10-30,32.64041519165039,42.70668411254883,140.59280395507812,23.56340980529785,75.46314239501953,79.44194030761719,63.12589645385742,35.43186950683594,13.543926239013672,72.57289123535156
2014-10-31,33.10670471191406,43.56134796142578,141.54351806640625,23.980112075805664,75.46314239501953,84.12547302246094,63.31773376464844,35.513336181640625,13.647311210632324,72.97528839111328
2014-11-03,33.05582427978516,44.07687377929688,141.67727661132812,24.267824172973636,74.3565902709961,82.7542724609375,63.54648971557617,35.268943786621094,13.734792709350586,72.62602233886719
2014-11-04,33.174530029296875,44.25322723388672,141.70693969726562,24.515871047973636,74.25597381591797,81.96954345703125,63.06685256958008,35.529632568359375,13.687076568603516,72.34512329101562
2014-11-05,33.3101692199707,44.53813934326172,140.91969299316406,24.6795654296875,74.11670684814453,84.76972198486328,64.56478881835938,35.57037353515625,13.790464401245115,73.42320251464844
2014-11-06,33.751033782958984,45.20966339111328,141.03103637695312,24.585325241088867,75.28516387939453,85.39542388916016,65.25098419189453,35.59480667114258,13.806367874145508,73.42320251464844
2014-11-07,33.86123275756836,45.39278793334961,138.2606201171875,24.739103317260746,75.56375885009766,85.73106384277344,65.21409606933594,35.3341178894043,13.806367874145508,73.46875762939453
2014-11-10,34.29362106323242,45.97615814208984,138.8845672607422,24.739103317260746,75.95840454101562,85.47003173828125,65.811767578125,35.92070007324219,13.814326286315918,73.84839630126953
2014-11-11,34.31058120727539,45.786224365234375,138.9810791015625,24.446420669555664,75.94290161132812,85.05152130126953,66.23237609863281,36.05104064941406,13.77455711364746,73.62820434570312
2014-11-12,34.030799865722656,45.74552917480469,138.79537963867188,24.471235275268555,76.2137680053711,84.48796081542969,65.88556671142578,36.03474807739258,13.750697135925291,73.65099334716797
2014-11-13,34.52252960205078,45.64837265014648,139.61239624023438,24.53075408935547,76.60841369628906,85.03907012939453,66.50540924072266,36.32805252075195,13.695027351379396,73.68891906738281
2014-11-14,34.624263763427734,45.6279296875,138.59487915039062,24.198375701904297,76.0202865600586,84.48796081542969,65.76750946044922,35.69258499145508,13.631402969360352,73.48394775390625
2014-11-17,34.89555358886719,45.3688850402832,137.78524780273438,24.332321166992188,75.85780334472656,85.08052062988281,66.4980239868164,35.61110305786133,13.591644287109377,73.28656005859375
2014-11-18,34.98033905029297,46.39827346801758,138.565185546875,24.44145774841309,74.27149963378906,86.39402770996094,66.4980239868164,35.60295867919922,13.631402969360352,73.91094207763672
2014-11-19,34.692100524902344,46.21421813964844,138.14923095703125,24.376977920532227,74.82862091064453,87.28904724121094,66.10692596435547,35.382991790771484,13.567782402038574,73.71248626708984
2014-11-20,34.692100524902344,45.90742874145508,137.8224334716797,24.223180770874023,75.5018310546875,88.1177749633789,65.85603332519531,35.668148040771484,13.520064353942873,73.8345947265625
2014-11-21,35.132965087890625,46.07786178588867,139.58270263671875,24.426576614379883,76.05123901367188,89.23242950439453,65.91508483886719,35.69258499145508,13.615495681762695,74.97955322265625
2014-11-24,35.124473571777344,46.17330932617188,140.24374389648438,24.431535720825195,76.14411163330078,89.32356262207031,67.05142211914062,36.10808944702149,13.663217544555664,75.01009368896484
2014-11-25,34.88710021972656,46.227840423583984,140.13233947753906,24.53571510314941,75.06851959228516,89.25312042236328,66.62346649169922,35.977725982666016,13.59959316253662,75.47573852539062
2014-11-26,35.49751281738281,46.67778778076172,141.61471557617188,24.664684295654297,75.60244750976562,89.89537811279297,67.0661849975586,36.05104064941406,13.607545852661133,75.62837219238281
2014-11-28,35.95530700683594,46.77322769165039,143.4191131591797,24.93256950378418,76.91793823242188,90.67022705078124,67.4129867553711,36.26288986206055,13.551877975463867,75.6207275390625
2014-12-01,35.67555236816406,46.20059585571289,143.07469177246094,24.95241928100586,76.51555633544922,91.10529327392578,66.52754211425781,36.10808944702149,13.353053092956545,74.34600830078125
2014-12-02,35.76032638549805,45.50521087646485,142.3334503173828,25.08139038085937,76.32118225097656,90.7987060546875,66.47587585449219,36.8413200378418,13.639359474182127,74.69715881347656
2014-12-03,35.65858459472656,45.934696197509766,142.01153564453125,25.3939151763916,76.655517578125,92.5099868774414,65.77488708496094,37.21611022949219,13.790910720825195,76.30770111083984
2014-12-04,35.51445770263672,46.2891960144043,142.04896545410156,25.269893646240234,76.93539428710938,92.69644165039062,66.2914047241211,37.06129837036133,13.72709846496582,75.76575469970703
2014-12-05,35.548377990722656,46.76641082763672,142.15380859375,25.33438491821289,77.47190856933594,92.34010314941406,66.92597961425781,36.90650177001953,14.10197639465332,76.0939712524414
2014-12-08,35.0735969543457,46.17330932617188,142.13885498046875,25.264938354492188,78.08612823486328,92.33592987060548,66.97025299072266,37.24053192138672,14.086029052734377,75.37650299072266
2014-12-09,35.49751281738281,46.75960159301758,142.71531677246094,25.150840759277344,77.47190856933594,93.5168685913086,67.33181762695312,37.02055358886719,14.006267547607422,75.81156921386719
2014-12-10,34.692100524902344,46.45962905883789,140.68638610839844,24.798627853393555,76.92761993408203,91.5113754272461,66.49063110351562,36.14883041381836,13.862690925598145,74.42235565185547
2014-12-11,34.556453704833984,49.77281951904297,141.68960571289062,24.90776252746582,77.96172332763672,92.23650360107422,67.09569549560547,36.222145080566406,13.934473037719728,74.72006225585938
2014-12-12,33.869720458984375,50.78859329223633,138.6424102783203,24.629972457885746,77.58073425292969,91.08457946777344,66.36518096923828,35.59480667114258,13.663287162780762,73.1858139038086
2014-12-15,34.853179931640625,50.06596374511719,137.91624450683594,24.560510635375977,77.79068756103516,90.37602996826172,66.31353759765625,35.40742492675781,13.439952850341797,73.13235473632812
2014-12-16,34.446224212646484,49.35015106201172,138.79966735839844,24.471235275268555,75.46589660644531,89.77520751953125,68.11396789550781,35.35855484008789,13.336258888244627,73.56743621826172
2014-12-17,34.89555358886719,49.07746505737305,138.61997985839844,24.77383041381836,76.92761993408203,92.09562683105467,69.4864273071289,36.059207916259766,13.766976356506348,74.54448699951172
2014-12-18,38.4478645324707,50.70679473876953,143.47900390625,25.4335994720459,78.2727279663086,94.06378936767578,70.48257446289062,37.28941345214844,13.982336044311523,76.81150817871094
2014-12-19,38.99893569946289,49.922794342041016,144.3849334716797,25.08139038085937,79.25240325927734,94.4325942993164,70.61539459228516,37.51752853393555,14.054118156433104,77.21603393554688
2014-12-22,38.70219421386719,50.63179397583008,147.08016967773438,25.16158676147461,80.47311401367188,95.1370086669922,71.65582275390625,37.77824401855469,14.125904083251951,77.25420379638672
2014-12-23,39.00740432739258,52.15886688232422,146.5710906982422,25.326993942260746,80.67529296875,95.7461395263672,72.21660614013672,37.24868774414063,14.30138874053955,77.84196472167969
2014-12-24,39.19391632080078,52.2679328918457,147.06521606445312,25.24178123474121,80.51976013183594,95.766845703125,72.23137664794922,37.23239517211914,14.341272354125977,77.8266830444336
2014-12-26,39.08370971679688,52.12478256225586,147.37217712402344,25.36207389831543,80.66748809814453,95.96158599853516,72.49700927734375,37.35459518432617,14.341272354125977,77.57479858398438
2014-12-29,38.66828918457031,52.34975051879883,146.47373962402344,25.17662811279297,81.27396392822266,96.32208251953124,71.98049926757812,37.15091323852539,14.444958686828612,77.6053466796875
2014-12-30,38.43937683105469,51.84526062011719,146.31654357910156,24.97613525390625,81.0718002319336,95.99060821533205,71.96573638916016,37.22422790527344,14.460906982421877,76.88021087646484
2014-12-31,38.12569427490234,51.94752883911133,144.17526245117188,24.695446014404297,81.61605834960938,95.77925872802734,71.06552124023438,36.67837524414063,14.26948070526123,76.26956176757812
2015-01-02,37.58310317993164,51.811180114746094,144.7292938232422,24.54507827758789,80.418701171875,95.05413055419922,70.17263793945312,36.580604553222656,14.27745532989502,76.50618743896484
2015-01-05,37.0560302734375,50.78859329223633,141.7195587158203,24.40472984313965,78.7314682006836,92.60111236572266,69.47905731201172,36.58876419067383,13.862690925598145,75.04825592041016
2015-01-06,36.67348861694336,50.918113708496094,141.05320739746094,24.55009078979492,78.49046325683594,92.37322235107422,69.53070831298828,36.17326354980469,13.447930335998535,74.87269592285156
2015-01-07,36.6819953918457,52.22021865844727,142.87257385253906,25.001195907592773,81.1806869506836,92.78345489501952,70.78511810302734,36.46654510498047,13.511740684509276,75.41465759277344
2015-01-08,36.903018951416016,52.86785888671875,146.09190368652344,25.42222023010254,82.97672271728516,95.2530517578125,72.29041290283203,37.21611022949219,13.790910720825195,76.78861999511719
2015-01-09,36.88600540161133,51.58621597290039,146.0095977783203,25.36207389831543,81.55388641357422,94.04724884033205,72.25350189208984,36.82503509521485,13.543643951416016,75.51387023925781
2015-01-12,36.78399658203125,51.60666275024414,145.5978240966797,25.52247428894043,81.18843078613281,93.7488784790039,71.72222137451172,37.134613037109375,13.30435562133789,75.1474838256836
2015-01-13,36.49495697021485,51.30671310424805,145.50791931152344,25.72296142578125,80.6519546508789,94.05555725097656,71.7517318725586,36.536720275878906,13.120903968811035,75.6817855834961
2015-01-14,36.60548400878906,51.12263488769531,144.66940307617188,25.92845916748047,79.8044662475586,94.04724884033205,71.81815338134766,36.26644134521485,12.793878555297852,75.33068084716797
2015-01-15,36.239933013916016,50.97948455810547,144.02552795410156,26.299373626708984,78.53707885742188,93.72818756103516,71.70008850097656,35.996177673339844,12.12387752532959,74.12464904785156
2015-01-16,36.98801803588867,51.831634521484375,145.77745056152344,26.59008407592773,80.9551773071289,95.4602279663086,72.85855865478516,36.438453674316406,12.26744556427002,74.97193145751953
2015-01-20,37.3195686340332,51.84526062011719,146.55612182617188,26.98103141784668,80.27874755859375,94.54035186767578,72.84374237060547,36.21730422973633,12.171732902526855,75.55205535888672
2015-01-21,36.97103500366211,51.53166961669922,146.36891174316406,27.201574325561523,80.49645233154297,94.48648834228516,73.68052673339844,36.08626937866211,12.291372299194336,75.75814819335938
2015-01-22,37.44708251953125,51.82481384277344,148.3080291748047,27.39706420898437,82.47134399414062,95.86212921142578,74.25812530517578,36.438453674316406,12.833758354187012,75.86499786376953
2015-01-23,37.56609725952149,51.53166961669922,147.82138061523438,27.161481857299805,81.92707824707031,94.39530181884766,74.50990295410156,35.92245864868164,12.546613693237305,78.23888397216797
2015-01-26,37.3195686340332,51.70210266113281,146.50369262695312,27.286785125732425,82.69681549072266,94.39946746826172,74.79869842529297,36.15998077392578,12.642329216003418,77.77326202392578
2015-01-27,36.89451217651367,51.08171844482422,142.66293334960938,27.34693717956543,81.76380157470703,93.62877655029295,74.65801239013672,35.77503204345703,12.4668550491333,77.01761627197266
2015-01-28,36.29093551635742,50.29092788696289,141.68960571289062,27.071260452270508,81.4372329711914,91.8801498413086,73.75458526611328,35.553890228271484,12.12387752532959,76.1932144165039
2015-01-29,36.43545913696289,50.83631134033203,144.1228485107422,27.2617301940918,83.67649841308594,93.5251693725586,74.13224029541016,37.0691032409668,12.307326316833496,76.46040344238281
2015-01-30,35.61085891723633,50.27729034423828,141.03077697753906,26.615140914916992,81.18843078613281,92.3525161743164,72.68824768066406,36.65958023071289,12.083995819091797,74.62083435058594
2015-02-02,36.28243637084961,51.054473876953125,141.74951171875,26.966005325317383,81.19624328613281,92.70474243164062,73.3917007446289,37.044525146484375,12.331257820129396,76.15507507324219
2015-02-03,36.58848190307617,50.98629379272461,143.74850463867188,27.196571350097656,83.3810043334961,94.01825714111328,74.14704895019531,37.53595352172852,12.674232482910156,77.30000305175781
2015-02-04,36.06142044067383,50.904483795166016,143.9581756591797,27.08128547668457,84.29074096679688,94.24615478515624,74.39141845703125,36.995384216308594,12.594470024108888,76.90308380126953
2015-02-05,36.69048690795898,50.98629379272461,145.2908172607422,26.900848388671875,84.7416763305664,95.45606994628906,74.61356353759766,37.38853454589844,12.738045692443848,78.11675262451172
2015-02-06,36.53746795654297,51.91343307495117,146.1742706298828,26.73042869567871,84.7805404663086,95.65911102294922,74.50249481201172,37.265663146972656,13.152809143066406,77.66639709472656
2015-02-09,36.89451217651367,52.0838737487793,144.51217651367188,26.64521598815918,84.2363052368164,93.98506927490234,73.72494506835938,36.463016510009766,13.041142463684082,77.54427337646484
2015-02-10,37.39606857299805,52.28158187866211,146.49620056152344,26.95096778869629,86.04791259765625,94.57349395751952,75.29483032226562,36.79062271118164,13.096973419189451,78.1930923461914
2015-02-11,36.86051559448242,54.21767807006836,146.97540283203125,27.44718360900879,85.76799774169922,94.5652084350586,75.96871948242188,36.798824310302734,13.049112319946287,78.18544006347656
2015-02-12,37.31107711791992,54.51082611083984,147.8513641357422,27.8381290435791,87.20643615722656,96.55826568603516,76.27228546142578,37.03633117675781,13.296382904052734,79.00218963623047
2015-02-13,37.34506607055664,53.89980697631836,147.4545440673828,27.44718360900879,86.99647521972656,98.10797882080078,75.99829864501953,37.74888229370117,13.248522758483888,79.67390441894531
2015-02-17,37.26857376098633,53.4000358581543,147.91876220703125,27.63764953613281,87.0820083618164,97.7267837524414,76.67957305908203,38.010986328125,13.264474868774414,79.38385772705078
2015-02-18,37.48958206176758,53.256256103515625,148.6674041748047,27.68777084350586,87.07424926757812,98.16724395751952,77.08683776855469,38.010986328125,13.001256942749023,79.85713195800781
2015-02-19,37.49808883666992,52.78386306762695,151.01829528808594,27.808061599731445,86.25785827636719,97.8597412109375,75.99092864990234,38.174781799316406,12.929471015930176,79.91815185546875
2015-02-20,37.20904922485352,52.80440902709961,152.72531127929688,27.87322807312012,87.26862335205078,98.33345794677734,76.05015563964844,38.88733673095703,13.065072059631348,80.42195892333984
2015-02-23,37.21756362915039,53.80394744873047,153.9231719970703,27.82310676574707,87.29974365234375,98.27113342285156,76.46483612060547,38.75629425048828,12.921501159667969,79.67390441894531
2015-02-24,37.30257034301758,55.0362663269043,154.6944122314453,27.928356170654297,90.7752456665039,98.3874969482422,76.53888702392578,38.87914657592773,13.065072059631348,80.00988006591797
2015-02-25,37.175048828125,54.77611541748047,153.3766632080078,27.888261795043945,90.43312072753906,97.93041229248048,76.5981216430664,38.82181930541992,13.152809143066406,80.07893371582031
2015-02-26,37.31107711791992,55.898868560791016,151.84559631347656,28.11381149291992,89.71002197265625,98.00100708007812,77.13870239257812,38.99381256103516,12.793878555297852,79.50359344482422
2015-02-27,37.2515754699707,56.87789916992188,150.88018798828125,28.21405792236328,89.2201919555664,97.80987548828124,76.91653442382812,38.7972412109375,12.610424995422363,78.8438720703125
2015-03-02,37.43007659912109,57.24756622314453,153.1202392578125,28.319324493408203,90.28539276123048,98.77391052246094,77.15350341796875,38.67438888549805,12.769947052001951,80.22468566894531
2015-03-03,36.87751770019531,56.96686553955078,150.78973388671875,28.29927062988281,90.24650573730467,97.4608154296875,76.60554504394531,38.56793594360352,12.793878555297852,79.81046295166016
2015-03-04,37.07304763793945,56.83681488037109,150.06568908691406,27.96344757080078,89.22798919677734,97.79325103759766,76.33153533935547,38.50239944458008,12.67385959625244,79.05101013183594
2015-03-05,37.234561920166016,56.96001434326172,150.16378784179688,27.818090438842773,90.12210083007812,97.83895874023438,76.53888702392578,38.85456466674805,12.80188274383545,79.11235809326172
2015-03-06,36.02740859985352,56.378116607666016,149.07766723632812,26.75047874450684,88.98695373535156,96.3928680419922,75.45774841308594,38.084693908691406,12.977907180786133,78.14580535888672
2015-03-09,36.29093551635742,57.16542053222656,150.6464080810547,26.98103141784668,89.60894775390625,96.52587890625,75.90203094482422,38.35497283935547,12.937896728515623,79.12003326416016
2015-03-10,35.55134582519531,56.631385803222656,149.01730346679688,26.66526985168457,87.96776580810547,94.60607147216795,75.18376159667969,37.81439971923828,12.633854866027832,77.60883331298828
2015-03-11,35.25381088256836,56.487640380859375,148.7382354736328,26.174060821533203,88.36634826660156,93.57135009765624,75.20597076416016,37.92089080810547,12.889893531799316,77.2099380493164
2015-03-12,35.38133239746094,57.67887878417969,149.9224090576172,26.33101272583008,90.7343292236328,95.4496078491211,76.24267578125,38.69895935058594,12.873892784118652,78.59841918945312
2015-03-13,36.02740859985352,57.316036224365234,148.66285705566406,26.01712226867676,89.7340087890625,94.7057876586914,76.46483612060547,38.39591979980469,12.873892784118652,77.60883331298828
2015-03-16,36.903018951416016,59.40412139892578,152.43389892578125,26.37151908874512,91.04694366455078,95.60752868652344,77.3016128540039,39.17399597167969,12.905896186828612,78.8438720703125
2015-03-17,36.4439582824707,59.054962158203125,151.34780883789062,26.13357734680176,90.32794952392578,94.43572235107422,76.28712463378906,38.56793594360352,12.873892784118652,78.40662384033203
2015-03-18,37.51508712768555,59.6848030090332,152.8035125732422,25.991811752319336,90.71871948242188,95.4246826171875,76.63516235351562,38.81362533569336,12.785876274108888,79.65702056884766
2015-03-19,37.54060363769531,59.80802536010742,152.49427795410156,25.95637321472168,89.9997329711914,93.98274993896484,76.52407836914062,38.85456466674805,12.489832878112791,79.02796936035156
2015-03-20,37.75312042236328,60.40367889404297,153.68588256835938,26.032306671142575,91.82066345214844,95.18367004394533,76.90914154052734,38.87914657592773,12.67385959625244,80.85372161865234
2015-03-23,37.61709976196289,60.19142532348633,153.0447998046875,26.13357734680176,90.71088409423828,94.09082794189452,77.42748260498047,38.87914657592773,12.57784366607666,80.00988006591797
2015-03-24,37.15805816650391,60.2462043762207,153.33145141601562,25.875368118286133,90.77342224121094,93.70020294189452,77.37567138671875,38.49420547485352,12.489832878112791,79.8257827758789
2015-03-25,36.49495697021485,58.79481506347656,150.1033935546875,25.389345169067383,88.84307098388672,92.44109344482422,76.07237243652344,38.109256744384766,12.329809188842772,78.19186401367188
2015-03-26,36.54596328735352,57.808963775634766,151.26483154296875,25.313411712646484,87.81926727294922,91.95907592773438,75.52440643310547,38.084693908691406,12.337809562683104,78.37593841552734
2015-03-27,36.24843978881836,58.39087677001953,152.5244140625,25.48553466796875,88.98371887207031,92.64886474609376,75.90203094482422,38.31402969360352,12.249798774719238,78.98197937011719
2015-03-30,36.928524017333984,58.87010955810547,154.53062438964844,25.581727981567383,89.58550262451172,93.2846450805664,76.88691711425781,38.55973434448242,12.41782569885254,80.47782135009766
2015-03-31,36.6819953918457,57.97325134277344,153.07504272460938,25.32353973388672,88.78836059570312,93.72093963623048,76.42780303955078,37.945457458496094,12.313809394836426,80.0175552368164
2015-04-01,36.50347137451172,57.68572616577149,149.9072723388672,25.46529769897461,88.41324615478516,93.27218627929688,75.72430419921875,37.585079193115234,12.329809188842772,79.19674682617188
2015-04-02,36.35845565795898,58.85641479492188,149.87710571289062,25.915868759155277,89.51519012451172,92.9065170288086,76.05755615234375,37.78164291381836,12.43382740020752,79.40388488769531
2015-04-06,36.64848709106445,60.25303268432617,151.24227905273438,26.06775665283203,89.83560180664062,93.17243957519533,76.5907211303711,37.92089080810547,12.409820556640623,80.1556396484375
2015-04-07,36.64848709106445,59.75326919555664,150.9556427001953,26.174060821533203,89.32760620117188,93.45498657226562,76.36856079101562,37.83078002929688,12.369817733764648,79.87947082519531
2015-04-08,36.77646255493164,60.0271110534668,151.4534149169922,26.13357734680176,90.33576202392578,93.96612548828124,76.22047424316406,38.174781799316406,12.489832878112791,79.6646957397461
2015-04-09,36.85322952270508,63.40911865234375,151.9285430908203,26.255075454711918,89.53858947753906,94.88448333740234,75.80577850341797,38.49420547485352,12.569843292236328,80.07893371582031
2015-04-10,37.11767959594727,62.99835205078125,151.14418029785156,26.584142684936523,90.06224060058594,95.36651611328124,75.93167877197266,38.61706161499024,12.57784366607666,80.31672668457031
2015-04-13,36.75086975097656,62.7861213684082,148.6175994873047,26.20950508117676,89.43699645996094,95.4039077758789,75.63546752929688,38.304229736328125,12.641852378845217,79.2274398803711
2015-04-14,36.45228958129883,62.970951080322266,148.8363037109375,26.386695861816406,89.13224029541016,94.7265853881836,75.6132583618164,38.44417953491211,12.657858848571776,79.2044448852539
2015-04-15,37.52716064453125,62.66973876953125,148.7382354736328,26.12850379943848,88.66329956054688,94.4398422241211,75.33185577392578,38.55120086669922,12.513834953308104,79.61868286132812
2015-04-16,37.075042724609375,61.28680038452149,148.67039489746094,26.351247787475582,88.60079193115234,94.22377014160156,74.91719055175781,38.29600524902344,12.633854866027832,79.7183837890625
2015-04-17,36.68260955810547,59.5341911315918,146.9356689453125,26.19938468933105,87.60829162597656,94.16559600830078,74.33956909179688,38.07373428344727,12.449827194213867,78.01537322998047
2015-04-20,36.95560073852539,59.64373779296875,148.4290313720703,26.644899368286133,88.20223999023438,94.61021423339844,74.9986343383789,38.386566162109375,12.457829475402832,78.69046783447266
2015-04-21,37.0409049987793,59.62317657470703,148.0443878173828,26.37656784057617,88.44448852539062,94.34842681884766,75.09490203857422,38.78992462158203,12.401820182800291,77.73157501220703
2015-04-22,37.15181350708008,59.57525634765625,149.0550079345703,26.386695861816406,88.30381774902344,94.07833099365234,75.22122192382812,39.80248260498047,12.593849182128906,78.39128875732422
2015-04-23,37.01531219482422,59.34931945800781,148.73072814941406,26.50313949584961,89.0618896484375,93.86226654052734,74.96114349365234,39.893043518066406,12.55384349822998,79.02034759521484
2015-04-24,36.75086975097656,58.86325454711914,147.3505401611328,26.361387252807617,88.85868835449219,92.7942886352539,75.48129272460938,39.77778244018555,12.513834953308104,78.62909698486328
2015-04-27,37.2030029296875,58.959129333496094,146.19654846191406,26.022186279296875,87.05339813232422,91.77208709716795,75.21382141113281,39.09453582763672,12.449827194213867,78.65975952148438
2015-04-28,37.96224594116211,58.93172836303711,146.33230590820312,26.17913055419922,86.42036437988281,91.73469543457033,75.77112579345703,39.17683792114258,12.521835327148438,78.95896911621094
2015-04-29,38.158451080322266,57.89794158935547,144.27334594726562,25.4146671295166,84.9588851928711,92.32059478759766,74.80509185791016,38.83109664916992,12.785876274108888,78.04606628417969
2015-04-30,37.21152877807617,56.77517318725586,140.73609924316406,25.33872604370117,83.60689544677734,92.067138671875,73.77967071533203,38.213680267333984,12.74587059020996,77.41704559326172
2015-05-01,37.85134506225586,57.13802719116211,142.546142578125,25.64754295349121,85.61538696289062,93.3095703125,74.64905548095703,38.43593597412109,12.889893531799316,78.62909698486328
2015-05-04,38.03901290893555,57.59670639038086,143.06658935546875,25.65767288208008,86.01396179199219,93.5090560913086,74.42613983154297,38.69114685058594,13.153929710388184,78.69046783447266
2015-05-05,37.46744918823242,56.91895294189453,141.3017120361328,25.4906005859375,84.450927734375,92.0754165649414,73.3709487915039,38.567657470703125,13.08191967010498,77.89266204833984
2015-05-06,36.904422760009766,56.891578674316406,140.90951538085938,25.65767288208008,84.64629364013672,92.2707290649414,73.46758270263672,38.312477111816406,13.033912658691406,77.47074127197266
2015-05-07,37.09209442138672,57.66518020629883,141.95033264160156,25.941184997558597,85.99835968017578,93.76319122314452,73.83168029785156,38.279541015625,12.993905067443848,77.48611450195312
2015-05-08,37.54423904418945,58.206016540527344,143.6623992919922,26.412017822265625,87.8974380493164,95.48914337158205,74.79764556884766,39.160377502441406,13.161931037902832,78.33757781982422
2015-05-11,37.39922332763672,57.67887878417969,143.6548614501953,25.991811752319336,87.45195770263672,94.7720718383789,74.67134857177734,38.96281433105469,13.193936347961426,78.77484893798828
2015-05-12,37.16886138916016,57.63095474243164,143.7604522705078,25.89562225341797,87.93650817871094,93.58810424804688,74.4855728149414,38.79815673828125,13.145930290222168,78.48332977294922
2015-05-13,37.356544494628906,57.555641174316406,144.05467224121094,25.819669723510746,86.8970718383789,93.96747589111328,74.16605377197266,38.71583557128906,13.177931785583496,80.11730194091797
2015-05-14,37.85986328125,58.43194580078125,145.6007080078125,26.62969970703125,87.48323822021484,95.3849105834961,75.76366424560547,40.0659294128418,13.217940330505373,81.65153503417969
2015-05-15,37.663665771484375,59.19870376586914,145.0802764892578,26.7410831451416,88.58515930175781,96.59390258789062,75.84540557861328,40.09884262084961,13.08191967010498,81.96604919433594
2015-05-18,37.74044418334961,59.1234016418457,145.62339782714844,26.30064010620117,89.35103607177734,96.27288055419922,76.1203384399414,40.205867767333984,13.209940910339355,81.90467071533203
2015-05-19,37.808692932128906,58.99798202514648,145.84962463378906,26.214561462402344,87.79585266113281,95.88101196289062,76.03115844726562,40.34580612182617,13.417970657348633,81.5639419555664
2015-05-20,37.7830810546875,58.34505081176758,145.75161743164062,26.224689483642575,87.60829162597656,95.43910217285156,75.25091552734375,40.45281982421875,13.393963813781738,81.88770294189453
2015-05-21,37.77457046508789,59.8914794921875,145.64596557617188,26.14369773864746,87.53794860839844,95.56417846679688,77.04918670654297,40.61747360229492,13.385969161987305,81.98790740966797
2015-05-22,37.47597885131836,59.41723251342773,145.4574737548828,25.936113357543945,87.65518188476562,95.5474853515625,77.24236297607422,40.36227035522461,13.40196704864502,81.64873504638672
2015-05-26,36.96412658691406,58.798675537109375,143.68502807617188,25.961423873901367,86.69389343261719,94.51778411865234,76.42498016357422,40.00829315185547,13.201939582824709,80.81623077392578
2015-05-27,37.6551399230957,59.231666564941406,144.31858825683594,26.23988914489746,87.65518188476562,95.52664947509766,76.89312744140625,40.34580612182617,13.393963813781738,81.23245239257812
2015-05-28,37.41627502441406,59.14231872558594,144.52383422851562,26.13357734680176,87.67860412597656,95.81014251708984,76.6776351928711,40.55161285400391,13.337960243225098,81.47142791748047
2015-05-29,37.10063552856445,58.99798202514648,143.0642547607422,25.92093086242676,87.07682800292969,95.42241668701172,76.07573699951172,40.00829315185547,13.201939582824709,80.32284545898438
2015-06-01,37.356544494628906,59.09421157836914,145.24603271484375,25.92093086242676,87.2721939086914,95.48077392578124,76.17234802246094,40.28818893432617,13.241941452026367,80.21495819091797
2015-06-02,37.27977752685547,59.33476257324219,145.0179443359375,25.63236427307129,87.67291259765625,95.15563201904295,75.66706848144531,40.28818893432617,13.37796401977539,80.60038757324219
2015-06-03,37.51010894775391,58.98423004150391,145.86932373046875,25.4906005859375,88.90641021728516,95.88101196289062,75.72652435302734,40.22233200073242,13.58661937713623,80.92413330078125
2015-06-04,37.33948516845703,58.59247589111328,144.56182861328125,25.252656936645508,87.57075500488281,95.37239074707033,74.9537124633789,40.07414245605469,13.466240882873535,79.95286560058594
2015-06-05,37.37361145019531,57.65774154663086,143.92330932617188,24.40718460083008,86.71439361572266,95.31400299072266,74.27008819580078,39.88481521606445,13.795268058776855,79.96827697753906
2015-06-08,36.7679328918457,57.22476196289063,143.95370483398438,24.46287727355957,86.36869812011719,95.09308624267578,73.86882781982422,39.87657928466797,13.706992149353027,79.5982666015625
2015-06-09,36.742332458496094,57.85020065307617,143.93849182128906,24.58439064025879,86.05442810058594,95.572509765625,74.2923812866211,39.662540435791016,13.891573905944824,79.82952880859375
2015-06-10,37.48452377319336,58.7574348449707,143.88523864746094,24.91852569580078,87.19366455078125,96.6689453125,75.88996887207031,39.92598342895508,14.116275787353516,80.76225280761719
2015-06-11,37.77457046508789,58.963623046875,145.55767822265625,24.72919464111328,87.43720245361328,97.548583984375,76.26152038574219,40.386966705322266,14.03602695465088,80.86247253417969
2015-06-12,37.82574844360352,58.46189498901367,145.17755126953125,24.58081817626953,86.89510345458984,97.24009704589844,75.95687103271484,40.0659294128418,14.03602695465088,80.20723724365234
2015-06-15,37.296836853027344,58.022010803222656,144.37179565429688,24.32497978210449,86.43153381347656,96.2436981201172,76.22437286376953,39.57199096679688,14.019977569580078,79.73702239990234
2015-06-16,38.08167266845703,59.02547836303711,145.0559844970703,24.570587158203125,86.60437774658203,96.71896362304688,76.66278076171875,39.90951156616211,14.084172248840332,80.24578857421875
2015-06-17,38.312007904052734,58.84678649902344,145.20803833007812,24.846887588500977,86.79293823242188,97.27762603759766,77.14579772949219,39.98360443115234,13.939726829528809,80.32284545898438
2015-06-18,36.46080017089844,60.3450927734375,146.52308654785156,25.30739402770996,87.8771743774414,98.22808837890624,78.06719207763672,41.11140060424805,13.94775104522705,81.3481216430664
2015-06-19,35.479766845703125,60.839935302734375,145.29917907714844,25.23575782775879,88.33287811279297,97.80288696289062,78.37185668945312,41.07024383544922,13.77922248840332,81.20164489746094
2015-06-22,35.39445114135742,60.31072235107422,146.01377868652344,25.47625160217285,88.83568572998047,98.52828216552734,78.86970520019531,41.18549346923828,14.019977569580078,81.22476959228516
2015-06-23,35.58213424682617,59.85709381103516,145.67926025390625,25.11295318603516,88.92211151123047,98.62832641601562,79.11492919921875,41.06201171875,14.18048095703125,80.7545394897461
2015-06-24,35.14706039428711,59.211055755615234,144.56182861328125,25.056684494018555,88.27003479003906,98.36151123046876,78.267822265625,40.74918365478516,14.03602695465088,80.24578857421875
2015-06-25,35.02763748168945,59.35538482666016,144.42501831054688,25.153888702392575,88.18357849121094,98.16973876953124,78.03004455566406,40.6092414855957,13.939726829528809,79.67535400390625
2015-06-26,34.96791458129883,59.637184143066406,143.39878845214844,25.317626953125,88.4664306640625,98.39484405517578,78.64676666259766,41.13608932495117,13.971824645996094,79.81411743164062
2015-06-29,34.481666564941406,57.92580032348633,141.02703857421875,24.903169631958008,86.84796142578125,95.86852264404295,77.88140869140625,40.34580612182617,13.554518699645996,78.5113754272461
2015-06-30,34.37928771972656,58.035762786865234,141.31585693359375,25.02597427368164,87.3115005493164,95.65172576904295,77.93341064453125,40.403438568115234,13.658842086791992,78.60385131835938
2015-07-01,34.32810592651367,58.94985580444336,143.0414581298828,25.123188018798828,88.0500259399414,97.1358413696289,78.55017852783203,40.765663146972656,13.819343566894531,79.27452087402344
2015-07-02,34.43046188354492,58.97737121582031,142.38014221191406,25.066909790039062,87.59434509277344,96.64393615722656,78.4312744140625,40.67509841918945,13.666871070861816,79.02012634277344
2015-07-06,34.37909698486328,58.68870544433594,142.90464782714844,25.51717567443848,87.46076965332031,95.96855926513672,77.88140869140625,40.946773529052734,13.594643592834473,78.91992950439453
2015-07-07,34.38766860961914,59.96708297729492,144.5542755126953,26.44331359863281,88.30929565429688,95.9352035522461,79.04803466796875,41.33367156982422,13.39401626586914,79.27452087402344
2015-07-08,34.0537223815918,59.04610061645508,144.47061157226562,26.1107120513916,87.20935821533203,94.30099487304688,77.42073059082031,40.54338073730469,13.04090690612793,77.83302307128906
2015-07-09,34.4047966003418,61.54787063598633,146.05174255371094,26.069787979125977,87.50789642333984,93.9174575805664,78.54273223876953,40.49398040771485,13.225482940673828,77.9948959350586
2015-07-10,34.558921813964844,63.99466323852539,147.61769104003906,26.253990173339844,88.8592529296875,95.8018035888672,79.83567810058594,41.1031608581543,13.40203857421875,78.94305419921875
2015-07-13,34.935672760009766,64.93627166748047,150.42276000976562,26.26422500610352,90.27346801757812,97.16085052490234,81.11380004882812,41.12798309326172,13.658842086791992,79.99141693115234
2015-07-14,34.91853713989258,64.83317565917969,151.3121337890625,26.27445602416992,90.63488006591795,98.06137084960938,81.6042251586914,41.52503204345703,13.74712085723877,80.23038482666016
2015-07-15,34.92710876464844,64.57200622558594,151.5858154296875,26.21305656433105,90.80773162841795,97.53607940673828,81.6636734008789,40.788822174072266,14.188507080078123,80.04536437988281
2015-07-16,35.07267379760742,66.04281616210938,153.26576232910156,27.07267189025879,90.13992309570312,93.23373413085938,82.13922882080078,41.16934967041016,14.405187606811523,79.83724975585938
2015-07-17,34.593162536621094,65.80915069580078,152.9313201904297,27.231285095214844,89.93562316894531,93.21707153320312,81.84197998046875,41.27688217163086,14.525565147399902,81.35582733154297
2015-07-20,34.19071578979492,65.74040985107422,155.9340362548828,27.48200035095215,89.10282135009766,92.42498016357422,82.46615600585938,41.40922546386719,14.541614532470703,81.9956283569336
2015-07-21,33.88246536254883,65.74730682373047,154.4288330078125,27.40013313293457,89.45637512207031,90.22381591796876,82.04127502441406,41.16107177734375,14.509514808654783,81.2479019165039
2015-07-22,33.75401306152344,66.42086029052734,154.1551971435547,27.60991859436035,90.27346801757812,90.12371063232422,82.72706604003906,42.17025375366211,14.806445121765137,80.73914337158203
2015-07-23,33.39439010620117,65.62356567382812,154.18557739257812,27.53829574584961,90.02989959716797,88.07262420654297,82.13817596435547,42.35223007202149,14.589765548706056,80.41536712646484
2015-07-24,33.39439010620117,65.36925506591797,152.82485961914062,27.52293968200684,89.24421691894531,86.08821868896484,82.36184692382812,42.228145599365234,14.365056991577148,79.22054290771484
2015-07-27,32.97481155395508,64.8675308227539,152.92369079589844,27.60480690002441,88.83568572998047,85.37114715576172,81.82511138916016,41.930362701416016,14.18048095703125,78.34949493408203
2015-07-28,33.634151458740234,66.13218688964844,154.79376220703125,28.269989013671875,90.22632598876952,89.14820098876953,83.21906280517578,42.13715744018555,14.349013328552246,80.32284545898438
2015-07-29,34.07084655761719,66.37960815429688,158.22970581054688,27.83506202697754,91.42840576171876,90.5239486694336,84.56826782226562,42.236419677734375,14.573718070983888,81.35582733154297
2015-07-30,33.950965881347656,66.35212707519531,156.95265197753906,27.732725143432617,91.49913024902344,90.48225402832033,84.1881103515625,41.996543884277344,14.549630165100098,81.23245239257812
2015-07-31,34.19927215576172,66.41397094726562,157.43153381347656,27.82483291625977,91.9469223022461,90.36553192138672,83.83778381347656,41.930362701416016,14.349013328552246,80.97805786132812
2015-08-03,34.0023307800293,65.91911315917969,157.9560546875,27.968093872070312,91.83692932128906,89.9403076171875,84.0986557006836,41.77320098876953,14.260729789733888,80.70829772949219
2015-08-04,33.959529876708984,65.754150390625,159.2787322998047,28.101137161254883,92.3397979736328,88.83136749267578,81.96675109863281,41.78145980834961,14.284807205200195,80.64665222167969
2015-08-05,33.94239044189453,66.44831085205078,159.20269775390625,28.38256072998047,92.70906066894533,88.87303161621094,82.8910903930664,41.75665664672852,14.340982437133787,81.50227355957031
2015-08-06,33.66840362548828,64.42081451416016,159.07351684570312,28.43371963500977,91.57766723632812,88.01969909667969,80.59516906738281,41.62431335449219,14.29283618927002,81.54851531982422
2015-08-07,33.873897552490234,64.11149597167969,158.94424438476562,28.392778396606445,91.86837768554688,86.94047546386719,80.31190490722656,41.45059585571289,14.244683265686035,81.29415130615234
2015-08-10,34.156471252441406,64.57200622558594,160.22897338867188,28.505348205566406,92.39481353759766,89.19099426269531,80.9678955078125,41.905548095703125,14.477415084838867,82.71251678466797
2015-08-11,33.53995513916016,63.88470077514648,158.7694549560547,28.515588760375977,92.46549224853516,87.35043334960938,80.56535339355469,41.68220901489258,14.27678394317627,81.22476959228516
2015-08-12,33.634151458740234,64.16648864746094,158.70863342285156,28.520715713500977,92.46549224853516,87.03250122070312,80.74427032470703,41.43405151367188,14.060105323791504,81.35582733154297
2015-08-13,33.65983200073242,63.60289001464844,159.47642517089844,28.43371963500977,93.51042175292967,86.6058349609375,80.25971221923828,41.22724533081055,14.140356063842772,81.34038543701172
2015-08-14,33.74546813964844,63.30047607421875,161.1259307861328,28.530941009521484,94.08397674560548,87.59302520751953,80.25971221923828,41.54985427856445,14.204561233520508,81.77207946777344
2015-08-17,34.01091384887695,63.962867736816406,161.93179321289062,28.48488426208496,94.04467010498048,87.22492218017578,81.05731964111328,41.67393112182617,14.260729789733888,81.92626190185547
2015-08-18,34.1051025390625,63.4384994506836,161.66574096679688,28.24440574645996,96.48027801513672,87.4842758178711,80.84860229492188,41.72356033325195,14.196532249450684,82.27327728271484
2015-08-19,33.848201751708984,63.07280349731445,160.6090545654297,28.044851303100582,96.4488525390625,85.75250244140625,79.58138275146484,41.22724533081055,14.011951446533203,81.36695861816406
2015-08-20,33.07756805419922,61.941192626953125,158.9746856689453,28.003925323486328,94.70464324951172,83.5522232055664,79.0297622680664,40.14362716674805,13.418089866638184,79.50785064697266
2015-08-21,32.152809143066406,59.07080841064453,155.59190368652344,27.599693298339844,91.263427734375,81.32682037353516,76.18974304199219,38.98555755615234,12.920531272888184,76.59526824951172
2015-08-24,30.894105911254883,56.76618957519531,150.10348510742188,26.67867088317871,88.41926574707031,77.18563842773438,74.69884490966797,36.14828109741211,12.270489692687988,73.80658721923828
2015-08-25,30.354650497436523,55.889923095703125,151.25894165039062,26.514942169189453,87.18579864501953,76.17330932617188,74.54232788085938,35.486541748046875,12.246413230895996,72.7608413696289
2015-08-26,31.604793548583984,58.932804107666016,153.64585876464844,27.226171493530277,91.08271026611328,77.88836669921875,76.68169403076172,36.379913330078125,12.888428688049316,75.7818832397461
2015-08-27,31.527734756469727,60.61639022827149,156.16201782226562,27.48200035095215,92.4419403076172,79.63690948486328,78.41854095458984,37.75303268432617,13.19338321685791,77.37763214111328
2015-08-28,32.075740814208984,60.31969833374024,156.13905334472656,27.717384338378903,92.33192443847656,80.40657043457031,77.6581802368164,38.0673713684082,13.12918186187744,77.47833251953125
2015-08-31,31.758922576904297,59.71940612792969,154.0561981201172,27.415498733520508,91.49913024902344,79.72054290771484,76.33135223388672,37.46351623535156,13.11313247680664,76.89734649658203
2015-09-01,30.83414459228516,59.36750411987305,151.33009338378906,26.622390747070312,89.28804016113281,76.4242935180664,74.74358367919922,36.040748596191406,12.50322151184082,74.33333587646484
2015-09-02,31.467792510986328,60.60260391235352,156.24627685546875,27.18523406982422,91.9808349609375,78.24809265136719,75.36975860595703,36.594974517822266,12.760852813720703,75.92134094238281
2015-09-03,31.596240997314453,60.89929962158203,157.13455200195312,27.420616149902344,92.07554626464844,78.62462615966797,75.7275390625,36.51224899291992,12.833312034606934,76.35511779785156
2015-09-04,31.056785583496094,60.32659149169922,155.1588592529297,26.80147933959961,90.35408782958984,78.06403350830078,74.63179016113281,35.62716293334961,12.599830627441406,74.82135009765625
2015-09-08,32.26411819458008,62.16198348999024,158.52056884765625,27.36944007873535,91.94132995605467,80.64920806884766,76.13752746582031,36.42953872680664,13.010432243347168,77.31566619873047
2015-09-09,31.758922576904297,61.36847686767578,156.72103881835938,27.12895393371582,89.99874877929688,80.398193359375,74.71379852294922,35.75950622558594,12.801106452941896,76.57978057861328
2015-09-10,32.20416641235352,61.67209243774414,157.862060546875,27.256866455078125,90.40935516357422,80.84998321533203,75.1386489868164,35.66851043701172,12.913820266723633,77.1142578125
2015-09-11,32.46962356567383,62.37588882446289,158.36746215820312,27.197397232055664,91.1595458984375,80.91690063476562,75.67537689208984,35.90839767456055,12.913820266723633,77.1684799194336
2015-09-14,32.16135787963867,62.21720123291016,157.74717712402344,27.12499046325684,90.5988998413086,78.77518463134766,74.66160583496094,35.70987701416016,12.849413871765137,76.8586196899414
2015-09-15,32.52955627441406,62.73469543457031,159.15615844726562,27.983482360839844,91.7439193725586,78.87555694580078,75.73499298095703,36.23928451538086,13.131196975708008,77.71073150634766
2015-09-16,32.76932144165039,62.72780227661133,158.94174194335938,28.62993621826172,93.03897094726562,79.53651428222656,75.69027709960938,36.28063201904297,13.147300720214844,78.20647430419922
2015-09-17,31.4592399597168,61.87910079956055,158.972412109375,28.283432006835938,93.11005401611328,79.02616119384766,75.54120635986328,36.594974517822266,12.768906593322754,77.87338256835938
2015-09-18,31.15096664428711,59.67800521850586,155.687255859375,27.95244789123535,90.90687561035156,77.96366882324219,73.81925201416016,35.842227935791016,12.52737045288086,75.94454956054688
2015-09-21,31.53629302978516,60.89238357543945,156.48367309570312,28.33513832092285,92.05977630615234,78.18118286132812,75.22066497802734,35.81740951538086,12.640091896057127,75.712158203125
2015-09-22,30.98828887939453,59.829811096191406,155.95523071289062,28.030033111572266,91.44383239746094,76.65018463134766,74.564697265625,35.13911819458008,12.535422325134276,74.39529418945312
2015-09-23,30.817026138305664,60.3334846496582,155.2737274169922,28.133451461791992,91.73601531982422,75.24466705322266,75.01194763183594,34.907501220703125,12.65618896484375,73.27213287353516
2015-09-24,30.876968383789062,59.167388916015625,156.797607421875,28.24205780029297,91.87026977539062,73.71369171142578,73.92363739013672,34.69243621826172,12.519320487976074,72.5207290649414
2015-09-25,30.86840057373047,58.87070083618164,156.13143920898438,28.33513832092285,92.18614196777344,73.9061050415039,73.50617980957031,33.799072265625,12.79305648803711,72.44326782226562
2015-09-28,30.34607696533203,57.01460266113281,153.32102966308594,28.252397537231445,90.10139465332033,70.70189666748047,71.82152557373047,32.31011962890625,12.454914093017578,70.94821166992188
2015-09-29,30.406024932861328,56.62130355834961,155.04403686523438,28.045541763305664,89.16168975830078,71.90662384033203,70.9046630859375,32.67407989501953,12.358301162719728,71.66861724853516
2015-09-30,30.92834854125977,57.33890914916992,158.75030517578125,28.133451461791992,91.19902801513672,73.3623046875,71.9184341430664,33.269649505615234,12.543475151062012,73.34955596923828
2015-10-01,31.03110122680664,58.39459991455078,156.7899932861328,28.04036521911621,92.41514587402344,75.40364074707031,72.23896026611328,33.71634292602539,12.519320487976074,73.36504364013672
2015-10-02,31.5876579284668,60.10579299926758,158.2143096923828,28.371337890625,93.03107452392578,77.520263671875,73.76708221435547,34.22920227050781,12.382452964782717,74.7826156616211
2015-10-05,32.18704605102539,60.69229888916016,162.13497924804688,28.821277618408203,94.1287078857422,79.1349105834961,76.01081085205078,34.23748016357422,12.632035255432127,76.20795440673828
2015-10-06,32.30693435668945,58.02888870239258,161.1165008544922,28.65579414367676,93.71810913085938,78.13935089111328,74.40814971923828,32.99668502807617,12.632035255432127,76.07626342773438
2015-10-07,32.24699020385742,58.26350784301758,163.06922912597656,28.90919685363769,94.48407745361328,78.90068817138672,75.29520416259766,33.608821868896484,12.680339813232422,77.06777954101562
2015-10-08,32.443931579589844,58.15311050415039,164.15663146972656,29.15226173400879,95.59748840332033,80.12212371826172,76.159912109375,34.0472297668457,12.680339813232422,78.29167938232422
2015-10-09,32.75341796875,58.90521240234375,163.30665588378906,29.37980079650879,95.81069946289062,80.28944396972656,76.03317260742188,34.65107345581055,12.543475151062012,78.36140441894531
2015-10-12,32.70184326171875,59.484806060791016,164.1259765625,29.71595573425293,96.26083374023438,81.43559265136719,76.83075714111328,34.386375427246094,12.49517059326172,78.624755859375
2015-10-13,32.51271057128906,58.74648666381836,162.3264617919922,29.798715591430664,96.03182983398438,81.30172729492188,76.0704574584961,34.045249938964844,12.49517059326172,77.32340240478516
2015-10-14,32.03129959106445,57.98060989379883,159.39353942871094,29.76249885559082,94.9736557006836,81.41888427734375,74.87776947021484,33.87886428833008,12.591777801513672,76.11495208740234
2015-10-15,32.280616760253906,60.20930480957031,160.18226623535156,29.9279899597168,96.1897430419922,83.0418930053711,76.33881378173828,34.83564376831055,13.034584999084473,76.30087280273438
2015-10-16,32.1258430480957,60.816524505615234,160.64175415039062,30.367582321166992,96.92414855957033,84.28007507324219,77.06185150146484,35.1268424987793,12.978229522705078,75.1622085571289
2015-10-19,31.696016311645508,61.03730773925781,161.30030822753906,30.853708267211918,97.20842742919922,84.64818572998047,77.15878295898438,35.068599700927734,12.994333267211914,75.27837371826172
2015-10-20,31.68743705749512,61.23049545288086,159.8376922607422,30.895078659057617,97.0110092163086,84.81547546386719,77.48786163330078,34.727481842041016,13.042635917663574,76.1304702758789
2015-10-21,31.481098175048828,60.74750518798828,162.0048370361328,30.946815490722656,97.36637878417967,84.19640350341797,77.2560043334961,35.11020278930664,12.801106452941896,76.51004028320312
2015-10-22,32.4869270324707,61.15459442138672,165.79537963867188,31.75357818603516,98.20340728759766,86.68951416015625,78.00395965576172,36.19179153442383,13.010432243347168,79.46138763427734
2015-10-23,32.727630615234375,62.072303771972656,167.94715881347656,31.57255744934082,98.4008560180664,86.9990463256836,77.74964904785156,36.27500915527344,13.300268173217772,79.8874282836914
2015-10-26,32.98551940917969,61.74110412597656,169.18765258789062,31.75357818603516,98.71672821044922,86.94886016845703,77.39064025878906,36.28330993652344,13.292219161987305,79.6163101196289
2015-10-27,32.959739685058594,65.6602783203125,170.7957305908203,31.577730178833008,98.29029846191406,86.11224365234375,78.75189971923828,36.507957458496094,13.203656196594238,79.36067962646484
2015-10-28,33.4239501953125,58.61540222167969,169.26426696777344,31.774259567260746,97.77699279785156,87.28348541259766,77.64494323730469,37.24010467529297,13.912148475646973,80.23601531982422
2015-10-29,33.40677261352539,57.877098083496094,167.12774658203125,31.82078742980957,97.62698364257812,87.24168395996094,77.6374740600586,37.63947296142578,13.759178161621094,79.74024963378906
2015-10-30,33.38956451416016,58.42910003662109,168.33767700195312,31.27262115478516,97.63487243652344,87.22492218017578,73.88273620605469,37.273399353027344,13.509597778320312,80.00361633300781
2015-11-02,34.171871185302734,59.71940612792969,168.91964721679688,31.28812789916992,98.24290466308594,87.00740814208984,75.0794448852539,37.79754638671875,13.735024452209473,80.70077514648438
2015-11-03,34.5587272644043,60.87859725952149,167.62547302246094,29.917652130126957,99.22998809814452,87.16638946533203,74.71298217773438,37.86410903930664,13.831640243530272,80.29022979736328
2015-11-04,34.79941940307617,60.361114501953125,167.57192993164062,30.01074981689453,99.00887298583984,86.89026641845703,74.47360229492188,37.58955001831055,13.694769859313965,80.07332611083984
2015-11-05,34.68767166137695,59.305397033691406,167.3958282470703,30.02107810974121,99.27738189697266,86.34648895263672,74.45117950439453,37.58955001831055,13.936301231384276,80.25150299072266
2015-11-06,34.919776916503906,58.42219543457031,165.88720703125,29.524608612060547,99.4826889038086,86.4724349975586,73.82288360595703,37.963958740234375,14.45156478881836,80.56133270263672
2015-11-09,34.472740173339844,57.60110855102539,164.40933227539062,29.519445419311523,98.31396484375,85.40621185302734,73.29183959960938,37.481388092041016,14.234187126159668,79.56207275390625
2015-11-10,34.318016052246094,57.63560104370117,163.9268798828125,29.369468688964844,98.91412353515624,84.89409637451172,73.17967224121094,38.07210540771485,14.371051788330078,79.32194519042969
2015-11-11,33.56148910522461,56.45570755004883,164.72328186035156,29.586669921875,98.47981262207033,85.30548858642578,70.94329071044922,37.49802017211914,14.290545463562012,79.98812866210938
2015-11-12,33.20903015136719,55.72106552124024,163.5516815185547,29.353952407836918,97.7690887451172,83.29056549072266,69.64932250976562,36.7658805847168,13.98460578918457,78.98883819580078
2015-11-13,32.065670013427734,54.86862564086914,163.22999572753906,29.1057186126709,94.7604522705078,84.6506118774414,68.66950225830078,36.57450866699219,13.847735404968262,78.29943084716797
2015-11-16,32.7706184387207,56.71906661987305,168.9808807373047,29.35912322998047,95.42377471923828,85.5909194946289,70.0233154296875,37.33995819091797,14.032914161682127,79.75574493408203
2015-11-17,32.77921295166016,57.502197265625,170.29806518554688,29.312578201293945,99.64061737060548,85.38941955566406,70.15044403076172,37.24842834472656,14.024863243103027,79.69729614257812
2015-11-18,33.26922607421875,58.618011474609375,170.93357849121094,29.50909805297852,99.92489624023438,87.50506591796875,71.19757080078125,38.10538101196289,14.363004684448242,81.07636260986328
2015-11-19,33.544307708740234,57.40517425537109,171.53089904785156,29.71595573425293,100.1775894165039,86.78305053710938,69.1781005859375,38.047142028808594,14.24223804473877,81.83991241455078
2015-11-20,33.81941223144531,56.71213912963867,173.1083984375,29.54529190063477,102.822998046875,87.83246612548828,68.75924682617188,38.28010940551758,14.21003246307373,82.29959869384766
2015-11-23,33.6474723815918,56.76758193969727,173.0853729248047,29.798715591430664,104.63134765625,88.54609680175781,68.48252868652344,37.80587005615234,14.065112113952637,81.48931884765625
2015-11-24,33.92255783081055,57.4744758605957,173.39170837402344,29.77284812927246,105.4999771118164,88.56287384033203,68.99860382080078,37.81417846679688,14.065112113952637,80.3829345703125
2015-11-25,33.75062942504883,57.80022048950195,172.9092559814453,29.736648559570312,106.32910919189452,89.37722778320312,70.23271942138672,37.78091430664063,14.040964126586914,80.7413558959961
2015-11-27,33.681861877441406,58.34078598022461,174.26699829101562,29.86594009399414,106.40019989013672,89.16735076904297,70.77872467041016,37.78922653198242,14.073163986206056,81.07636260986328
2015-11-30,33.501338958740234,58.23684310913086,169.05999755859375,29.788368225097656,105.72109985351562,88.77275848388672,70.37483978271484,37.37323760986328,14.032914161682127,80.99065399169922
2015-12-01,33.72483825683594,58.20912170410156,169.86224365234375,29.93833541870117,106.62528228759766,89.62908935546875,71.39205169677734,37.8225212097168,14.33885097503662,81.14649200439453
2015-12-02,33.26922607421875,57.73783874511719,168.8902587890625,29.91247940063477,106.133544921875,88.43694305419922,70.68148803710938,37.622833251953125,14.22581958770752,80.32841491699219
2015-12-03,32.50410842895508,56.78835678100586,166.20578002929688,29.524608612060547,103.84920501708984,87.56382751464844,69.4473876953125,36.73259353637695,13.967462539672852,79.78300476074219
2015-12-04,33.664669036865234,58.64573287963867,168.46604919433594,30.25897789001465,106.7046127319336,88.95745086669922,71.39952850341797,37.68939971923828,14.371145248413086,81.4581298828125
2015-12-07,33.37238693237305,58.81900405883789,169.03683471679688,30.134864807128903,106.22870635986328,88.14310455322266,72.05773162841797,37.905704498291016,14.161231994628906,81.16987609863281
2015-12-08,33.29500198364258,57.980411529541016,168.7899627685547,30.11417961120605,106.15730285644533,86.26255798339844,71.54911804199219,37.89738082885742,13.878646850585938,79.98558807373047
2015-12-09,33.16605758666992,57.75864028930664,167.8103485107422,29.648727416992188,104.6185531616211,85.25509643554688,71.04054260253906,37.40651321411133,13.805987358093262,79.3856201171875
2015-12-10,32.83076858520508,57.8140754699707,168.843994140625,29.57115173339844,105.126220703125,84.6926040649414,70.86101531982422,37.69770812988281,13.886722564697266,79.28436279296875
2015-12-11,31.988319396972656,56.62897109985352,167.548095703125,29.198808670043945,103.4605484008789,82.88761901855469,69.73906707763672,36.907318115234375,13.507258415222168,76.53404998779297
2015-12-14,32.36655807495117,57.218040466308594,167.06979370117188,29.74698829650879,104.70581817626952,82.04806518554688,70.38980102539062,37.281715393066406,13.563772201538086,77.11841583251953
2015-12-15,32.84798049926758,56.90620040893555,165.72755432128906,29.653902053833008,104.13475799560548,82.73648071289062,69.25289916992188,37.93067169189453,14.064348220825195,76.72102355957031
2015-12-16,33.44975280761719,58.708099365234375,167.7794647216797,30.486528396606445,105.41173553466795,84.13851928710938,72.97022247314453,38.313385009765625,14.33077621459961,81.09195709228516
2015-12-17,31.747604370117188,57.75864028930664,166.02069091796875,30.217613220214844,104.18233489990234,82.47621154785156,70.83856964111328,37.6561164855957,13.967462539672852,79.71288299560547
2015-12-18,31.24899673461914,57.18340301513672,163.6756591796875,29.54529190063477,103.34159088134766,80.839111328125,70.95076751708984,36.358192443847656,13.531481742858888,79.3388900756836
2015-12-21,31.30916976928711,58.83287048339844,166.2135467529297,29.70561408996582,104.15061950683594,81.6282958984375,71.76604461669922,36.64108276367188,13.701029777526855,79.93881225585938
2015-12-22,31.4553165435791,59.60906600952149,167.84115600585938,30.173076629638672,104.60271453857422,82.91279602050781,73.50128173828125,37.00714874267578,13.789838790893556,81.15425109863281
2015-12-23,31.747604370117188,59.636810302734375,168.11117553710938,30.51778984069824,105.57829284667967,84.15531158447266,73.68077087402344,37.52299118041992,13.999756813049316,81.77758026123047
2015-12-24,31.816375732421875,59.92094421386719,168.59715270996094,30.444669723510746,105.41173553466795,84.28123474121094,73.94256591796875,37.52299118041992,13.9432373046875,81.53604888916016
2015-12-28,31.627241134643555,59.49126434326172,168.4814453125,30.434223175048828,105.23722076416016,83.8698501586914,73.61344909667969,37.46474838256836,13.830208778381348,81.2867202758789
2015-12-29,31.8421688079834,60.17042541503906,170.0705108642578,30.773712158203125,106.0462646484375,84.44073486328125,74.31656646728516,38.12203598022461,13.951316833496094,82.07364654541016
2015-12-30,31.738998413085938,59.87241363525391,169.55368041992188,30.71103858947754,105.76866912841795,83.76070404052734,73.85279846191406,37.66442108154297,13.765615463256836,81.38801574707031
2015-12-31,31.40373420715332,59.01651763916016,167.509521484375,30.402877807617188,104.89617919921876,82.96318054199219,73.12731170654297,37.36491012573242,13.587998390197754,80.69458770751953
2016-01-04,30.859909057617188,57.557647705078125,164.4701690673828,29.97459983825684,103.9602279663086,82.24114990234375,72.14747619628906,35.71756362915039,13.265052795410156,79.91545104980469
2016-01-05,30.76494407653809,56.04681015014648,168.36572265625,30.580467224121094,103.45262908935548,82.53499603271484,72.3569107055664,35.7092399597168,13.265052795410156,80.5699234008789
2016-01-06,30.920330047607425,55.18742752075195,167.8797607421875,30.9042911529541,102.38186645507812,80.99024963378906,71.47432708740234,35.40971374511719,12.98247241973877,79.65837097167969
2016-01-07,30.24702453613281,56.25471115112305,164.53189086914062,30.36631393432617,99.46300506591795,79.96600341796875,70.44216918945312,34.56108474731445,12.514199256896973,77.31317901611328
2016-01-08,29.91036796569824,56.17156600952149,164.23873901367188,30.41855812072754,98.27325439453124,79.32796478271484,69.97842407226562,33.837257385253906,12.27198600769043,76.68988037109375
2016-01-11,30.160707473754883,56.150760650634766,166.1209259033203,31.055747985839844,99.76439666748048,79.29438018798828,70.99565124511719,33.887168884277344,12.360800743103027,76.68205261230469
2016-01-12,30.531883239746094,56.70521545410156,168.13430786132812,31.013973236083984,101.12071990966795,79.85686492919922,71.57154846191406,34.49452209472656,12.360800743103027,77.26641082763672
2016-01-13,29.41834831237793,55.39533615112305,165.3881378173828,30.17829704284668,96.29034423828124,78.11903381347656,70.38980102539062,33.72426223754883,12.029778480529783,75.65361022949219
2016-01-14,30.031221389770508,56.73985290527344,166.94635009765625,30.40811538696289,94.87849426269533,78.5555648803711,71.43694305419922,34.41080474853516,12.102441787719728,76.93138885498047
2016-01-15,29.452861785888672,55.39533615112305,166.61465454101562,29.8753662109375,94.5691909790039,77.1535415649414,70.23271942138672,33.94194793701172,11.674537658691406,75.77825164794922
2016-01-19,29.82405662536621,55.92897415161133,166.07467651367188,30.50212287902832,94.98955535888672,76.90170288085938,71.10034942626953,33.849853515625,11.496914863586426,75.83280181884766
2016-01-20,29.297483444213867,55.06264877319336,162.30250549316406,29.885814666748047,92.37210845947266,78.51360321044922,70.71343994140625,33.45634078979492,11.052863121032717,74.98355102539062
2016-01-21,29.452861785888672,54.7369499206543,162.60340881347656,30.005943298339844,95.35438537597656,77.17032623291016,70.98389434814453,33.054466247558594,10.786434173583984,75.24847412109375
2016-01-22,30.03985595703125,56.0260124206543,163.56756591796875,30.439435958862305,97.36904907226562,78.21137237548828,71.85542297363281,33.51494598388672,10.947906494140623,76.21459197998047
2016-01-25,29.642772674560547,54.54982376098633,162.7730712890625,30.50212287902832,96.53621673583984,76.49032592773438,70.67584228515625,33.205169677734375,10.46348476409912,75.17056274414062
2016-01-26,30.411039352416992,55.05574035644531,161.93997192382812,30.79459953308105,96.92487335205078,77.72444915771484,70.65331268310547,33.6237907409668,10.746064186096191,76.752197265625
2016-01-27,30.134809494018555,54.3696403503418,160.34315490722656,30.79459953308105,96.42516326904295,77.90913391113281,70.87870788574219,33.88334274291992,10.786434173583984,75.5445556640625
2016-01-28,30.49736213684082,53.78747177124024,159.4175567626953,31.14454841613769,96.98831176757812,77.31307220458984,70.24010467529297,30.73529624938965,10.923686981201172,76.33147430419922
2016-01-29,31.343307495117188,55.24981689453125,162.76539611816406,31.91754150390625,99.7485122680664,79.85686492919922,72.56916046142578,31.689754486083984,11.416176795959473,80.40630340576172
2016-02-01,31.35193252563477,55.49235916137695,161.83970642089844,31.828744888305664,100.34342956542967,80.2514419555664,73.11761474609375,32.19209289550781,11.270853996276855,80.15699005126953
2016-02-02,30.514625549316406,54.05775833129883,162.3411102294922,31.593719482421875,99.35987091064452,78.11061096191406,71.32949829101562,31.71487045288086,10.681474685668944,78.42732238769531
2016-02-03,30.8081169128418,53.23302459716797,164.24647521972656,31.254230499267575,98.18599700927734,79.84847259521484,71.65254211425781,31.83207893371582,10.519997596740724,79.59600830078125
2016-02-04,31.46416473388672,53.49640274047852,162.15597534179688,31.066200256347656,96.0603256225586,80.34381103515625,71.09658813476562,31.823713302612305,10.69762134552002,79.89985656738281
2016-02-05,30.81675338745117,52.11720657348633,163.490478515625,31.23334312438965,92.34831237792967,77.96788787841797,69.9471206665039,31.32137107849121,10.45541000366211,79.57263946533203
2016-02-08,30.73906898498535,50.53014373779297,165.4884490966797,31.400468826293945,88.71561431884766,75.26461791992188,67.35504150390625,31.36322784423828,9.906401634216309,79.10516357421875
2016-02-09,30.28155899047852,51.93008041381836,166.60696411132812,31.57283592224121,90.30987548828124,76.38956451416016,68.00119018554688,30.97810173034668,9.849885940551758,80.03231811523438
2016-02-10,30.38513946533203,52.678592681884766,165.04098510742188,31.36391830444336,90.68267822265624,76.68344116210938,69.95458221435547,31.15392303466797,9.672263145446776,79.93881225585938
2016-02-11,30.07437896728516,52.34591674804688,159.8186492919922,31.33257484436035,89.84186553955078,74.9455795288086,70.52560424804688,30.42551612854004,9.010221481323242,79.11294555664062
2016-02-12,30.67863655090332,53.42014694213867,158.97006225585938,31.322134017944336,92.26104736328124,77.05278778076172,72.02070617675781,31.086938858032227,9.64804458618164,80.62447357177734
2016-02-16,30.81675338745117,53.30179214477539,161.22259521484375,31.49448776245117,94.72779846191406,78.59756469726562,72.83212280273438,31.806974411010746,9.890254020690918,81.76978302001953
2016-02-17,31.61954498291016,54.42283630371094,164.10757446289062,31.54672241210937,96.13964080810548,80.06401062011719,73.39559936523438,32.19209289550781,10.14053440093994,82.68916320800781
2016-02-18,31.61954498291016,53.30179214477539,165.23382568359375,31.66162109375,95.15611267089844,79.802734375,72.79454040527344,32.074893951416016,9.882179260253906,82.95406341552734
2016-02-19,31.749011993408203,54.01201629638672,164.7864227294922,31.63028907775879,96.52034759521484,80.59491729736328,73.32048797607422,32.259090423583984,9.79336929321289,83.5773696899414
2016-02-22,32.03388214111328,54.86845016479492,165.85870361328125,31.969789505004883,97.4404296875,81.51358795166016,73.22283172607422,32.78654861450195,10.124393463134766,81.94121551513672
2016-02-23,31.550477981567383,54.81972122192383,165.96664428710938,32.13168716430664,98.77294158935548,79.9544448852539,72.68936920166016,32.141868591308594,9.81759262084961,81.2085952758789
2016-02-24,31.61954498291016,55.307125091552734,167.1083526611328,32.04812240600586,99.62954711914062,80.6370849609375,72.78704071044922,32.820037841796875,9.79336929321289,80.94215393066406
2016-02-25,32.18925857543945,55.64831161499024,169.73110961914062,32.580867767333984,100.62101745605467,81.75800323486328,73.92903900146484,33.180049896240234,9.946771621704102,81.63953399658203
2016-02-26,31.90439987182617,55.40461730957031,168.84507751464844,32.14213180541992,100.14512634277344,82.72718811035156,73.3730697631836,33.08795547485352,10.253568649291992,80.73062133789062
2016-02-29,31.749011993408203,54.96595001220703,167.7180938720703,32.15779495239258,98.44775390625,81.35343933105469,73.00493621826172,32.434906005859375,10.10824489593506,79.41422271728516
2016-03-01,32.79349899291992,55.94770431518555,169.5368194580078,32.24137115478516,99.70095825195312,83.9239501953125,73.85389709472656,32.92888641357422,10.649179458618164,82.9559097290039
2016-03-02,32.59496307373047,55.32801818847656,168.8140411376953,32.121238708496094,99.6137237548828,83.71322631835938,74.10183715820312,32.93726348876953,10.867997169494627,83.44172668457031
2016-03-03,32.70719146728516,55.64831161499024,169.83993530273438,32.50251007080078,100.57343292236328,84.5307388305664,74.66529083251953,32.50187683105469,10.940937042236328,84.60924530029297
2016-03-04,32.70719146728516,55.32102966308594,169.995361328125,32.89424514770508,99.5898895263672,86.37640380859375,74.59019470214844,32.80328369140625,10.973356246948242,84.7424545288086
2016-03-07,33.1129035949707,55.11216354370117,167.75697326660156,32.28314971923828,100.07372283935548,87.11804962158203,73.94403839111328,32.80328369140625,10.965250015258787,84.2096176147461
2016-03-08,32.9316291809082,55.97560119628906,167.3683624267578,32.539066314697266,101.06268310546876,85.55049133300781,74.4098892211914,32.794918060302734,10.584344863891602,84.29580688476562
2016-03-09,33.21648025512695,56.81809616088867,168.19996643066406,32.805450439453125,100.51238250732422,86.19941711425781,75.52181243896484,32.887020111083984,10.649179458618164,85.3536376953125
2016-03-10,32.845306396484375,56.1635856628418,168.31658935546875,32.90468215942383,100.40071105957033,86.73040771484375,74.63526916503906,32.67771530151367,10.754535675048828,84.90699768066406
2016-03-11,33.622188568115234,56.68580627441406,168.6973876953125,32.680702209472656,102.45035552978516,88.5002212524414,75.40160369873047,33.79962158203125,11.17596435546875,85.43199920654297
2016-03-14,33.40638732910156,56.76239013671875,168.34764099121094,32.680702209472656,102.75341796875,88.27266693115234,75.8974838256836,33.90846252441406,11.054399490356444,85.02452850341797
2016-03-15,33.4409065246582,56.62314224243164,168.6973876953125,32.601646423339844,103.4472885131836,88.28948974609375,76.01768493652344,33.406105041503906,10.99767017364502,85.15772247314453
2016-03-16,34.718475341796875,57.16624450683594,169.5834503173828,32.71232604980469,104.0374755859375,89.84867095947266,75.8674087524414,33.64054489135742,10.786954879760742,85.58869171142578
2016-03-17,35.055137634277344,58.0018196105957,170.40728759765625,32.84934616088867,104.3803939819336,92.20003509521484,75.96509552001953,33.732643127441406,10.859893798828123,86.99125671386719
2016-03-18,35.806129455566406,58.44743347167969,171.69749450683594,32.43300247192383,104.7552261352539,91.77862548828124,76.31819915771484,34.1512565612793,11.17596435546875,87.83753204345703
2016-03-21,35.91834259033203,58.175899505615234,171.9695281982422,32.527862548828125,104.48406982421876,91.77020263671876,76.43840026855469,34.12614059448242,11.216487884521484,88.2919921875
2016-03-22,35.719810485839844,57.65366744995117,171.5575714111328,32.148406982421875,104.14908599853516,92.57083892822266,76.58868408203125,34.35219192504883,11.151653289794922,88.52705383300781
2016-03-23,35.175968170166016,57.33336639404297,171.9695281982422,32.36448287963867,103.8540267944336,91.98089599609376,75.68709564208984,34.14289093017578,11.038190841674805,87.92372131347656
2016-03-24,35.36589813232422,57.32640075683594,169.435791015625,32.08515548706055,104.04541778564452,91.8207778930664,76.20552062988281,34.117774963378906,11.08681869506836,87.2263412475586
2016-03-28,35.06376266479492,57.64668273925781,170.25965881347656,32.480430603027344,104.5398941040039,92.20003509521484,76.5135726928711,34.226619720458984,11.038190841674805,87.44573974609375
2016-03-29,35.13282775878906,57.80683898925781,171.58091735839844,32.69123077392578,105.64846801757812,93.1860580444336,76.98689270019531,34.7205924987793,10.87610149383545,87.6808090209961
2016-03-30,35.36589813232422,58.23158645629883,173.29083251953125,32.981101989746094,106.40612030029295,94.30697631835938,78.17395782470703,34.87130355834961,10.924729347229004,87.89237976074219
2016-03-31,35.314090728759766,58.65632247924805,172.1560821533203,33.02326202392578,106.4140853881836,93.96142578125,77.93352508544922,35.021995544433594,10.957147598266602,87.79833984375
2016-04-01,35.529903411865234,60.36920928955078,173.40736389160156,33.234073638916016,107.54657745361328,95.32671356201172,78.7524642944336,35.32340621948242,10.989564895629885,88.72293090820312
2016-04-04,35.45221328735352,60.09767532348633,174.20021057128906,33.323665618896484,107.54657745361328,94.55138397216795,78.49700927734375,35.432247161865234,10.949041366577148,88.19012451171875
2016-04-05,34.98606872558594,58.04359436035156,175.35824584960938,33.165557861328125,107.33123016357422,93.91085052490234,77.52030181884766,35.197811126708984,10.68970012664795,87.58676147460938
2016-04-06,35.175968170166016,58.27336120605469,176.14324951171875,33.49758529663086,108.01708984375,94.45867156982422,77.6780776977539,36.043434143066406,10.754535675048828,88.5897445678711
2016-04-07,34.50266647338867,56.60922622680664,176.02664184570312,33.41852951049805,106.76498413085938,93.2197494506836,75.83736419677734,35.675045013427734,10.414152145385742,87.50060272216797
2016-04-08,34.83932876586914,56.657958984375,175.88670349121094,33.62406921386719,106.56560516357422,94.24797058105467,76.23555755615234,35.47411346435547,10.438468933105469,87.85317993164062
2016-04-11,34.86521530151367,56.504764556884766,174.6042938232422,33.3658332824707,106.07913208007812,94.1215362548828,75.70966339111328,35.566200256347656,10.51140308380127,87.71214294433594
2016-04-12,35.021183013916016,56.61616134643555,175.63803100585938,33.634605407714844,107.17174530029295,95.18346405029295,76.05524444580078,35.850860595703125,10.754535675048828,88.56624603271484
2016-04-13,35.79230117797852,56.45602416992188,175.94895935058594,32.71232604980469,106.74102783203124,96.27063751220705,75.9801025390625,36.51633071899414,11.17596435546875,89.9061279296875
2016-04-14,35.731658935546875,56.58135223388672,175.2183837890625,32.459346771240234,107.16374969482422,96.5066146850586,75.96509552001953,36.65110778808594,11.459620475769045,89.7337417602539
2016-04-15,35.541038513183594,56.70669937133789,175.5059356689453,32.50678634643555,107.67417907714844,97.2145767211914,76.8140869140625,36.56686401367188,11.346155166625977,89.8199234008789
2016-04-18,35.731658935546875,56.57439804077149,176.53961181640625,32.7650260925293,109.10173797607422,97.55165100097656,77.00941467285156,37.0217399597168,11.483932495117188,90.47032165527344
2016-04-19,35.57569885253906,56.98522186279297,176.0499267578125,32.5225830078125,108.01708984375,98.22586822509766,77.73065948486328,36.9375228881836,11.710857391357422,90.73670196533205
2016-04-20,35.6103515625,56.490821838378906,176.1044158935547,32.40137481689453,107.81773376464844,97.82135772705078,77.33462524414062,37.03859329223633,12.099867820739746,90.25089263916016
2016-04-21,35.51504898071289,56.09395980834961,175.70803833007812,31.71624565124512,107.34715270996094,92.92481994628906,76.36144256591797,36.96279525756836,12.075554847717283,90.04718017578125
2016-04-22,35.2637825012207,55.80150985717773,176.2987518310547,31.895435333251957,108.19258880615234,95.39413452148438,76.52741241455078,37.13126373291016,12.245745658874512,89.45948791503906
2016-04-25,35.33309555053711,55.97560119628906,175.88670349121094,32.26435470581055,108.18460083007812,94.89690399169922,76.91214752197266,37.07228088378906,12.124181747436523,88.73861694335938
2016-04-26,35.220462799072266,56.61616134643555,180.4413146972656,32.33287048339844,107.93736267089844,95.6975326538086,77.59110260009766,36.96279525756836,12.22953987121582,89.953125
2016-04-27,35.393733978271484,56.79025268554688,181.59942626953125,32.43826675415039,108.26434326171876,95.22560119628906,77.47795104980469,36.92066955566406,12.172807693481444,90.45462799072266
2016-04-28,34.943206787109375,55.94425964355469,180.87652587890625,32.77556610107422,105.85580444335938,95.04016876220705,76.35387420654297,34.04822540283203,11.986401557922363,89.81210327148438
2016-04-29,34.53598403930664,55.20268630981445,180.61231994628903,33.04961013793945,106.78095245361328,93.03435516357422,75.81822967529297,32.76782989501953,11.800005912780762,89.53787231445312
2016-05-02,34.917213439941406,56.09395980834961,181.28076171875,33.26569747924805,108.50357055664062,93.75071716308594,76.53491973876953,32.725711822509766,11.970194816589355,89.85128021240234
2016-05-03,34.38002395629883,56.72060394287109,182.4154815673828,33.307857513427734,107.29931640625,92.2843017578125,78.3983383178711,32.47299575805664,11.637916564941406,89.72592163085938
2016-05-04,34.0421142578125,56.74150085449219,183.43365478515625,33.323665618896484,107.79379272460938,91.51734924316406,78.38324737548828,32.093936920166016,11.451515197753906,88.48786926269531
2016-05-05,33.99013137817383,56.72060394287109,185.0891265869141,33.118133544921875,107.40301513671876,91.50894927978516,79.32624816894531,32.43086624145508,11.386679649353027,89.02854919433594
2016-05-06,34.146080017089844,55.307125091552734,186.73687744140625,33.165557861328125,108.22444915771484,91.61888885498048,79.09992218017578,31.98443031311035,11.435307502746582,89.15391540527344
2016-05-09,34.102760314941406,56.32373809814453,186.78353881835935,33.55030059814453,108.65511322021484,90.88300323486328,79.7713851928711,31.99285888671875,11.338053703308104,88.6680908203125
2016-05-10,34.674598693847656,56.3446159362793,189.9235076904297,34.045692443847656,109.66798400878906,91.97418975830078,80.04293060302734,32.093936920166016,11.5892915725708,90.06282806396484
2016-05-11,34.35403060913086,55.864166259765625,187.9571685791016,34.050960540771484,107.10794830322266,90.8660888671875,78.57938385009766,32.018123626708984,11.50824737548828,89.41248321533203
2016-05-12,34.5013313293457,55.61349868774414,190.37429809570312,34.26704025268555,107.02019500732422,90.92523956298828,79.09992218017578,32.009708404541016,11.459620475769045,89.4751968383789
2016-05-13,34.31936264038086,54.73615264892578,188.18251037597656,34.035152435302734,106.1748275756836,90.25701904296876,78.20972442626953,31.672752380371094,11.24890422821045,88.69947052001953
2016-05-16,34.63130187988281,55.16985702514648,188.84312438964844,34.13001251220703,107.93736267089844,91.49202728271484,78.87361145019531,32.22029113769531,11.2894287109375,89.9844970703125
2016-05-17,34.310691833496094,53.498043060302734,187.7239532470703,33.666236877441406,105.27361297607422,90.51925659179688,77.03284454345703,31.765419006347656,11.354265213012695,89.50006866455078
2016-05-18,34.19807434082031,53.54001998901367,187.7627868652344,33.19718170166016,105.09017181396484,89.99478149414062,76.58776092529297,31.79911231994629,11.90536403656006,88.75968933105469
2016-05-19,33.65221405029297,53.30918502807617,185.6720428466797,33.386905670166016,105.05826568603516,89.3603744506836,76.15773010253906,31.3695068359375,11.775691032409668,88.46827697753906
2016-05-20,34.146080017089844,54.01566696166992,186.5891876220703,33.18137741088867,105.15398406982422,89.84252166748047,75.03365325927734,31.672752380371094,11.767589569091797,89.17715454101562
2016-05-23,33.946815490722656,53.53301239013672,186.16172790527344,33.328941345214844,104.81104278564452,90.02861785888672,73.98503875732422,31.479019165039062,11.72706699371338,88.8463363647461
2016-05-24,34.570640563964844,53.96671295166016,187.28868103027344,33.61880874633789,106.3582534790039,91.15365600585938,73.4645004272461,31.99285888671875,11.897256851196287,90.08294677734376
2016-05-25,34.769927978515625,54.30247497558594,187.1876373291016,33.687313079833984,106.23062896728516,91.62737274169922,73.59275817871094,32.58250427246094,12.091760635375977,90.3585968017578
2016-05-26,34.61396026611328,53.7078857421875,187.73167419433597,33.729469299316406,106.90857696533205,91.10291290283205,73.14007568359375,32.7594108581543,11.913467407226562,89.94117736816406
2016-05-27,34.71792984008789,53.86177062988281,187.8882598876953,33.70838928222656,106.82081604003906,91.86420440673828,73.13256072998047,33.10477828979492,12.059346199035645,90.05143737792969
2016-05-31,34.83056640625,54.1415901184082,184.8674774169922,33.53974533081055,105.9149169921875,91.08597564697266,72.76287841796875,33.38274002075195,11.986401557922363,89.6575927734375
2016-06-01,34.88255310058594,54.631229400634766,186.3152618408203,33.913936614990234,105.6824951171875,91.33977508544922,72.8609619140625,33.27324295043945,12.083988189697266,89.7442626953125
2016-06-02,33.49626922607422,55.33073806762695,186.1196136474609,33.89285659790039,106.14742279052734,91.5258560180664,72.72515869140625,33.29851150512695,12.149044036865234,90.20896911621094
2016-06-03,33.87748336791992,55.03694534301758,186.97267150878903,34.41461181640625,105.6103057861328,91.0775375366211,72.60445404052734,33.00368881225586,11.72618579864502,90.41374969482422
2016-06-06,34.172080993652344,55.0229606628418,187.34825134277344,34.361907958984375,103.56610107421876,91.45817565917967,72.65726470947266,32.995262145996094,11.807506561279297,91.00447845458984
2016-06-07,33.90349578857422,55.344722747802734,187.4265289306641,34.309200286865234,104.15130615234376,91.1621322631836,72.8911361694336,32.79309844970703,11.66926097869873,90.85484313964844
2016-06-08,34.033443450927734,55.56857299804688,188.11517333984372,34.583255767822266,103.8867645263672,93.8520736694336,74.16608428955078,32.776248931884766,11.734314918518066,91.42193603515624
2016-06-09,33.834163665771484,55.26778411865234,188.3420867919922,34.709739685058594,103.65428924560548,93.41219329833984,73.1702651977539,32.742549896240234,11.539152145385742,92.31983947753906
2016-06-10,33.56557083129883,57.68804931640625,188.27175903320312,34.85203552246094,103.27751159667967,92.40557098388672,72.9288558959961,32.34665298461914,11.246405601501465,91.90240478515624
2016-06-13,33.46160125732422,59.0101318359375,186.21353149414065,34.466651916503906,102.47583770751952,91.0944595336914,72.25743865966797,31.891769409179688,11.059371948242188,90.68155670166016
2016-06-14,33.643550872802734,58.99613571166992,187.5830078125,34.711177825927734,100.39954376220705,90.57843780517578,72.7176284790039,31.723297119140625,10.782883644104004,90.9808578491211
2016-06-15,33.30564880371094,58.20570373535156,187.3873748779297,34.72711181640625,101.43367767333984,90.1893310546875,72.43846893310547,31.52956199645996,10.847941398620604,90.9887237548828
2016-06-16,33.478939056396484,58.16373062133789,187.7160797119141,35.05669403076172,102.09904479980467,90.47695922851562,72.06884002685547,31.588531494140625,10.823543548583984,91.201416015625
2016-06-17,34.38002395629883,57.8139877319336,185.9083709716797,34.76433181762695,101.92269897460938,91.50894165039062,71.54830169677734,31.49586677551269,10.896732330322266,91.30377960205078
2016-06-20,34.423343658447266,58.00984191894531,186.7534637451172,35.01947784423828,102.3075180053711,91.71195220947266,70.33367919921875,31.79911231994629,11.010579109191896,92.2017059326172
2016-06-21,34.64862060546875,58.198692321777344,186.6830902099609,35.17894744873047,102.40369415283205,91.4074249267578,70.3185806274414,31.782262802124023,11.075634956359863,92.39073944091795
2016-06-22,34.66595458984375,58.57643127441406,186.3856964111328,35.16300201416016,102.29147338867188,91.19595336914062,70.71089172363281,32.633056640625,11.067500114440918,91.81575775146484
2016-06-23,35.37642288208008,59.49977493286133,187.8178558349609,35.248046875,102.84459686279295,94.0804443359375,70.92965698242188,33.38274002075195,11.417170524597168,92.40647888183594
2016-06-24,33.99013137817383,57.20540237426758,187.5830078125,35.625457763671875,101.3294677734375,86.8988265991211,70.56755065917969,31.933881759643555,10.571456909179688,88.98812866210938
2016-06-27,33.34030532836914,55.533599853515625,187.2621917724609,36.109188079833984,99.9425811767578,83.48138427734375,70.3412094116211,31.125225067138672,9.904643058776855,87.79090118408203
2016-06-28,33.90349578857422,55.876346588134766,188.52996826171875,36.09855651855469,102.2353286743164,85.06320190429688,70.68827056884766,31.63906478881836,10.327500343322754,89.83879089355469
2016-06-29,35.133819580078125,58.19171524047852,191.01068115234372,36.05602645874024,102.1070785522461,86.69580078125,71.22386932373047,32.48985290527344,10.725959777832031,90.15382385253906
2016-06-30,35.463069915771484,58.247657775878906,194.21142578125,36.65669250488281,102.36360931396484,88.0999755859375,72.22726440429688,33.11320114135742,10.791015625,91.61883544921876
2016-07-01,35.53263092041016,58.10078811645508,195.1349029541016,36.6885871887207,103.91081237792967,88.4129638671875,71.66899871826172,33.30693435668945,10.6527738571167,91.76062774658205
2016-07-05,35.13260269165039,58.42254257202149,195.2600860595703,37.00222396850586,103.69434356689452,86.83113861083984,71.65392303466797,33.22270202636719,10.360026359558104,90.76033020019533
2016-07-06,35.24565887451172,57.04450225830078,195.7061462402344,37.06069946289063,105.47403717041016,87.10182189941406,72.46867370605469,34.39358901977539,10.457608222961426,92.01268768310548
2016-07-07,35.24565887451172,56.31005096435547,195.46356201171875,36.837440490722656,105.14535522460938,87.15258026123047,72.04619598388672,34.84003829956055,10.57958698272705,91.45345306396484
2016-07-08,35.54132461547852,57.21939468383789,197.1304473876953,37.11915588378906,107.6946258544922,89.9355697631836,72.98165893554688,35.28648376464844,10.70969581604004,93.6037139892578
2016-07-11,35.46305847167969,57.36630630493164,199.0790252685547,37.14041519165039,108.34395599365234,90.18087768554688,73.05711364746094,35.48021697998047,10.742226600646973,93.39105224609376
2016-07-12,36.01961135864258,56.81369400024414,199.32162475585935,36.60885238647461,108.09542083740234,91.94879913330078,72.77042388916016,35.775054931640625,11.010579109191896,93.74547576904295
2016-07-13,36.05440521240234,57.19840621948242,200.2606964111328,36.72048568725586,107.06930541992188,92.6001434326172,73.6530990600586,35.571651458740234,10.92926025390625,93.76912689208984
2016-07-14,36.23701858520508,58.60441207885742,200.33901977539065,36.63542938232422,107.85494232177734,91.88959503173828,73.52483367919922,35.834373474121094,11.100030899047852,93.80061340332033
2016-07-15,36.323978424072266,57.71604919433594,201.10595703125,36.89590072631836,108.04736328125,92.43092346191406,73.24569702148438,35.68181610107422,11.108161926269531,93.91089630126952
2016-07-18,36.21092987060547,57.904911041259766,200.56591796875,36.7683219909668,109.29793548583984,92.45635223388672,73.07974243164062,35.67335891723633,11.47409725189209,93.64308166503906
2016-07-19,35.72394561767578,57.50619125366211,202.65542602539065,36.79490661621094,109.8109893798828,91.67810821533205,73.42452239990234,35.42755126953125,11.596075057983398,94.0054168701172
2016-07-20,35.871768951416016,57.71604919433594,200.8633270263672,36.68327713012695,110.15570068359376,93.07383728027344,73.50028991699219,36.14797592163086,11.709920883178713,94.4228744506836
2016-07-21,35.71525192260742,57.14945983886719,198.8833770751953,36.53443908691406,109.08152770996094,91.85574340820312,73.46239471435547,36.4785385131836,11.604207992553713,93.46192932128906
2016-07-22,35.72394561767578,56.90461730957031,201.3641815185547,36.60354995727539,109.44225311279295,91.06061553955078,73.1593017578125,36.58871078491211,11.693655967712402,91.0595932006836
2016-07-25,35.79352188110352,57.05851745605469,200.0416259765625,36.5716438293457,109.42619323730467,90.16397857666016,71.25737762451172,36.7921142578125,11.685527801513672,90.965087890625
2016-07-26,35.602203369140625,56.89064025878906,199.3685760498047,36.109188079833984,109.62665557861328,90.30775451660156,71.11341094970703,36.953155517578125,11.815635681152344,91.32742309570312
2016-07-27,35.59351348876953,55.91832733154297,198.89907836914065,35.48195266723633,109.27389526367188,89.74100494384766,70.26473236083984,37.01247787475586,11.896958351135254,90.5476531982422
2016-07-28,35.81960678100586,55.58254623413086,199.2042236328125,35.673309326171875,110.59662628173828,89.22501373291016,70.76485443115234,37.673561096191406,11.937613487243652,91.1777572631836
2016-07-29,35.68915557861328,55.4356689453125,197.7799835205078,35.98692321777344,110.8210906982422,88.57366943359375,70.25718688964844,37.92781829833984,11.783106803894045,91.6267318725586
2016-08-01,35.784820556640625,55.44965362548828,199.4311981201172,35.960350036621094,111.2459945678711,88.53985595703125,70.84062957763672,38.385498046875,11.652997016906738,91.2722625732422
2016-08-02,35.40217971801758,55.22581481933594,201.1215667724609,35.79555892944336,110.0033950805664,87.71089935302734,74.30348205566406,38.19903945922852,11.490360260009766,90.93360900878906
2016-08-03,35.40217971801758,55.68049621582031,201.00418090820312,35.27995300292969,109.87511444091795,88.25223541259766,73.82610321044922,38.09733963012695,11.77497673034668,91.37467193603516
2016-08-04,35.567413330078125,55.85536956787109,201.70849609375,35.412837982177734,109.06543731689452,88.05769348144531,73.47754669189453,37.97869491577149,11.77497673034668,91.32742309570312
2016-08-05,35.767425537109375,56.331016540527344,203.6962127685547,35.364994049072266,109.75487518310548,88.33684539794922,73.7806396484375,38.360084533691406,12.23849391937256,91.6582260131836
2016-08-08,35.79352188110352,56.40098571777344,203.6179656982422,35.34373474121094,109.19371795654295,88.71893310546875,73.63668060302734,38.15666580200195,12.303546905517578,91.39830017089844
2016-08-09,35.741336822509766,56.58285903930664,203.98577880859372,35.412837982177734,109.11354064941406,88.62554931640625,73.84126281738281,38.20752334594727,12.35234260559082,91.5715789794922
2016-08-10,35.732627868652344,57.70904922485352,204.486572265625,35.52977752685547,108.70470428466795,88.89727020263672,73.58364868164062,37.97869491577149,12.043330192565918,91.39044189453124
2016-08-11,35.89787292480469,57.9958610534668,205.45703125,35.47661590576172,109.85911560058594,88.93972778320312,73.50028991699219,38.182106018066406,12.100252151489258,91.6582260131836
2016-08-12,35.732627868652344,58.28263092041016,206.71697998046875,35.47661590576172,109.48230743408205,88.3028564453125,73.82610321044922,38.173622131347656,12.124648094177246,91.445556640625
2016-08-15,35.99353790283203,58.485496520996094,208.55601501464844,35.221473693847656,109.87511444091795,88.70196533203125,73.93976593017578,38.2668571472168,12.214098930358888,92.02840423583984
2016-08-16,35.932655334472656,57.918907165527344,200.94155883789065,35.221473693847656,109.20977783203124,88.01416015625,73.92460632324219,38.071922302246094,12.336078643798828,91.54796600341795
2016-08-17,35.83698654174805,57.98566436767578,200.05728149414065,35.327781677246094,109.14559936523438,87.96321868896484,73.91703796386719,37.86850738525391,12.319815635681152,91.66273498535156
2016-08-18,35.776119232177734,58.0770149230957,199.8850860595703,35.248046875,108.06340789794922,88.1160659790039,73.63668060302734,37.59729766845703,12.327942848205566,91.72608184814452
2016-08-19,35.932655334472656,58.03484725952149,198.86778259277344,35.25868225097656,108.59246826171876,88.93123626708984,73.50028991699219,37.49558639526367,12.376736640930176,91.92401885986328
2016-08-22,35.845703125,58.1402587890625,198.93035888671875,35.26401138305664,108.49628448486328,89.33880615234375,74.25802612304688,37.43624877929688,12.344208717346191,92.29610443115234
2016-08-23,36.08918762207031,57.88727569580078,195.4479217529297,35.327781677246094,109.20176696777344,90.38326263427734,73.7048568725586,37.20741271972656,12.48245334625244,92.63655090332033
2016-08-24,35.71525192260742,57.24783706665039,194.1723175048828,35.16831588745117,108.27183532714844,90.34080505371094,73.62909698486328,36.58871078491211,12.523110389709473,92.43863677978516
2016-08-25,35.741336822509766,56.34136581420898,194.49317932128903,35.04074478149414,108.56842803955078,90.6465072631836,71.06036376953125,36.30900955200195,12.628825187683104,92.44650268554688
2016-08-26,35.880470275878906,55.7862663269043,191.29241943359372,34.99290084838867,107.71067810058594,89.79737854003906,70.66633605957031,36.42767333984375,12.840250968933104,92.43069458007812
2016-08-29,35.923954010009766,56.46083068847656,191.1829071044922,35.13642120361328,108.4161148071289,91.36827850341795,70.52993774414062,36.65650939941406,12.880914688110352,92.76319885253906
2016-08-30,35.923954010009766,56.58027648925781,188.66163635253903,35.01947784423828,108.05350494384766,91.0965347290039,70.31022644042969,36.30054473876953,13.165531158447266,92.64444732666016
2016-08-31,35.845703125,56.71379470825195,191.4349670410156,35.131103515625,108.0696258544922,89.90776062011719,70.77243041992188,35.614017486572266,13.185951232910156,92.3990249633789
2016-09-01,35.79352188110352,57.29702758789063,191.9392547607422,35.25336456298828,108.15825653076172,89.99266815185547,70.74968719482422,35.85133743286133,13.055237770080566,91.9398422241211
2016-09-02,35.871768951416016,57.77483367919922,191.71075439453125,35.55104446411133,108.8995590209961,90.89275360107422,71.10581970214844,35.67335891723633,13.071574211120604,92.14568328857422
2016-09-06,35.871768951416016,57.3672981262207,191.45867919921875,35.72114181518555,108.05350494384766,91.38528442382812,70.74213409423828,35.7326774597168,12.89184284210205,91.60734558105467
2016-09-07,35.871768951416016,58.23862838745117,190.1743927001953,35.46599197387695,106.99797058105467,90.6295394897461,70.93153381347656,35.51232147216797,12.82648468017578,90.4435577392578
2016-09-08,35.41089630126953,59.49645233154297,190.37925720214844,35.295902252197266,105.76513671875,89.41523742675781,70.55268859863281,35.469940185546875,12.95720100402832,90.11100769042967
2016-09-09,34.81085205078125,58.2667236328125,187.4718475341797,33.7862548828125,102.9288330078125,85.64502716064453,69.347900390625,34.757999420166016,12.859166145324709,88.67807006835938
2016-09-12,35.37610626220703,58.72348785400391,188.1494903564453,34.376277923583984,103.61375427246094,87.2584228515625,69.74195098876953,35.10549545288086,12.98987865447998,89.84976959228516
2016-09-13,34.9412841796875,57.79593276977539,187.05430603027344,34.102596282958984,101.30120849609376,85.8998031616211,68.90084075927734,34.44439697265625,12.842827796936035,88.35344696044922
2016-09-14,35.002159118652344,56.90352249145508,187.05430603027344,33.87186050415039,101.7363052368164,85.49217987060547,67.77182006835938,34.588478088378906,12.769298553466797,90.2772979736328
2016-09-15,35.53263092041016,57.19865417480469,188.37796020507807,33.94161605834961,102.30033111572266,85.96770477294922,68.309814453125,34.851226806640625,12.801974296569824,91.26689910888672
2016-09-16,33.84556198120117,57.26189804077149,187.0858154296875,33.70012664794922,101.61540985107422,85.09309387207031,68.28706359863281,35.48688888549805,12.654922485351562,90.45938110351562
2016-09-19,34.11515808105469,56.78406524658203,189.78831481933597,33.6572151184082,101.7604751586914,85.83183288574219,67.56719970703125,35.32585525512695,12.736617088317873,90.68104553222656
2016-09-20,33.976009368896484,56.66460800170898,189.4731292724609,33.791358947753906,102.1956024169922,85.98470306396484,68.18856048583984,35.24110412597656,12.74478530883789,90.94232177734376
2016-09-21,34.35865020751953,56.62245178222656,192.10472106933597,34.075775146484375,103.22699737548828,87.00366973876953,68.39313507080078,35.529266357421875,12.785635948181152,91.7815170288086
2016-09-22,34.35865020751953,57.88727569580078,194.3108367919922,34.408485412597656,103.74266815185548,87.58109283447266,68.62805938720703,35.78355026245117,12.74478530883789,92.4940414428711
2016-09-23,34.11515808105469,57.65538787841797,193.6962890625,34.27431869506836,102.96913146972656,87.69149017333984,68.6507568359375,35.75810241699219,12.679426193237305,91.82110595703124
2016-09-26,33.94122314453125,56.69272232055664,193.4519805908203,33.82355499267578,101.0836410522461,86.73194885253906,68.1355209350586,35.32585525512695,12.328132629394531,91.78939056396484
2016-09-27,34.176021575927734,56.89649200439453,193.6569061279297,33.97917938232422,102.18753051757812,86.99517822265625,68.62045288085938,35.87677383422852,12.491525650024414,92.00318145751952
2016-09-28,34.29777526855469,56.67866516113281,193.6253662109375,34.220672607421875,103.35590362548828,87.94622039794922,68.3324966430664,35.84284973144531,12.56505298614502,92.75530242919922
2016-09-29,34.01949691772461,55.65977478027344,190.9386138916016,33.71086883544922,103.08192443847656,86.66400909423828,67.85515594482422,35.122440338134766,12.385319709777832,91.9873504638672
2016-09-30,34.158634185791016,56.65056228637695,188.8743133544922,33.930885314941406,103.68624877929688,87.7679214477539,67.43083190917969,35.84284973144531,12.785635948181152,92.30401611328124
2016-10-03,33.90644454956055,56.481910705566406,189.55197143554688,33.72696304321289,103.54122161865234,87.8358383178711,65.9911117553711,36.0632209777832,12.769298553466797,92.36605072021484
2016-10-04,33.80207824707031,56.383522033691406,186.81005859375,33.15278625488281,103.29950714111328,86.6554946899414,65.33187103271484,35.68181610107422,12.90818214416504,91.434814453125
2016-10-05,34.04557418823242,56.5732650756836,186.4160919189453,32.85226821899414,102.7999038696289,86.25642395019531,65.3167495727539,36.224266052246094,13.161447525024414,91.73726654052734
2016-10-06,33.80207824707031,56.42570877075195,184.9348602294922,33.15278625488281,104.90296936035156,86.77440643310547,65.5364761352539,36.419189453125,13.25131130218506,92.01583099365234
2016-10-07,33.793365478515625,56.13056182861328,183.99729919433597,33.2279167175293,103.38815307617188,79.59061431884766,65.46829223632812,36.419189453125,13.177785873413086,85.11524963378906
2016-10-10,33.71479034423828,55.96894836425781,183.8081512451172,33.136688232421875,102.53401947021484,79.69252014160156,65.79412841796875,36.86838912963867,13.316669464111328,85.0038070678711
2016-10-11,33.18226623535156,54.86573791503906,182.6735992431641,33.26546859741211,101.40593719482422,78.37632751464844,65.46829223632812,34.8851318359375,13.161447525024414,84.19198608398438
2016-10-12,33.217185974121094,55.02032852172852,182.87057495117188,33.56061935424805,102.08277893066406,78.07061004638672,66.27906799316406,34.953365325927734,13.096086502075195,85.5052490234375
2016-10-13,33.19971466064453,54.95004653930664,183.5718231201172,33.641109466552734,101.7604751586914,78.22348022460938,66.6806640625,34.953365325927734,12.932690620422363,86.16585540771484
2016-10-14,33.531455993652344,55.0273666381836,183.2408905029297,33.506954193115234,101.86521911621094,78.63107299804688,67.286865234375,34.791316986083984,13.071574211120604,86.7548599243164
2016-10-17,33.42670822143555,54.81654739379883,183.3984832763672,33.501583099365234,100.83383178710938,78.6820297241211,65.66532135009766,34.62071990966797,13.11242389678955,85.99076080322266
2016-10-18,33.540191650390625,54.86573791503906,183.41421508789065,33.62501525878906,101.31730651855467,78.80938720703125,66.06689453125,35.11542510986328,13.28398895263672,85.8554458618164
2016-10-19,33.47908401489258,54.23332214355469,183.05177307128903,33.222537994384766,101.43816375732422,78.59709930419922,65.46829223632812,34.126007080078125,13.45555305480957,86.17382049560547
2016-10-20,33.252105712890625,56.93164443969727,182.65786743164065,33.19034576416016,101.72824096679688,78.6820297241211,66.47725677490234,34.748661041259766,13.529078483581545,86.07035064697266
2016-10-21,33.11243438720703,57.31811141967773,181.6256866455078,34.1830940246582,102.01026916503906,78.44426727294922,66.56102752685547,34.54396057128906,13.618947982788086,86.72300720214844
2016-10-24,33.40924072265625,58.40024185180664,182.9178771972656,34.853885650634766,102.96106719970705,79.17450714111328,67.01028442382812,34.467185974121094,13.70064926147461,86.96178436279297
2016-10-25,33.48781204223633,57.93647766113281,196.39085388183597,34.725093841552734,99.38346099853516,77.45923614501953,66.56102752685547,34.279544830322266,13.659796714782717,86.81057739257812
2016-10-26,33.44416809082031,57.83106994628906,197.0447998046875,34.62312698364258,98.8758316040039,78.56312561035156,66.682861328125,34.08335876464844,13.782343864440918,87.09709167480469
2016-10-27,33.365596771240234,57.732704162597656,195.81570434570312,34.5748405456543,98.51321411132812,79.26791381835938,66.39348602294922,34.364830017089844,13.815023422241213,86.6195297241211
2016-10-28,33.32194519042969,56.98784255981445,195.3981170654297,35.35294723510742,99.57683563232422,78.8603286743164,63.47700500488281,33.72513198852539,13.627118110656738,87.41545104980469
2016-10-31,33.540191650390625,58.13323593139648,194.1217193603516,35.481727600097656,98.31177520751952,79.08110809326172,64.04052734375,33.46925354003906,13.480063438415527,87.29606628417969
2016-11-01,33.57510757446289,57.943504333496094,193.0186767578125,35.138301849365234,96.60355377197266,78.74994659423828,63.54554748535156,33.30719375610352,13.56993007659912,86.87421417236328
2016-11-02,33.19971466064453,57.571075439453125,193.1210479736328,34.94511413574219,96.92586517333984,78.44426727294922,63.9262924194336,33.008663177490234,13.463722229003906,86.32505798339844
2016-11-03,33.44416809082031,56.76298522949219,188.07066345214844,34.91827392578125,96.83724212646484,77.90926361083984,62.11397552490234,32.73573303222656,13.463722229003906,86.23751068115234
2016-11-04,33.417964935302734,56.46083068847656,186.1639862060547,34.54800796508789,97.42545318603516,78.80938720703125,62.6774787902832,33.3413200378418,13.520913124084473,86.15790557861328
2016-11-07,34.125091552734375,57.23377990722656,188.51980590820312,35.025596618652344,99.7138214111328,80.11708068847656,63.4998664855957,33.998077392578125,13.896721839904783,88.54568481445312
2016-11-08,34.16002655029297,56.27812957763672,188.45675659179688,35.33148193359375,100.11671447753906,80.79075622558594,55.99165344238281,33.97247695922852,13.88855266571045,88.04423522949219
2016-11-09,34.52666473388672,57.29702758789063,199.70004272460935,34.36555099487305,101.54293060302734,81.2597885131836,58.298946380615234,34.177181243896484,14.681015014648438,89.42910766601562
2016-11-10,34.552879333496094,56.82622528076172,202.701904296875,33.120582580566406,103.9682846069336,82.60717010498047,58.84722900390625,34.63777542114258,15.326417922973633,90.08972930908205
2016-11-11,34.43936920166016,56.95272064208984,204.1988983154297,33.142032623291016,104.62902069091795,81.66910552978516,57.179569244384766,34.23689651489258,15.538838386535645,90.13748168945312
2016-11-14,34.30841827392578,57.45161437988281,210.5572052001953,32.83616638183594,102.8724365234375,81.90789794921875,57.87252807617188,33.43513870239258,16.404829025268555,89.97034454345703
2016-11-15,34.1949348449707,58.789344787597656,209.5251007080078,33.16887664794922,100.23758697509766,82.06136322021484,57.141483306884766,33.9554328918457,16.470186233520508,90.03401947021484
2016-11-16,34.6576042175293,58.72581481933594,207.4923095703125,33.62501525878906,100.98693084716795,82.1722412109375,56.77599334716797,34.07484817504883,16.13522720336914,89.88591003417969
2016-11-17,35.13775634765625,59.29057693481445,207.4371490478516,33.705501556396484,103.88768005371094,82.38542938232422,56.5551643371582,34.45012664794922,16.404829025268555,90.5504150390625
2016-11-18,34.79730224609375,58.78227233886719,207.2873992919922,33.68403625488281,103.40423583984376,81.17449951171875,56.38002395629883,33.98102188110352,16.3394718170166,89.74178314208984
2016-11-21,34.82347869873047,59.5941047668457,207.5475006103516,34.17772674560547,103.31562042236328,82.02728271484375,56.5018424987793,33.91278076171875,16.609073638916016,89.8378677368164
2016-11-22,34.998085021972656,59.24113464355469,208.5244140625,34.456787109375,105.53953552246094,82.39395904541016,56.03737258911133,32.49692153930664,16.584562301635742,90.0860824584961
2016-11-23,35.00680923461914,59.332916259765625,208.31954956054688,34.354820251464844,105.72489166259766,83.22113800048828,56.098270416259766,33.24748229980469,16.796979904174805,91.13489532470705
2016-11-25,35.15521240234375,59.601165771484375,209.5172576904297,34.601680755615234,106.01493072509766,83.681640625,56.3952522277832,33.40102005004883,17.042064666748047,91.4070816040039
2016-11-28,35.18141555786133,60.2506103515625,209.5251007080078,34.789485931396484,105.26554107666016,83.01647186279297,56.94350814819336,33.04279327392578,16.584562301635742,91.15088653564452
2016-11-29,35.399654388427734,60.3776741027832,211.48455810546875,34.97731018066406,104.99826049804688,83.57075500488281,57.78114318847656,33.03424835205078,16.576393127441406,90.74256134033205
2016-11-30,35.08537673950195,59.81291961669922,210.4294891357422,34.30652618408203,104.82001495361328,81.80554962158203,58.55022811889648,32.4713134765625,17.318492889404297,91.22293853759766
2016-12-01,33.784629821777344,59.452903747558594,211.34176635742188,33.74844741821289,104.87672424316406,81.21715545654297,58.45122909545898,32.07042694091797,17.630096435546875,91.00677490234376
2016-12-02,33.61003112792969,60.08116912841797,212.30963134765625,34.338714599609375,105.20075988769533,80.6543197631836,59.10611724853516,32.32632064819336,17.4086971282959,90.03002166748047
2016-12-05,34.02033233642578,60.003536224365234,211.7622528076172,34.09186935424805,105.04683685302734,81.85672760009766,59.38785934448242,32.77838134765625,17.908897399902344,90.37428283691406
2016-12-06,34.45683670043945,59.798805236816406,211.0244598388672,34.50507354736328,104.285400390625,82.05286407470703,60.47677993774414,32.76984405517578,18.17130470275879,90.52639770507812
2016-12-07,35.19887161254883,59.996463775634766,211.32589721679688,35.10073471069336,107.2988052368164,83.72425842285156,61.32201385498047,32.821022033691406,18.50750732421875,93.28054809570312
2016-12-08,35.22507095336914,59.49526977539063,205.6695098876953,35.07390594482422,107.3554916381836,84.77315521240234,59.479248046875,32.99161148071289,18.81910896301269,92.59200286865234
2016-12-09,35.373470306396484,60.98476409912109,205.89163208007807,35.562232971191406,108.05211639404295,84.67936706542969,61.0174446105957,33.43513870239258,18.93390655517578,93.0563735961914
2016-12-12,35.3647346496582,61.16126251220703,200.79849243164065,35.6802864074707,109.0160903930664,84.12506866455078,60.71284866333008,33.43513870239258,18.54030418395996,94.0010757446289
2016-12-13,35.582984924316406,61.93070983886719,199.6719665527344,35.78761672973633,110.60376739501952,82.76065826416016,61.032691955566406,33.639835357666016,18.54030418395996,94.54553985595705
2016-12-14,35.6877555847168,60.525909423828125,200.1558990478516,35.38514709472656,110.15013885498048,82.01020812988281,60.126495361328125,33.11101150512695,18.589500427246094,93.28054809570312
2016-12-15,35.670284271240234,60.51180648803711,198.84690856933597,35.556861877441406,110.03673553466795,81.95053100585938,59.61631774902344,33.204837799072266,18.99130249023437,93.14442443847656
2016-12-16,34.13381576538086,60.76591491699219,198.394775390625,35.97543716430664,109.4454116821289,81.79700469970703,60.5833854675293,32.49692153930664,18.5813102722168,93.17647552490234
2016-12-19,33.959228515625,60.75181579589844,200.06069946289065,36.361812591552734,109.71270751953124,82.05286407470703,60.86515808105469,32.70162582397461,18.4337100982666,93.905029296875
2016-12-20,34.046531677246094,60.90710067749024,201.29034423828125,36.46468353271485,111.06549835205078,81.55826568603516,60.796607971191406,32.57366943359375,18.62230491638184,94.24127197265624
2016-12-21,33.89811706542969,60.60357284545898,200.33042907714844,36.42677688598633,110.83870697021484,81.75438690185547,60.8042221069336,32.61631774902344,18.556703567504883,93.8329849243164
2016-12-22,34.01160430908203,59.48820877075195,200.55255126953125,36.64879989624024,109.7046127319336,81.01249694824219,59.99706268310547,32.658966064453125,18.48291015625,93.60877990722656
2016-12-23,33.85446548461914,59.49526977539063,198.0059967041016,36.67046737670898,109.39679718017578,80.74810791015625,60.26356506347656,32.76984405517578,18.5321044921875,93.66483306884766
2016-12-27,33.8893928527832,59.64351272583008,199.01353454589844,36.724609375,109.5669403076172,81.73733520507812,60.37779998779297,32.923362731933594,18.54030418395996,93.69686889648438
2016-12-28,33.76717758178711,59.00817108154297,197.9980926513672,36.5567512512207,109.41300201416016,80.73108673095703,60.18741989135742,32.59926223754883,18.310705184936523,92.67205810546876
2016-12-29,33.77589416503906,58.9305419921875,198.79931640625,36.74085235595703,109.43733215332033,81.27685546875,60.15694808959961,32.676021575927734,18.040096282958984,92.8722152709961
2016-12-30,33.56638717651367,58.422271728515625,198.28369140625,36.61631774902344,108.61107635498048,80.80781555175781,60.08843231201172,32.76132583618164,18.12209892272949,92.75214385986328
2017-01-03,33.78548049926758,58.56344604492188,200.95718383789065,36.62171936035156,108.7973861694336,81.22567749023438,61.184967041015625,33.30719375610352,18.474702835083008,93.01634979248048
2017-01-04,33.95199966430664,58.57756423950195,201.4966278076172,36.74085235595703,109.76132202148438,82.94824981689453,60.72806930541992,33.57160949707031,18.81910896301269,93.27253723144533
2017-01-05,33.86436462402344,58.61285400390625,203.0753326416016,36.7841796875,108.46524047851562,81.54118347167969,61.9997673034668,33.86160659790039,18.59770774841309,93.480712890625
2017-01-06,33.69784164428711,58.66226959228516,204.55886840820312,36.94662857055664,108.16553497314452,81.51560974121094,62.59369659423828,34.78278350830078,18.59770774841309,94.89781188964844
2017-01-09,34.206153869628906,58.27400970458984,204.52713012695312,36.79499435424805,108.7973861694336,82.16370391845703,62.21295928955078,34.748661041259766,18.49110221862793,94.11321258544922
2017-01-10,33.88189697265625,58.35873031616211,203.22608947753903,36.67046737670898,110.2473373413086,82.19782257080078,62.95158386230469,35.21778106689453,18.810909271240234,94.3533706665039
2017-01-11,34.27627182006836,59.601165771484375,202.40103149414065,36.6325569152832,109.92332458496094,82.40249633789062,63.02775573730469,35.26498794555664,18.91750907897949,94.4814682006836
2017-01-12,34.35514450073242,59.24113464355469,200.40972900390625,36.5567512512207,109.41300201416016,82.60717010498047,62.89829635620117,34.95594024658203,18.79450798034668,94.17726135253906
2017-01-13,34.40773010253906,59.17054748535156,201.92501831054688,36.59465026855469,109.38870239257812,82.13813018798828,62.42616271972656,35.13622283935547,18.86830711364746,94.52952575683594
2017-01-17,34.26749420166016,59.452903747558594,201.5997772216797,37.08199691772461,110.10965728759766,81.83968353271484,63.90345764160156,35.110477447509766,18.081100463867188,93.8569793701172
2017-01-18,34.34638977050781,59.38231658935547,201.56008911132807,37.4502182006836,110.29593658447266,82.45364379882812,63.61410140991211,34.990291595458984,18.556703567504883,94.5215072631836
2017-01-19,34.3639030456543,58.937591552734375,203.90838623046875,37.661407470703125,109.67219543457033,83.14437866210938,63.35517501831055,34.681243896484375,18.474702835083008,94.40142059326172
2017-01-20,34.942344665527344,57.6880989074707,204.4636993408203,37.91050338745117,109.84231567382812,84.42353820800781,62.48183441162109,34.732757568359375,18.56490707397461,94.32937622070312
2017-01-23,34.77582931518555,57.56808471679688,204.26536560058597,38.20290756225586,111.84315490722656,85.48096466064453,62.24433898925781,34.629722595214844,18.49930000305176,94.0010757446289
2017-01-24,35.143917083740234,57.34220504760742,200.63983154296875,38.31663131713867,111.83504486083984,86.811279296875,62.650386810302734,34.60398483276367,18.81910896301269,94.4414520263672
2017-01-25,35.1877326965332,57.90693283081055,199.1245574951172,38.4249153137207,111.3652114868164,86.19728088378906,60.89606094360352,34.60398483276367,19.163509368896484,94.3773956298828
2017-01-26,35.17021942138672,57.37042999267578,202.2740936279297,38.36536407470703,112.15904998779295,86.85388946533203,60.7734489440918,35.16197204589844,19.220909118652344,94.449462890625
2017-01-27,35.257843017578125,57.53281021118164,201.10791015625,38.462833404541016,112.05374908447266,86.99884033203125,59.56309127807617,35.19630813598633,19.155303955078125,94.80974578857422
2017-01-30,35.257843017578125,57.518672943115234,200.57638549804688,38.60904312133789,112.16715240478516,87.00739288330078,60.27550506591797,35.20489501953125,18.81910896301269,95.36214447021484
2017-01-31,35.152679443359375,57.84341430664063,199.3863983154297,38.54405212402344,111.4462432861328,85.28482818603516,60.3751106262207,35.85731887817383,18.56490707397461,94.72967529296876
2017-02-01,34.916046142578125,57.20806503295898,199.04522705078125,38.65776062011719,111.33280181884766,85.75383758544922,59.73158264160156,36.33805465698242,18.76990509033203,94.47347259521484
2017-02-02,35.03873825073242,56.890403747558594,199.89410400390625,38.690242767333984,110.9358901977539,85.7708969116211,57.30311584472656,36.69858932495117,18.630504608154297,94.46546936035156
2017-02-03,35.43313217163086,56.805702209472656,201.86947631835935,38.711910247802734,111.77022552490234,86.077880859375,57.80873489379883,36.724342346191406,19.09790802001953,95.42620849609376
2017-02-06,35.143917083740234,57.03864288330078,202.54380798339844,38.60361862182617,110.56327056884766,85.20809173583984,58.27603149414063,36.42388916015625,18.958499908447266,95.54630279541016
2017-02-07,35.11762619018555,57.483375549316406,203.38473510742188,39.09638214111328,110.6929168701172,85.28482818603516,58.49820327758789,36.81877899169922,18.77811050415039,95.85054779052734
2017-02-08,35.07379531860352,57.55397033691406,203.67828369140625,39.06931686401367,111.68921661376952,85.36156463623047,59.01148223876953,36.398136138916016,18.589500427246094,95.85855102539062
2017-02-09,35.257843017578125,58.15400314331055,204.83653259277344,39.2534294128418,112.3615951538086,85.38717651367188,59.2259635925293,36.51831817626953,18.958499908447266,96.6031265258789
2017-02-10,35.74863815307617,58.81052780151367,206.70079040527344,39.215518951416016,113.2850112915039,85.73680114746094,60.160606384277344,36.69001388549805,18.925708770751957,97.55587005615234
2017-02-13,36.01154708862305,59.16153335571289,208.1288146972656,39.00973892211914,113.30120849609376,85.96703338623047,60.290828704833984,37.1020736694336,19.188106536865234,98.97296905517578
2017-02-14,36.020320892333984,59.41681289672852,208.2954559326172,38.923099517822266,114.5082015991211,86.61511993408203,60.26787185668945,37.4712028503418,19.729307174682617,98.97296905517578
2017-02-15,36.29201126098633,59.74302291870117,209.0093994140625,39.08013916015625,115.18049621582033,86.8976821899414,60.834754943847656,37.77165222167969,20.155710220336918,99.50138092041016
2017-02-16,36.44975662231445,60.73577880859375,210.49290466308597,39.3725471496582,114.65399932861328,87.12882232666016,60.86541748046875,37.9433479309082,20.155710220336918,99.40531158447266
2017-02-17,36.86167526245117,60.88467025756836,210.50881958007807,39.51333999633789,115.83666229248048,87.64250946044922,61.04926300048828,38.36398315429688,20.10651016235352,99.72557067871094
2017-02-21,37.04571533203125,61.274696350097656,210.7547607421875,39.88155746459961,117.47296142578124,88.1818618774414,61.1028938293457,38.63868713378906,20.319719314575195,99.84566497802734
2017-02-22,37.256046295166016,61.18960189819336,210.96104431152344,39.854469299316406,117.65929412841795,88.01919555664062,61.40933990478516,38.63868713378906,20.32791519165039,100.64651489257812
2017-02-23,37.65043640136719,61.68598937988281,210.1121368408203,40.32017135620117,117.22185516357422,87.83940124511719,61.94559097290039,38.97347259521485,20.155710220336918,100.46944427490234
2017-02-24,37.83448791503906,62.12566375732422,211.0244598388672,40.303932189941406,118.22630310058594,88.44725036621094,62.42056274414063,39.213844299316406,19.868711471557617,100.63849639892578
2017-02-27,37.42257690429688,61.84909439086914,215.1621856689453,40.39057159423828,117.69977569580078,87.71099853515625,62.3669548034668,39.02498245239258,20.14751434326172,100.52580261230467
2017-02-28,37.326171875,61.253414154052734,212.94151306152344,40.56926727294922,117.38385009765624,87.69387817382812,61.731082916259766,38.69877243041992,20.23771095275879,100.2118911743164
2017-03-01,37.61537551879883,61.52999496459961,214.37945556640625,40.9374885559082,118.817626953125,88.4301528930664,61.82301712036133,39.13658142089844,20.973854064941406,102.42542266845705
2017-03-02,37.58909225463867,61.50872802734375,213.26905822753903,41.00247573852539,119.8463897705078,87.65104675292969,62.32096099853516,39.22243118286133,20.75177574157715,101.68488311767578
2017-03-03,37.4138069152832,60.90597152709961,213.88417053222656,40.92123794555664,119.7330093383789,87.3770980834961,62.06816482543945,38.844722747802734,20.924509048461918,101.58830261230467
2017-03-06,37.30863952636719,60.89887237548828,213.85220336914065,40.92666244506836,119.18213653564452,86.64085388183594,61.93792343139648,38.741695404052734,20.76822662353516,101.4836654663086
2017-03-07,37.33494567871094,60.97687911987305,214.9066162109375,41.20823669433594,119.00286865234376,86.28125,61.90729141235352,38.63010025024414,20.735326766967773,101.6285400390625
2017-03-08,37.34370040893555,60.3883056640625,213.85220336914065,41.06744003295898,119.73636627197266,91.46085357666016,62.08347702026367,38.93914413452149,20.77644920349121,101.8941421508789
2017-03-09,37.19470977783203,60.49467086791992,214.6190185546875,41.2569694519043,119.49188232421876,88.1219482421875,61.82301712036133,39.17093276977539,20.85047721862793,101.57219696044922
2017-03-10,37.40504455566406,60.72159576416016,214.60304260253903,41.397762298583984,119.6793212890625,87.40278625488281,61.59321594238281,39.24818801879883,20.81757926940918,102.25637817382812
2017-03-13,37.31740188598633,60.70741271972656,215.0263671875,41.2940559387207,120.15200805664062,87.90789794921875,61.62383270263672,39.0850715637207,20.80935287475586,102.00685119628906
2017-03-14,37.5014533996582,60.558502197265625,214.0758056640625,41.12482833862305,119.93196868896484,87.09456634521484,61.20248794555664,38.45840072631836,20.825803756713867,101.18585205078124
2017-03-15,37.72932052612305,60.84213638305664,215.2260589599609,41.304969787597656,120.57575988769533,89.0722427368164,61.07991790771485,38.9047966003418,20.71065902709961,102.19998931884766
2017-03-16,40.07808303833008,60.74995422363281,214.02793884277344,41.10301208496094,121.21145629882812,88.71266174316406,60.94967269897461,38.61292266845703,20.743555068969727,101.70901489257812
2017-03-17,40.016746520996094,60.92014694213867,217.2550201416016,41.02657318115234,121.92048645019533,89.45751190185547,60.4287338256836,38.79320526123047,20.447452545166016,102.35293579101562
2017-03-20,39.63988876342773,60.01247787475586,217.294921875,41.255855560302734,120.45355224609376,90.38213348388672,60.38278579711914,38.61292266845703,20.101999282836918,101.82170867919922
2017-03-21,39.2980842590332,59.00553894042969,214.8746490478516,41.446895599365234,119.48371124267578,89.44893646240234,60.22189331054688,38.45840072631836,18.934045791625977,101.14559173583984
2017-03-22,39.2542610168457,58.877891540527344,215.2101593017578,40.97745132446289,120.0949249267578,89.25202941894531,60.10699081420898,38.46700286865234,18.86824607849121,101.01679229736328
2017-03-23,39.39448547363281,58.842430114746094,215.2740173339844,40.40430450439453,120.60836791992188,89.56880950927734,59.98442077636719,38.432647705078125,18.975170135498047,101.03287506103516
2017-03-24,39.131568908691406,58.83534622192383,213.61253356933597,39.94032287597656,120.38018035888672,88.85820770263672,60.12996673583984,38.3983154296875,19.01629638671875,100.42922973632812
2017-03-27,39.2980842590332,59.253719329833984,213.4048614501953,39.956687927246094,119.6956024169922,88.88389587402344,60.145286560058594,38.37256240844727,18.942270278930664,100.2118911743164
2017-03-28,39.16661834716797,59.38135147094727,214.97044372558597,39.95125198364258,119.96453857421876,89.86844635009766,60.22189331054688,38.37256240844727,19.31239891052246,100.8397445678711
2017-03-29,39.01763916015625,59.40262985229492,214.267578125,39.8256950378418,119.8341293334961,90.55335998535156,60.3368034362793,38.3468132019043,19.20547103881836,100.8558120727539
2017-03-30,39.1578483581543,59.07645034790039,216.1047821044922,39.32897186279297,119.76082611083984,90.0910415649414,60.40577697753906,38.24379348754883,19.633174896240234,100.94436645507812
2017-03-31,39.09651184082031,58.89207077026367,213.75637817382807,38.98507690429688,119.66300964355467,89.96260070800781,60.13763046264648,38.12361145019531,19.40287208557129,100.5097198486328
2017-04-03,39.09651184082031,58.82115173339844,214.6190185546875,39.09424591064453,119.49188232421876,89.96260070800781,59.79289245605469,38.175140380859375,19.40287208557129,100.07505798339844
2017-04-04,39.07899856567383,58.50205612182617,215.32192993164065,39.27437973022461,119.26365661621094,89.69722747802734,59.655006408691406,37.92616653442383,19.27949333190918,99.9542999267578
2017-04-05,38.9913330078125,57.55892562866211,213.26112365722656,39.26346206665039,119.5081787109375,89.89411926269531,59.01148223876953,37.5999641418457,19.057418823242188,99.46332550048828
2017-04-06,38.71965408325195,57.90640258789063,213.36489868164065,38.98507690429688,119.99714660644533,90.1252670288086,58.99616241455078,37.48836898803711,19.131444931030277,99.67259979248048
2017-04-07,38.81606674194336,58.38151168823242,215.8571014404297,39.14337921142578,119.907470703125,90.79308319091795,59.049800872802734,37.62571716308594,19.0492000579834,100.0267562866211
2017-04-10,38.72804641723633,58.50914764404297,214.8985595703125,39.17066955566406,120.78768157958984,90.57048797607422,59.60904693603516,37.419677734375,18.934045791625977,100.17970275878906
2017-04-11,38.87767791748047,58.62970352172852,215.88909912109372,39.34535217285156,120.77951049804688,90.80162811279295,59.88481903076172,37.63993835449219,18.85179710388184,100.24410247802734
2017-04-12,38.88648223876953,58.551700592041016,214.4832305908203,39.38902282714844,119.42665100097656,89.94546508789062,59.72394943237305,37.55356597900391,18.629716873168945,99.12525177001952
2017-04-13,38.72804641723633,58.48786926269531,214.0758056640625,38.91958236694336,118.91324615478516,89.39754486083984,59.72394943237305,36.85396194458008,18.374744415283203,98.60205841064452
2017-04-17,38.983306884765625,58.94879531860352,215.5775909423828,39.47089385986328,120.0541763305664,90.22801208496094,60.31382751464844,37.406734466552734,18.76131820678711,99.35063934326172
2017-04-18,39.185733795166016,58.72896957397461,214.69891357421875,39.48726272583008,120.4209213256836,89.67154693603516,59.94609451293945,37.5103645324707,18.67906951904297,99.06893157958984
2017-04-19,38.89528274536133,59.21828079223633,215.3779296875,39.36172103881836,119.98084259033205,89.89411926269531,60.00778198242188,37.648555755615234,18.70374298095703,98.79524230957033
2017-04-20,39.19453811645508,59.66501235961914,217.1511993408203,38.97962188720703,121.2033233642578,91.0670394897461,61.24140167236328,37.98541641235352,18.975170135498047,99.62429809570312
2017-04-21,39.10652542114258,59.58700942993164,218.14170837402344,39.01236724853516,122.24651336669922,90.69891357421876,61.125732421875,37.59674453735352,18.67906951904297,102.28856658935548
2017-04-24,39.4673957824707,59.7642822265625,220.6339111328125,39.601898193359375,123.78681182861328,92.47109985351562,61.71942901611328,38.11497116088867,19.43577766418457,104.46989440917967
2017-04-25,39.361778259277344,60.927223205566406,215.6893768310547,39.5363883972168,124.71585083007812,94.87681579589844,63.35398864746094,37.79540252685547,19.723651885986328,104.0754623413086
2017-04-26,39.33536911010742,60.927223205566406,215.95301818847656,39.03420639038086,125.68567657470705,94.58577728271484,63.2228889465332,37.82994842529297,19.64962577819824,104.71939086914062
2017-04-27,39.4057846069336,60.90597152709961,216.5840301513672,39.04511642456055,127.23414611816406,95.27923583984376,63.83200073242188,37.70038986206055,19.452224731445312,104.54231262207033
2017-04-28,39.57301712036133,61.36690521240234,215.23406982421875,39.18158721923828,127.21782684326172,94.03782653808594,63.562156677246094,37.69176483154297,19.197246551513672,105.55651092529295
2017-05-01,39.65223693847656,61.31014633178711,214.41929626464844,38.64665603637695,125.67755126953124,93.71250915527344,63.19206237792969,37.55356597900391,19.419322967529297,105.36333465576172
2017-05-02,39.722652435302734,60.84922790527344,215.26600646972656,38.66302490234375,126.28063201904295,93.7210464477539,60.90987014770508,37.6572151184082,19.353517532348636,105.5967788696289
2017-05-03,39.51140213012695,60.83503723144531,215.35389709472656,38.33006286621094,126.3214111328125,93.48990631103516,61.4495735168457,37.7608528137207,19.550926208496094,105.50019073486328
2017-05-04,40.02191162109375,61.01943588256836,216.08074951171875,38.37917709350586,126.207275390625,94.08061981201172,62.5521125793457,38.51226425170898,19.616722106933597,105.60481262207033
2017-05-05,40.11872482299805,60.90597152709961,218.09376525878903,38.7121467590332,126.9163055419922,94.65423583984376,62.498146057128906,38.55545425415039,19.5262508392334,105.77384185791016
2017-05-08,40.10113143920898,60.87049865722656,217.67034912109372,38.59751510620117,127.86170959472656,93.16775512695312,62.49044799804688,38.58999633789063,19.707199096679688,105.54846954345705
2017-05-09,40.030704498291016,60.96977233886719,218.7646942138672,38.36825942993164,128.5054931640625,92.66940307617188,62.52898025512695,38.58136749267578,19.723651885986328,106.17630004882812
2017-05-10,40.0747184753418,60.71450424194336,217.06333923339844,38.37917709350586,128.87225341796875,92.66940307617188,62.40563583374024,38.434532165527344,19.863473892211918,106.03945922851562
2017-05-11,39.7490463256836,60.629390716552734,217.34283447265625,38.47197341918945,127.29935455322266,92.33428192138672,63.438777923583984,37.88175964355469,19.797670364379883,106.16825103759766
2017-05-12,39.67864990234375,60.45211410522461,216.67990112304688,38.56477737426758,127.88612365722656,92.04212951660156,61.8427963256836,37.9681282043457,19.740095138549805,105.83821105957033
2017-05-15,39.8898811340332,60.2464714050293,217.5505523681641,38.5756950378418,128.22024536132812,92.78109741210938,62.04325485229492,38.03723907470703,19.78944969177246,106.232666015625
2017-05-16,39.86348342895508,60.19306564331055,216.99143981933597,38.72852325439453,128.9781951904297,92.29132080078124,61.00238800048828,37.73494338989258,19.731882095336918,106.25679779052734
2017-05-17,38.93048858642578,58.21298599243164,215.0663146972656,38.51018524169922,127.20967864990234,90.63298034667967,58.85125732421875,37.20809173583984,18.563915252685547,105.1201400756836
2017-05-18,38.87767791748047,58.01353454589844,213.53268432617188,38.50472640991211,126.89185333251952,90.55563354492188,59.07486724853516,37.121707916259766,18.70374298095703,105.50848388671876
2017-05-19,39.00090026855469,57.41525268554688,217.902099609375,38.70124435424805,127.38082122802734,91.7070541381836,58.84358215332031,37.27717208862305,18.95871925354004,106.30128479003906
2017-05-22,39.28255462646485,57.9351921081543,221.2888641357422,39.323509216308594,127.1037826538086,91.44064331054688,58.858978271484375,37.76948928833008,18.950496673583984,106.65721893310548
2017-05-23,39.22094345092773,57.86397171020508,222.35128784179688,39.37263107299805,126.1827621459961,91.6812744140625,59.57600784301758,37.7263069152832,19.238374710083008,106.66531372070312
2017-05-24,39.45859909057617,57.39388656616211,223.70120239257807,39.765655517578125,126.3214111328125,91.88746643066406,58.92066192626953,37.59674453735352,19.213695526123047,106.8999252319336
2017-05-25,39.78425979614258,57.51496505737305,225.3068084716797,40.46979522705078,127.51126861572266,91.86170196533205,58.55828857421875,37.95949172973633,19.12322425842285,108.2024154663086
2017-05-26,39.83706665039063,57.87109756469727,226.5768585205078,40.6171875,126.23986053466795,92.14524841308594,59.09028244018555,38.615909576416016,19.114999771118164,107.79790496826172
2017-05-30,39.977909088134766,57.09473037719727,225.17800903320312,40.97745132446289,126.1333236694336,91.49222564697266,59.19050598144531,38.86638641357422,18.84357452392578,107.53904724121094
2017-05-31,39.95149612426758,57.70728302001953,226.0141143798828,41.17942810058594,125.83002471923828,91.38909149169922,59.23676300048828,39.43642425537109,18.49285697937012,107.58756256103516
2017-06-01,40.30356216430664,58.53350830078125,225.8774261474609,41.15758514404297,127.17433166503906,93.79500579833984,60.3624382019043,39.816436767578125,18.67439842224121,107.95970916748048
2017-06-02,40.18913650512695,59.18877029418945,226.52072143554688,41.00475692749024,127.33828735351562,94.87764739990234,60.94842147827149,40.16193389892578,18.525861740112305,108.42891693115234
2017-06-05,40.41798782348633,59.38820266723633,225.21017456054688,40.97199630737305,126.87924194335938,93.10761260986328,60.7479362487793,40.26557540893555,18.49285697937012,107.9920654296875
2017-06-06,40.145137786865234,58.01353454589844,222.59738159179688,41.08662033081055,126.39559936523438,93.12478637695312,60.061771392822266,40.04101943969727,18.34432029724121,107.3853530883789
2017-06-07,39.96029281616211,58.02064895629883,222.99935913085935,41.27222442626953,127.01854705810548,92.66940307617188,60.2622184753418,40.21375274658203,18.649646759033203,107.36915588378906
2017-06-08,39.977909088134766,58.027793884277344,223.19232177734372,41.05386734008789,125.82184600830078,92.72956085205078,60.470401763916016,40.35195159912109,18.954965591430664,108.04059600830078
2017-06-09,39.63462066650391,57.6859016418457,222.6938018798828,41.190338134765625,125.37922668457033,94.45659637451172,61.4572868347168,40.84424591064453,19.532615661621094,108.23477935791016
2017-06-12,39.4761962890625,58.26995086669922,222.6054229736328,41.15758514404297,124.73981475830078,94.63706970214844,61.43416595458984,40.7406120300293,19.62339210510254,107.8060073852539
2017-06-13,39.59062576293945,58.26283645629883,223.7872009277344,41.245635986328125,126.22347259521484,95.86578369140624,61.56521987915039,40.99108505249024,19.61513900756836,108.72017669677734
2017-06-14,39.44100189208984,59.03208160400391,225.34686279296875,41.68589019775391,128.49403381347656,95.80562591552734,62.29769515991211,41.14653778076172,19.606884002685547,108.59882354736328
2017-06-15,39.32657241821289,58.80414962768555,225.8533477783203,42.04909896850586,128.5022430419922,95.65097045898438,61.75027084350586,41.56111907958984,19.425338745117188,108.7848892211914
2017-06-16,39.68745040893555,55.86964416503906,225.99806213378903,42.5278549194336,128.39559936523438,95.51350402832033,59.41410446166992,41.63885116577149,19.334566116333008,108.91432189941406
2017-06-19,40.25075912475586,56.845436096191406,226.95474243164065,42.76449203491211,130.1743621826172,95.47052001953124,60.215946197509766,42.226165771484375,19.73066520690918,109.8932113647461
2017-06-20,40.34757614135742,55.76993179321289,227.4291229248047,42.55536651611328,129.23992919921875,95.18698120117188,59.969234466552734,42.12253189086914,19.384078979492188,109.14083099365234
2017-06-21,40.77886962890625,55.64171600341797,227.5094451904297,42.39027404785156,128.35464477539062,95.10106658935548,60.2622184753418,41.94977951049805,19.08699989318848,108.60690307617188
2017-06-22,44.273193359375,54.39527130126953,225.451416015625,42.08761215209961,127.4448013305664,95.00652313232422,59.5374641418457,42.55437088012695,18.921964645385746,108.46129608154295
2017-06-23,44.84531784057617,54.373905181884766,225.62030029296875,42.093109130859375,124.0267333984375,95.10106658935548,59.68397903442383,42.39027404785156,18.831193923950195,108.39654541015624
2017-06-26,44.76609802246094,55.22150039672852,224.86453247070312,42.1151237487793,124.11687469482422,95.2213363647461,61.77340316772461,42.243446350097656,18.888952255249023,108.6149673461914
2017-06-27,44.66927719116211,55.029178619384766,223.36111450195312,41.48226165771485,124.7890625,94.9377899169922,62.05868911743164,42.03616714477539,19.20253562927246,107.53904724121094
2017-06-28,44.77490615844727,54.90808868408203,225.12176513671875,41.73540115356445,125.60053253173828,95.43614959716795,62.6446647644043,41.87205123901367,19.70590591430664,108.3803939819336
2017-06-29,44.1851806640625,55.81977844238281,222.47677612304688,40.94297790527344,124.72348022460938,94.2160186767578,61.889068603515625,42.087982177734375,20.06899642944336,107.04557037353516
2017-06-30,44.13237380981445,55.77706146240234,223.1842041015625,40.98148727416992,125.73986053466795,94.48240661621094,62.03554153442383,41.98433303833008,20.01948356628418,107.8302764892578
2017-07-03,43.4458236694336,55.64886093139648,224.2373962402344,41.01450347900391,126.23985290527344,95.04088592529295,62.15890884399414,42.07069778442383,20.36607360839844,108.1700439453125
2017-07-05,43.53385162353516,56.01210403442383,227.0352020263672,41.05854034423828,125.15788269042967,95.10106658935548,61.418758392333984,42.321170806884766,20.56412124633789,108.2428741455078
2017-07-06,42.99692535400391,55.35680770874024,225.8774261474609,40.8989486694336,124.63331604003906,94.55972290039062,60.686279296875,41.40565490722656,20.390832901000977,107.8949966430664
2017-07-07,43.43701553344727,55.17876815795898,229.28631591796875,40.86041641235352,124.7808074951172,95.37599182128906,60.63233184814453,41.837501525878906,20.489850997924805,108.50173950195312
2017-07-10,43.67466354370117,54.95795822143555,229.58367919921875,40.55224990844727,123.92013549804688,95.35882568359376,60.24679946899414,41.65612411499024,20.539369583129883,108.9628677368164
2017-07-11,43.90352630615234,55.0505485534668,230.2670135498047,40.40917205810547,123.4447784423828,95.35021209716795,59.86129760742188,41.5870361328125,20.300058364868164,108.58264923095705
2017-07-12,44.405216217041016,55.21437454223633,230.21881103515625,40.66230773925781,125.075927734375,96.0977783203125,59.71480178833008,42.060340881347656,20.093759536743164,109.02759552001952
2017-07-13,44.31720733642578,55.56336975097656,230.54037475585935,40.43669509887695,125.64967346191406,96.57897186279295,60.07717514038086,41.75638198852539,20.316558837890625,109.48059844970705
2017-07-14,44.502044677734375,56.20441436767578,231.6417999267578,40.684326171875,125.31362915039062,96.9226531982422,60.08489227294922,42.47722244262695,19.97822570800781,109.88511657714844
2017-07-17,44.56389236450195,56.39671325683594,231.9312438964844,40.37615585327149,126.14148712158205,97.06011962890624,60.37017440795898,42.346946716308594,19.82143783569336,109.42396545410156
2017-07-18,44.57272338867188,56.03346252441406,230.56451416015625,40.35414505004883,124.7316436767578,97.051513671875,60.13885498046875,42.32957458496094,19.722414016723636,109.36736297607422
2017-07-19,45.05864715576172,56.66737747192383,233.68386840820312,40.47520446777344,125.65790557861328,97.61004638671876,59.66853713989258,42.92882537841797,19.85444450378418,110.14398956298828
2017-07-20,45.17350387573242,56.83832550048828,232.8799743652344,40.497215270996094,120.51848602294922,91.69843292236328,59.8780632019043,44.16205978393555,19.75541877746582,109.17317962646484
2017-07-21,44.8819465637207,56.19728088378906,232.43768310546875,40.40366744995117,120.20693969726562,91.39771270751952,59.77719879150391,44.15338897705078,19.639892578125,110.30581665039062
2017-07-24,44.84661102294922,56.69587326049805,233.3702392578125,39.97442626953125,118.51023864746094,90.55563354492188,59.83151626586914,44.11864471435547,19.73066520690918,111.4060287475586
2017-07-25,45.2088508605957,57.02350616455078,233.00848388671875,39.754302978515625,120.4692611694336,92.03356170654295,61.236122131347656,44.14470291137695,20.201038360595703,111.03386688232422
2017-07-26,45.2088508605957,56.04059600830078,233.0246124267578,39.4736442565918,120.23973846435548,91.72421264648438,60.75497817993164,43.7712516784668,19.97822570800781,112.03702545166016
2017-07-27,44.57272338867188,56.111812591552734,231.6417999267578,40.70083236694336,121.09224700927734,91.20866394042967,61.24388122558594,43.51938629150391,19.89570999145508,110.81546783447266
2017-07-28,44.4401969909668,56.71011734008789,233.47483825683597,36.837669372558594,121.3791275024414,91.10557556152344,61.88798141479492,43.08515167236328,19.829687118530277,110.66173553466795
2017-07-31,44.11329650878906,57.45798110961914,234.8576202392578,35.7535514831543,122.62505340576172,90.4353485107422,62.02766036987305,42.71171569824219,19.90396499633789,110.1197280883789
2017-08-01,44.31650161743164,57.78559875488281,235.2757110595703,36.04523086547852,122.82994079589844,90.3150634765625,61.84916305541992,42.68566131591797,20.176279067993164,110.8397216796875
2017-08-02,43.97194290161133,57.71439743041992,236.9237365722656,36.0727424621582,123.36276245117188,91.2602310180664,61.88798141479492,42.75511932373047,20.29180908203125,112.22309112548828
2017-08-03,44.37834167480469,57.7286491394043,237.82408142089844,36.06723403930664,123.6004867553711,89.9369888305664,60.99553298950195,42.6943359375,20.110261917114254,112.90264892578124
2017-08-04,44.13980102539063,57.73577117919922,238.77279663085935,36.05622863769531,125.20704650878906,90.2291259765625,60.50666427612305,42.78118133544922,20.60538101196289,113.29095458984376
2017-08-07,43.85708618164063,58.05629348754883,238.89340209960935,36.31488037109375,125.69892120361328,90.34082794189452,61.39907836914063,42.81593322753906,20.597129821777344,112.41725158691406
2017-08-08,43.37998962402344,57.75001907348633,241.26499938964844,35.97917938232422,125.69892120361328,89.2276611328125,60.972267150878906,42.451168060302734,20.5476131439209,112.1826400756836
2017-08-09,43.34465408325195,57.89244842529297,245.38131713867188,35.940650939941406,127.26445770263672,89.20174407958984,61.63964080810547,42.35564422607422,20.41558074951172,112.44961547851562
2017-08-10,42.49649810791016,56.80270385742188,243.79754638671875,35.643489837646484,126.1333236694336,87.44136047363281,61.41460800170898,41.73900604248047,19.90396499633789,111.02576446533205
2017-08-11,42.62017059326172,57.49359893798828,244.19949340820312,35.39035415649414,126.95301055908205,86.92361450195312,61.6241455078125,42.155887603759766,19.68940544128418,110.49993896484376
2017-08-14,43.15910720825195,58.07052230834961,247.27859497070312,35.68202590942383,126.44476318359376,88.50279998779297,61.53874588012695,42.6248664855957,20.151517868041992,111.85903930664062
2017-08-15,43.141448974609375,57.78559875488281,246.169189453125,35.93516540527344,123.09227752685548,88.8307113647461,61.39132308959961,42.399044036865234,20.19278335571289,111.17138671875
2017-08-16,43.51252746582031,58.16500854492188,245.84754943847656,36.0177116394043,124.79724884033205,89.52107238769531,61.49995803833008,43.25884628295898,19.961727142333984,112.24852752685548
2017-08-17,42.8940658569336,57.90016555786133,242.32632446289065,35.384849548339844,122.68242645263672,88.60633850097656,61.220611572265625,42.8072395324707,19.507858276367188,110.43569946289062
2017-08-18,42.955902099609375,57.28458023071289,240.54147338867188,35.049156188964844,120.8955307006836,88.08856964111328,60.266090393066406,42.32957458496094,19.491352081298828,109.70406341552734
2017-08-21,43.20330429077149,57.69257736206055,242.69607543945312,35.43437957763672,122.29720306396484,88.35609436035156,60.25056457519531,42.451168060302734,19.293306350708008,110.20809936523438
2017-08-22,43.52134704589844,58.179290771484375,245.04360961914065,35.25276565551758,122.8791732788086,90.21138763427734,60.34370803833008,43.172000885009766,19.66465187072754,111.28929138183594
2017-08-23,43.35348510742188,58.236576080322266,243.46788024902344,35.0601692199707,122.21519470214844,89.42613983154297,60.22726821899414,43.1112060546875,19.606884002685547,110.89093780517578
2017-08-24,43.459510803222656,57.62099838256836,243.2750244140625,34.999637603759766,121.51847076416016,89.49516296386719,58.50450134277344,42.88540267944336,19.67289924621582,110.99661254882812
2017-08-25,43.50367736816406,58.07190704345703,243.4357147216797,35.263790130615234,122.6660385131836,89.50379943847656,58.47346115112305,42.85934448242188,19.61513900756836,111.2242431640625
2017-08-28,43.50367736816406,58.09341812133789,244.08688354492188,35.181236267089844,124.09225463867188,89.8748550415039,58.55883026123047,43.649662017822266,19.573875427246094,111.26490020751952
2017-08-29,43.68921661376953,58.27952194213867,247.7288818359375,35.11520004272461,123.54811096191406,89.62460327148438,59.04772567749024,43.55413055419922,19.45834350585937,111.88268280029295
2017-08-30,43.998443603515625,58.53720474243164,247.71263122558597,35.24727249145508,123.68001556396484,89.58145141601562,59.27278900146485,43.51938629150391,19.79841041564941,112.2160186767578
2017-08-31,44.466705322265625,58.3367919921875,246.97671508789065,34.88956832885742,123.57279205322266,90.02154541015625,60.01773452758789,44.24022674560547,19.81500244140625,112.40296173095705
2017-09-01,44.72291946411133,58.1363639831543,244.38877868652344,34.96661758422852,124.32315063476562,90.25454711914062,60.46784210205078,44.44865798950195,19.980886459350582,111.88268280029295
2017-09-05,44.996803283691406,58.30813217163086,244.39686584472656,34.5979118347168,126.09589385986328,89.26217651367188,61.06538009643555,44.31839370727539,19.33392906188965,110.97225189208984
2017-09-06,45.06748580932617,58.52288818359375,243.7903289794922,34.81803131103516,129.08897399902344,89.91799926757812,61.98885345458984,44.45734024047852,19.4168758392334,111.00475311279295
2017-09-07,45.70361328125,58.37971496582031,244.5182037353516,34.52086639404297,130.2185821533203,89.75404357910156,62.4001350402832,44.717899322509766,19.05192375183105,111.4355926513672
2017-09-08,45.57107162475586,58.258056640625,244.96295166015625,34.24571228027344,131.64501953125,89.39161682128906,61.86470031738281,45.178184509277344,18.98557472229004,111.83395385742188
2017-09-11,46.37506866455078,58.89509582519531,246.2408142089844,34.3887939453125,130.58132934570312,91.38497161865234,61.86470031738281,45.5516357421875,19.37540626525879,112.99641418457033
2017-09-12,46.6224479675293,59.224365234375,245.6342010498047,34.394287109375,131.8511505126953,92.06671142578124,63.96772003173828,45.377925872802734,19.86477279663086,112.7362823486328
2017-09-13,46.64896011352539,59.21721649169922,242.77944946289065,34.39979553222656,131.9418487548828,90.66010284423828,64.47212219238281,45.16082000732422,20.179946899414062,112.10221099853516
2017-09-14,46.64012145996094,58.70183944702149,243.7012939453125,34.63894271850586,131.41412353515625,91.88551330566406,64.13067626953125,44.8915901184082,20.105300903320312,111.54129791259766
2017-09-15,43.06192398071289,59.05256652832031,244.47775268554688,34.70012664794922,130.60610961914062,91.7301788330078,64.54197692871094,44.95238494873047,20.221416473388672,112.95577239990234
2017-09-18,42.699703216552734,59.12416458129883,245.69081115722656,34.7946891784668,130.11965942382812,92.16165924072266,64.65064239501953,45.23028945922852,20.486839294433597,111.9152374267578
2017-09-19,42.44347381591797,58.129188537597656,247.18707275390625,34.61115264892578,129.99595642089844,93.49054718017578,64.48762512207031,44.648414611816406,20.619543075561523,111.98029327392578
2017-09-20,42.38163757324219,56.43277740478516,249.0066070556641,34.04940414428711,130.8369903564453,93.8961410522461,62.62518310546875,45.06528091430664,20.785425186157227,112.74442291259766
2017-09-21,42.38163757324219,55.97466278076172,249.0955352783203,34.20512771606445,131.25746154785156,94.05146026611328,61.74052429199219,44.66578674316406,20.86837387084961,114.50841522216795
2017-09-22,42.54949951171875,56.12499237060547,249.5240631103516,34.75575256347656,131.9005584716797,93.85301208496094,61.79485321044922,45.60374069213867,20.75224876403809,115.23194122314452
2017-09-25,42.38163757324219,56.51866912841797,248.1573638916016,35.47878646850586,132.83236694335938,94.19818115234376,63.14514923095703,45.69059371948242,20.536598205566406,114.4678192138672
2017-09-26,42.33745574951172,56.60457992553711,250.36520385742188,35.88479995727539,132.9642791748047,93.63726806640624,63.36241149902344,45.89902877807617,20.57807159423828,114.00446319580078
2017-09-27,42.54949951171875,55.93888854980469,250.81002807617188,35.82362365722656,132.68394470214844,93.18852996826172,63.22272491455078,45.29109191894531,21.075729370117188,113.45977783203124
2017-09-28,42.47882843017578,55.48794937133789,250.00140380859372,35.70126724243164,133.87123107910156,93.93065643310548,63.05974960327149,46.58511734008789,21.10890007019043,114.28082275390624
2017-09-29,42.71736907958984,55.27320861816406,250.93942260742188,35.27300262451172,134.86070251464844,93.76670837402344,63.1063117980957,46.34195327758789,21.01766967773437,115.2238311767578
2017-10-02,43.11494064331055,54.82941055297852,251.7805328369141,34.98379135131836,135.23992919921875,95.78595733642578,62.67951965332031,46.61986541748047,21.249906539916992,115.97171020507812
2017-10-03,43.01775360107422,54.96541213989258,253.01791381835935,35.24518966674805,136.18820190429688,96.64028930664062,62.78818130493164,46.68064498901367,21.448972702026367,115.9798583984375
2017-10-04,43.20330429077149,54.27827072143555,253.14730834960935,35.31193542480469,136.287109375,96.87325286865234,62.13629150390625,47.193058013916016,21.324560165405277,115.88229370117188
2017-10-05,43.21212768554688,55.07994079589844,254.40890502929688,35.48991775512695,136.9715118408203,97.5377426147461,62.78041076660156,47.6967658996582,21.67291831970215,116.30500793457033
2017-10-06,42.76154708862305,52.39573669433594,255.92921447753903,34.78912734985352,136.74887084960938,97.75347137451172,59.69182968139648,47.76625061035156,21.73927116394043,116.75213623046876
2017-10-09,42.726192474365234,50.72795486450195,256.608642578125,35.35643005371094,136.6334991455078,97.201171875,57.658653259277344,47.47096252441406,21.440677642822266,116.7358627319336
2017-10-10,42.76168441772461,49.99783706665039,256.940185546875,36.15732955932617,136.179931640625,96.976806640625,57.976810455322266,48.1136360168457,21.507030487060547,116.5001220703125
2017-10-11,42.82375717163086,49.332157135009766,257.65185546875,36.07946395874024,136.25416564941406,97.00270080566406,57.34822463989258,47.2798957824707,21.42408943176269,116.0205307006836
2017-10-12,42.779422760009766,49.38942337036133,259.72216796875,36.34642791748047,135.7099609375,97.85701751708984,57.25510787963867,47.74681091308594,21.10890007019043,116.40258026123048
2017-10-13,43.11647415161133,48.358680725097656,258.2988586425781,36.17958831787109,135.61105346679688,97.94332122802734,56.33938980102539,47.6944465637207,21.42408943176269,116.54891204833984
2017-10-16,43.33821868896485,48.17973327636719,257.93487548828125,36.3575553894043,135.40487670898438,97.65855407714844,56.21523666381836,47.6769905090332,21.76415061950684,116.8578109741211
2017-10-17,43.63092803955078,48.2441635131836,257.3929443359375,36.07946395874024,134.68753051757812,97.4773178100586,56.3626823425293,48.05226135253906,21.73097801208496,116.5976791381836
2017-10-18,43.976863861083984,48.487525939941406,255.2094573974609,36.04608917236328,134.7699737548828,97.40829467773438,57.50344467163086,48.6718978881836,21.96320915222168,116.60580444335938
2017-10-19,43.77284622192383,48.10099792480469,256.236572265625,35.80137252807617,134.59689331054688,98.64230346679688,57.91473388671875,48.87262725830078,22.046157836914062,116.75213623046876
2017-10-20,43.68415451049805,48.716575622558594,258.7921447753906,36.15177536010742,134.7534942626953,101.6194305419922,59.3581428527832,49.15189743041992,22.535518646240234,118.15851593017578
2017-10-23,43.73736572265625,48.32290267944336,259.382568359375,35.87367630004883,135.8336181640625,100.86868286132812,59.29564666748047,48.94244384765625,22.527223587036133,118.6218490600586
2017-10-24,44.331642150878906,48.16541290283203,253.25244140625,35.66789627075195,136.8972930908203,101.34329223632812,59.37374877929688,48.331539154052734,22.95852851867676,118.78443145751952
2017-10-25,44.08329772949219,49.64710998535156,252.6701202392578,35.47878646850586,136.93026733398438,101.58490753173828,58.99881362915039,48.42753219604492,22.91705703735352,118.67874908447266
2017-10-26,44.4824447631836,48.03657531738281,248.99855041503903,36.591156005859375,138.2330780029297,102.4046859741211,57.26470184326172,48.41879653930664,23.00829696655273,118.55684661865234
2017-10-27,45.12993621826172,46.154056549072266,249.08746337890625,36.10726547241211,137.97744750976562,101.7661361694336,53.89021301269531,48.32281112670898,23.05805969238281,118.8494644165039
2017-10-30,44.95254898071289,47.42815780639648,249.5969696044922,35.62339782714844,136.3036346435547,100.23873138427734,53.46839141845703,47.3802604675293,22.892173767089844,117.581298828125
2017-10-31,45.14767456054688,47.43531036376953,249.21690368652344,35.71794509887695,136.691162109375,100.30775451660156,53.5308837890625,47.32789993286133,22.71799659729004,117.1911163330078
2017-11-01,44.91706085205078,47.96500778198242,247.9552154541016,35.98491287231445,136.361328125,100.03162384033205,53.89802169799805,47.12716674804688,22.83411026000977,117.81703186035156
2017-11-02,44.59773254394531,47.80036926269531,251.4003753662109,35.539974212646484,134.1598663330078,100.23873138427734,54.19485855102539,47.45008087158203,23.11611557006836,118.207275390625
2017-11-03,44.50904083251953,47.86479187011719,250.6968688964844,35.5455322265625,135.5450897216797,100.5580062866211,54.09331893920898,48.41007995605469,23.07464599609375,117.84957122802734
2017-11-06,44.70418167114258,47.1991081237793,250.76963806152344,35.2896842956543,135.40487670898438,100.3940658569336,52.17954254150391,48.00862121582031,23.016590118408203,118.36174774169922
2017-11-07,44.78400421142578,48.61637878417969,253.36569213867188,35.76799774169922,134.94317626953125,100.3940658569336,53.85897064208984,48.1395378112793,22.543813705444336,119.47541809082033
2017-11-08,44.82836532592773,49.31784057617188,255.26617431640625,35.92373275756836,135.26473999023438,100.20420837402344,53.89021301269531,48.218074798583984,22.220338821411133,119.38600158691406
2017-11-09,43.67527770996094,49.77595901489258,251.578369140625,35.87924575805664,134.62158203125,99.7364273071289,53.91365051269531,48.39262390136719,21.97150993347168,118.23167419433594
2017-11-10,43.7462272644043,51.10782241821289,251.65121459960935,36.16288757324219,135.31419372558594,99.33792114257812,55.45246887207031,47.82534408569336,21.98809814453125,118.48365020751952
2017-11-13,43.81719970703125,50.66146087646485,253.09068298339844,36.61896514892578,136.3365936279297,99.23395538330078,55.835227966308594,48.261714935302734,21.89686584472656,119.27220916748048
2017-11-14,43.63979721069336,50.819854736328125,253.72946166992188,36.55778121948242,138.57107543945312,99.06070709228516,55.02285385131836,48.00862121582031,21.76415061950684,119.75991821289062
2017-11-15,43.3027458190918,50.5390739440918,251.2225341796875,36.29636764526367,136.435546875,98.22905731201172,54.52293395996094,47.85154342651367,22.220338821411133,118.98765563964844
2017-11-16,43.63979721069336,51.33100509643555,252.84800720214844,36.64120864868164,138.1093292236328,98.76618957519533,54.88225936889648,48.47117614746094,22.19545555114746,120.01309967041016
2017-11-17,43.4091796875,51.29500961303711,250.4623107910156,36.941551208496094,138.30726623535156,98.6102523803711,55.210330963134766,48.48862075805664,22.07933616638184,119.6944580078125
2017-11-20,43.48013305664063,50.95662307739258,254.4654998779297,36.6134033203125,140.54171752929688,99.5198211669922,54.975982666015625,48.25299072265625,22.17886734008789,120.87921142578124
2017-11-21,43.13420867919922,51.23019790649414,256.3175354003906,36.513282775878906,142.52883911132812,99.91832733154295,55.850860595703125,48.977352142333984,22.170574188232425,122.03131866455078
2017-11-22,43.08987045288086,51.35260391235352,254.64337158203125,36.42429733276367,141.86924743652344,99.85768127441406,55.835227966308594,48.69808197021485,22.112512588500977,121.73714447021484
2017-11-24,43.471282958984375,50.5966682434082,255.41180419921875,36.41873550415039,142.0918426513672,100.57672119140624,55.10878753662109,48.986083984375,22.054452896118164,122.28460693359376
2017-11-27,43.35596466064453,49.95592498779297,256.1234130859375,36.190704345703125,143.600830078125,100.3601531982422,54.99163436889648,49.00352478027344,22.054452896118164,122.91374206542967
2017-11-28,43.471282958984375,52.00774002075195,257.9915466308594,36.93042755126953,145.58787536621094,101.65089416503906,56.7882080078125,48.89008331298828,22.925352096557617,124.8175811767578
2017-11-29,43.03664779663086,51.7773551940918,259.4067687988281,37.46991729736328,146.88893127441406,101.36505126953124,57.33501434326172,48.50607299804688,23.45618438720703,125.20973205566406
2017-11-30,43.5156135559082,52.382102966308594,259.6998291015625,37.72576141357422,149.0187225341797,101.22644805908205,59.83462524414063,49.195533752441406,23.464513778686523,127.43222045898438
2017-12-01,44.00346374511719,51.43898010253906,255.1831817626953,38.14289474487305,149.51596069335938,100.42943572998048,58.67855453491211,48.855167388916016,23.40620803833008,126.1575927734375
2017-12-04,42.93021011352539,51.5253791809082,253.7264709472656,38.977169036865234,153.2285919189453,101.84149932861328,55.99926376342773,47.74681091308594,24.20585060119629,125.642822265625
2017-12-05,42.566551208496094,50.52467346191406,252.39183044433597,39.03278732299805,151.52972412109375,101.13980865478516,55.46811294555664,47.81661987304688,24.097566604614254,125.06266021728516
2017-12-06,42.947940826416016,51.15101623535156,253.88108825683597,39.855934143066406,149.83087158203125,100.6546859741211,55.75711441040039,47.703163146972656,23.856006622314453,125.0136489868164
2017-12-07,43.03664779663086,50.11431884765625,255.8748321533203,39.766937255859375,150.82530212402344,100.58538055419922,55.53059387207031,47.72935485839844,23.97262191772461,125.242431640625
2017-12-08,43.994590759277344,51.5109748840332,257.0387268066406,39.7891960144043,151.99378967285156,100.42079162597656,57.09284210205078,47.68571853637695,24.19751739501953,125.55291748046876
2017-12-11,44.76627731323242,51.74855041503906,257.29901123046875,39.850372314453125,151.03253173828125,100.212890625,57.08503723144531,47.94753646850586,24.10589599609375,125.18522644042967
2017-12-12,44.695308685302734,51.84214782714844,257.0711669921875,39.88930130004883,150.65960693359375,100.394775390625,56.90537643432617,48.61079788208008,24.42241668701172,125.61830139160156
2017-12-13,44.39373779296875,51.63336181640625,258.61737060546875,40.22301483154297,151.678955078125,100.70664978027344,55.9445915222168,48.05226135253906,24.02259826660156,127.30144500732422
2017-12-14,44.51791000366211,50.65426254272461,257.982666015625,39.92823028564453,150.93307495117188,98.6015625,55.30407333374024,47.76426315307617,23.930965423583984,125.20162963867188
2017-12-15,42.84150314331055,51.79174423217773,262.7108764648437,39.86149215698242,151.30596923828125,99.7017593383789,57.08503723144531,48.436256408691406,24.18918800354004,126.03500366210938
2017-12-18,42.31818389892578,52.23091506958008,262.6620483398437,40.40654754638672,153.08767700195312,100.60270690917967,55.98365020751953,49.2217025756836,24.555688858032227,126.31275939941406
2017-12-19,42.41574096679688,51.97174072265625,260.3915710449219,41.10178756713867,154.12359619140625,100.7586669921875,56.48357391357422,49.57080459594727,24.530702590942383,125.92061614990234
2017-12-20,42.486724853515625,52.35330581665039,258.5605163574219,40.74262619018555,155.22579956054688,100.62870025634766,57.45996856689453,49.76280212402344,24.555688858032227,126.42720794677734
2017-12-21,41.93677520751953,52.73486709594727,258.129150390625,40.37223815917969,155.86392211914062,100.64603424072266,58.30360794067383,49.68425369262695,24.83889389038086,125.60195922851562
2017-12-22,42.00774383544922,52.34608840942383,258.812744140625,40.48447799682617,155.90533447265625,100.6546859741211,57.34281921386719,49.68425369262695,24.88887405395508,125.41405487060548
2017-12-26,42.06982421875,52.77084732055664,259.203369140625,40.450801849365234,157.75335693359375,100.732666015625,57.55371856689453,49.7453498840332,24.80557632446289,125.63460540771484
2017-12-27,42.025489807128906,52.4540901184082,259.9602355957031,40.6472053527832,157.61248779296875,100.9145736694336,56.835079193115234,50.15553665161133,24.763925552368164,125.78988647460938
2017-12-28,42.149658203125,52.51168823242188,262.1249389648437,39.99622344970703,157.27268981933594,101.503662109375,57.06163024902344,50.14680099487305,24.822235107421875,125.93697357177734
2017-12-29,41.93677520751953,52.28129959106445,261.2704162597656,40.074798583984375,157.0654754638672,101.20044708251952,56.63199615478516,49.80643844604492,24.589006423950195,125.30778503417967
2018-01-02,41.3602294921875,53.95873260498047,259.227783203125,39.69879913330078,155.8224639892578,102.22268676757812,57.4287338256836,51.307525634765625,24.905532836914062,125.59374237060548
2018-01-03,42.31818389892578,54.36189651489258,261.4006652832031,39.55288696289063,156.63455200195312,102.38729095458984,57.17878341674805,51.42097854614258,24.822235107421875,124.55612182617188
2018-01-04,42.73506927490234,51.54695892333984,265.8845520019531,39.395755767822266,157.877685546875,101.76353454589844,58.686370849609375,51.33370971679688,25.147092819213867,126.2392807006836
2018-01-05,42.9922981262207,52.49728012084961,268.2935485839844,39.50798416137695,159.5267791748047,103.01964569091795,61.27970504760742,51.48206329345703,25.26370620727539,127.12177276611328
2018-01-08,43.44466018676758,53.16681289672852,267.0565795898437,39.457481384277344,159.14556884765625,102.84638214111328,60.74854278564453,51.33370971679688,25.088781356811523,126.4353485107422
2018-01-09,43.68507766723633,52.85725021362305,268.968994140625,39.04219436645508,160.02398681640625,102.41326141357422,60.686065673828125,51.42097854614258,25.21372985839844,127.47306060791016
2018-01-10,43.45355224609375,53.3323974609375,269.4084167480469,39.44626235961914,158.94668579101562,101.01853942871094,60.49078369140625,51.342430114746094,25.44695854187012,128.35552978515625
2018-01-11,43.58713912963867,54.26830673217773,269.4735107421875,39.44626235961914,161.3333282470703,101.85015869140624,61.72495269775391,51.69319915771485,25.538589477539062,129.03369140625
2018-01-12,44.08578109741211,54.76505661010742,273.6401062011719,39.06465148925781,162.7753143310547,102.36996459960938,61.53749084472656,51.59674453735352,25.98005485534668,129.9733428955078
2018-01-16,44.157005310058594,54.73626327514648,268.6433410644531,38.677433013916016,162.6841583251953,101.04451751708984,62.05304718017578,51.245975494384766,26.021703720092773,129.00918579101562
2018-01-17,44.76250076293945,54.556278228759766,272.5090026855469,39.36769485473633,165.5929718017578,99.19063568115234,62.09988784790039,51.72826766967773,25.971725463867188,129.43406677246094
2018-01-18,44.72688674926758,54.71467208862305,270.995361328125,39.30034255981445,164.358154296875,102.5778579711914,61.98273849487305,51.79842376708984,26.221609115600582,128.91932678222656
2018-01-19,45.038551330566406,55.05305099487305,270.1814880371094,39.91204833984375,166.8442840576172,102.60384368896484,62.38112258911133,52.00888442993164,26.421518325805664,129.66281127929688
2018-01-22,45.15431213378906,55.72257614135742,267.7401428222656,40.0018424987793,169.4381561279297,101.1657943725586,63.232540130615234,52.23686599731445,26.604774475097656,129.5403289794922
2018-01-23,45.519378662109375,55.44898986816406,267.4960327148437,40.09724426269531,169.8028106689453,101.5729522705078,63.22466278076172,51.938720703125,26.588117599487305,130.39820861816406
2018-01-24,45.813236236572266,55.67217254638672,268.9526672363281,40.15898132324219,170.89671325683594,103.0369873046875,63.60195541381836,54.12220001220703,26.729717254638672,130.70872497558594
2018-01-25,45.9468002319336,56.34890365600586,272.39508056640625,39.23301696777344,170.19229125976562,104.13719940185548,64.12071228027344,55.43755340576172,26.729717254638672,132.2366485595703
2018-01-26,46.97080612182617,56.98245620727539,280.6795654296875,39.85592269897461,171.7336883544922,105.22870635986328,64.45867919921875,55.61293029785156,26.821348190307617,134.81048583984375
2018-01-29,46.24954605102539,57.78877639770508,285.9855651855469,39.18810272216797,169.8193817138672,103.58275604248048,65.73197174072266,55.516483306884766,26.88797950744629,131.93435668945312
2018-01-30,45.37691116333008,54.80826187133789,285.1473083496094,39.1825065612793,167.24208068847656,102.52586364746094,63.02819061279297,54.75357437133789,26.55479621887207,129.8916473388672
2018-01-31,45.93789291381836,54.18191146850586,288.77685546875,39.47431564331055,166.4879608154297,102.85508728027344,61.84920120239258,54.50804138183594,26.65475273132324,130.46353149414062
2018-02-01,45.9735221862793,54.75786209106445,290.8357238769531,39.244232177734375,165.6592254638672,101.89348602294922,61.92780303955078,54.52558135986328,27.07124137878418,130.44723510742188
2018-02-02,44.63785171508789,52.95804214477539,286.9945678710937,38.9468002319336,160.7449951171875,100.15222930908205,60.0886116027832,54.09588623046875,26.61310195922852,127.9959716796875
2018-02-05,42.82135009765625,50.70466232299805,273.8111267089844,37.06118392944336,151.7451629638672,97.00757598876952,57.62846755981445,51.500267028808594,25.205402374267575,122.70133972167967
2018-02-06,43.98782730102539,51.68376922607422,274.73065185546875,37.33617401123047,158.3168487548828,98.72283935546876,58.17863845825195,51.61427307128906,25.98838233947754,123.706298828125
2018-02-07,43.51588821411133,51.49657440185547,281.1108093261719,37.48208999633789,158.5240478515625,98.87012481689452,58.43803024291992,51.44765472412109,26.030027389526367,123.53470611572266
2018-02-08,41.708290100097656,49.113616943359375,272.0532531738281,35.944419860839844,150.178955078125,95.55223083496094,55.45127868652344,49.34312057495117,24.772262573242188,119.31041717529295
2018-02-09,42.500789642333984,49.28639602661133,277.84747314453125,35.93319320678711,152.58221435546875,97.34544372558594,54.539546966552734,50.13230895996094,25.26370620727539,120.84652709960938
2018-02-12,42.874778747558594,49.28639602661133,281.42010498046875,36.6739616394043,152.532470703125,98.74017333984376,54.91682434082031,50.3427848815918,25.921751022338867,122.12934112548828
2018-02-13,43.17753219604492,49.164005279541016,285.01715087890625,36.836708068847656,152.25070190429688,99.2426300048828,55.10545349121094,50.5444564819336,25.971725463867188,121.33678436279295
2018-02-14,44.03235626220703,49.5984992980957,288.6222229003906,36.57856750488281,153.0545654296875,100.76727294921876,54.85395050048828,51.10567474365234,26.65475273132324,122.87289428710938
2018-02-15,45.09198760986328,50.53269577026367,293.78173828125,36.65713119506836,153.53518676757812,101.04558563232422,55.40412902832031,52.17548751831055,26.829669952392575,125.3568344116211
2018-02-16,45.15431213378906,51.35824966430664,293.3991394042969,36.73570251464844,154.94403076171875,101.0195083618164,56.51235961914063,52.76301193237305,26.62976837158203,125.85521697998048
2018-02-20,44.42414474487305,51.35101318359375,291.9018249511719,36.02299118041992,154.7285919189453,100.35855102539062,55.537742614746094,51.84226989746094,26.59644317626953,126.1084976196289
2018-02-21,44.0145378112793,50.4240608215332,290.5753479003906,35.877071380615234,151.70375061035156,100.54989624023438,54.04438018798828,51.72826766967773,26.546464920043945,125.8715591430664
2018-02-22,44.157005310058594,50.45304107666016,289.2325439453125,35.54597091674805,153.70091247558594,100.75861358642578,53.447025299072266,51.72826766967773,26.39653587341309,125.87564849853516
2018-02-23,44.9673080444336,50.95270919799805,291.9018249511719,36.2474479675293,156.08763122558594,102.1500473022461,53.57278823852539,52.3596305847168,26.67973899841309,127.3617706298828
2018-02-26,45.56391143798828,51.12650680541992,291.90997314453125,36.7188606262207,156.17880249023438,102.21094512939452,53.62781524658203,53.07869338989258,27.00460433959961,128.49484252929688
2018-02-27,45.172119140625,50.0692253112793,291.4786071777344,35.91635513305664,153.2948760986328,100.2802963256836,53.64352035522461,53.09623336791992,26.92963409423828,126.37657165527344
2018-02-28,45.11869430541992,49.888179779052734,288.42608642578125,35.32710647583008,151.049072265625,97.78436279296876,53.23480987548828,52.9033203125,26.738052368164062,124.0693588256836
2018-03-01,44.26386260986328,50.83684158325195,277.991943359375,35.035274505615234,148.8695526123047,96.62774658203124,52.7789421081543,51.55289840698242,26.32000160217285,120.86727905273438
2018-03-02,44.80702972412109,51.112037658691406,279.6532287597656,35.102622985839844,147.89169311523438,95.87981414794922,53.0225830078125,52.14041519165039,26.44541931152344,121.6308364868164
2018-03-05,45.6707649230957,51.09031295776367,280.1770324707031,35.98931121826172,150.60986328125,98.06266021728516,53.690673828125,52.93839263916016,26.86346244812012,121.93463897705078
2018-03-06,45.85775375366211,50.53993225097656,277.8365173339844,36.34846878051758,150.52699279785156,100.07159423828124,53.17192459106445,53.38561248779297,26.846738815307617,122.60792541503906
2018-03-07,46.05365753173828,50.32992935180664,280.04595947265625,35.95564270019531,148.8351287841797,100.0280990600586,53.061893463134766,53.74513626098633,26.905261993408203,123.49462890625
2018-03-08,46.41873550415039,49.94610977172852,279.70233154296875,36.7188606262207,148.3016815185547,100.35855102539062,53.72998428344727,54.25373077392578,26.921985626220703,124.16791534423828
2018-03-09,47.16671371459961,51.12650680541992,278.64666748046875,36.842323303222656,151.81878662109375,102.31529235839844,54.44522857666016,55.77078628540039,27.35675621032715,126.61461639404295
2018-03-12,47.10437774658203,50.80062484741211,272.5988464355469,36.9096565246582,149.7769012451172,101.28041076660156,54.24087142944336,55.78829956054688,27.45708274841309,124.98894500732422
2018-03-13,46.819435119628906,50.59061050415039,272.8934631347656,37.1116943359375,148.64341735839844,100.94125366210938,53.64352035522461,55.420013427734375,27.055763244628903,124.38955688476562
2018-03-14,46.587921142578125,49.64196014404297,271.4367980957031,36.19850158691406,147.8599853515625,100.04548645019533,52.7003288269043,55.12187194824219,26.87182235717773,123.50283813476562
2018-03-15,46.6324462890625,48.794677734375,272.70526123046875,36.19283676147461,148.41004943847656,99.38452911376952,51.765018463134766,54.88510513305664,26.838376998901367,124.03651428222656
2018-03-16,46.54339599609375,48.932273864746094,271.2076721191406,35.8411750793457,149.1517791748047,99.94982147216795,51.5999641418457,55.402488708496094,26.896907806396484,124.61946868896484
2018-03-19,46.258445739746094,48.24432373046875,274.3583374023437,35.43845748901367,147.6016387939453,98.46271514892578,50.01227188110352,54.5957260131836,26.738052368164062,123.3222198486328
2018-03-20,41.895294189453125,47.83153533935547,274.644775390625,34.89395523071289,148.4850616455078,99.01058959960938,49.46994400024414,54.93772888183594,26.738052368164062,123.55207824707033
2018-03-21,41.86858749389648,47.990840911865234,274.5384521484375,34.03181457519531,148.3683624267578,99.0975341796875,49.06121826171875,54.736026763916016,26.64608192443848,124.274658203125
2018-03-22,40.86237335205078,47.67220687866211,267.7295837402344,34.253028869628906,146.09310913085938,96.8016586303711,48.5660514831543,53.42945098876953,25.54244613647461,120.59632873535156
2018-03-23,39.88289260864258,47.38254928588867,275.2257995605469,33.617759704589844,143.18443298339844,95.2101821899414,47.835086822509766,52.17548751831055,24.388652801513672,117.64049530029295
2018-03-26,41.38774490356445,48.85985565185547,281.4617919921875,33.804935455322266,147.0015411376953,97.3408432006836,48.41671371459961,53.552223205566406,25.45047378540039,120.64556121826172
2018-03-27,40.40824890136719,47.766357421875,277.3045349121094,34.4401969909668,145.58468627929688,97.32345581054688,47.6307373046875,52.859474182128906,24.681276321411133,118.5108413696289
2018-03-28,40.05206680297852,48.94675064086914,274.4238586425781,35.42145156860352,145.65139770507812,95.63631439208984,49.289154052734375,51.938720703125,24.572586059570312,117.62409973144533
2018-03-29,40.73771667480469,47.41150665283203,276.5516052246094,35.34770965576172,148.55177307128906,97.05384063720705,48.89617538452149,52.54378128051758,25.074237823486328,118.65042114257812
2018-04-02,40.07878494262695,45.69522857666016,272.51708984375,34.32109451293945,144.1011962890625,94.14923095703124,47.9765510559082,51.044281005859375,24.50569725036621,116.94265747070312
2018-04-03,39.97194290161133,45.74591445922852,273.9164123535156,35.54056167602539,144.81793212890625,95.8189468383789,49.18698501586914,51.73704528808594,24.73980140686035,118.4451675415039
2018-04-04,40.52400588989258,47.44047927856445,279.71044921875,35.93193054199219,147.88497924804688,96.34943389892578,50.52316284179688,52.14041519165039,24.98226928710937,118.92137908935548
2018-04-05,40.92469787597656,46.81769561767578,283.6877136230469,36.60690307617188,149.29347229003906,97.11473846435548,50.82183837890625,52.49118423461914,25.350141525268555,120.20220184326172
2018-04-06,39.91851043701172,45.963165283203125,273.8754577636719,36.21552658081055,145.3929901123047,95.13191223144533,49.81576156616211,50.48307037353516,24.77324867248535,117.1971206665039
2018-04-09,39.98082733154297,45.51417541503906,274.89849853515625,35.875205993652344,143.776123046875,95.32324981689452,49.760738372802734,51.05306625366211,24.973907470703125,117.2710418701172
2018-04-10,40.800048828125,46.17317199707031,277.7218933105469,36.425392150878906,144.5928955078125,95.97547149658205,50.27949142456055,51.85979080200195,25.483917236328125,119.57001495361328
2018-04-11,40.61305618286133,46.42664337158203,277.787353515625,36.209842681884766,144.06784057617188,95.03627014160156,49.572113037109375,51.25474548339844,24.99899101257324,118.46160125732422
2018-04-12,40.85346603393555,46.375953674316406,280.6025695800781,35.96027755737305,144.4845733642578,95.69719696044922,50.3030891418457,51.83628845214844,25.62605094909668,120.25967407226562
2018-04-13,41.03155517578125,46.21662521362305,280.3734436035156,36.27224349975586,144.01785278320312,95.6623992919922,49.85507583618164,51.53670883178711,24.915382385253903,119.97232055664062
2018-04-16,41.17462158203125,47.95463943481445,282.9102783203125,36.44240951538086,145.3763427734375,97.20169830322266,51.953651428222656,52.22397994995117,25.02407455444336,120.48956298828124
2018-04-17,41.72004318237305,47.77360153198242,285.7254333496094,36.28926467895508,145.77647399902344,98.34095001220705,52.74748992919922,52.69097518920898,25.116043090820312,122.09063720703124
2018-04-18,42.09557723999024,47.98360824584961,287.3704528808594,34.88261032104492,149.89361572265625,98.43661499023438,52.3544921875,52.44425964355469,24.689638137817383,122.64073181152344
2018-04-19,41.86310577392578,47.273921966552734,289.1954345703125,32.772647857666016,147.5849609375,95.3493423461914,51.765018463134766,52.7614631652832,25.23309326171875,121.62262725830078
2018-04-20,41.3355712890625,46.28904724121094,288.057861328125,32.46068572998047,147.52659606933594,94.67970275878906,51.5749397277832,52.15347671508789,25.299978256225582,123.62598419189452
2018-04-23,40.95109176635742,46.7814826965332,293.46734619140625,32.08632278442383,148.068359375,94.68838500976562,52.0184440612793,51.84510803222656,25.350141525268555,122.02494049072266
2018-04-24,40.70969009399414,47.07115173339844,275.3731994628906,31.36598777770996,146.90150451660156,91.98375701904295,52.74709701538086,51.37810897827149,25.2414493560791,120.87547302246094
2018-04-25,40.90637969970703,47.75911712646485,269.6526794433594,31.672277450561523,147.84335327148438,93.81873321533205,53.64206314086914,51.67768859863281,25.19964599609375,120.74407958984376
2018-04-26,41.09415054321289,48.33120727539063,270.3892822265625,31.065378189086918,154.78587341308594,93.6622085571289,54.40236282348633,52.4266357421875,25.14112091064453,120.5306625366211
2018-04-27,40.70969009399414,48.599151611328125,263.5395202636719,31.83675765991211,155.40257263183594,93.89701080322266,55.40029144287109,52.47950744628906,25.208011627197266,120.63736724853516
2018-04-30,40.83486175537109,48.1212043762207,262.5656433105469,31.82543182373047,154.0190887451172,92.07941436767578,55.30524826049805,51.219505310058594,25.01571655273437,118.78997039794922
2018-05-01,41.08520126342773,47.375301361083984,252.4342803955078,31.78005027770996,153.8773956298828,92.9838638305664,53.85588836669922,51.82746505737305,25.04078865051269,118.65042114257812
2018-05-02,40.69179153442383,46.09352111816406,250.175537109375,31.587196350097656,154.9442138671875,91.93155670166016,52.22438049316406,50.97278594970703,24.731443405151367,117.39422607421876
2018-05-03,40.2894287109375,45.065189361572266,253.6372528076172,31.96721839904785,152.67724609375,91.2793197631836,49.31774139404297,51.04327392578125,24.413732528686523,117.70621490478516
2018-05-04,40.87062072753906,46.20938873291016,254.873046875,31.91050148010254,154.21075439453125,92.53163146972656,49.97509002685547,51.75698852539063,24.49733543395996,118.14138793945312
2018-05-07,41.192501068115234,45.11588287353516,260.00421142578125,31.598539352416992,152.9856414794922,92.3664093017578,48.90589141845703,52.26803207397461,24.781604766845703,118.3630599975586
2018-05-08,41.076271057128906,45.15933990478516,265.3072204589844,31.348974227905277,154.21910095214844,92.77513885498048,48.082218170166016,51.73054504394531,25.02407455444336,118.4205322265625
2018-05-09,41.64851379394531,45.57935333251953,266.8866271972656,31.7176570892334,155.31924438476562,93.49130249023438,48.478214263916016,52.3385124206543,25.6845817565918,119.61927032470705
2018-05-10,41.96144485473633,46.20938873291016,265.5526733398437,31.78572654724121,155.98599243164062,92.67034149169922,49.4523811340332,53.36063003540039,25.826719284057617,120.941162109375
2018-05-11,41.86310577392578,46.41215515136719,265.18438720703125,31.303590774536133,158.61135864257812,87.70974731445312,51.01262283325195,53.9774055480957,25.85179901123047,120.9904327392578
2018-05-14,41.86310577392578,47.14356994628906,261.12530517578125,31.207176208496094,159.25306701660156,89.92805480957031,52.92133331298828,54.64705657958984,26.01901626586914,120.941162109375
2018-05-15,41.85415649414063,46.78872680664063,261.6900329589844,30.92357635498047,156.66937255859375,89.98046112060547,52.145164489746094,53.34298706054688,26.10262489318848,120.98218536376952
2018-05-16,41.78263092041016,47.60702896118164,261.3299560546875,31.122093200683597,155.3359375,90.39093780517578,52.37485122680664,53.54565048217773,25.968847274780277,121.14640045166016
2018-05-17,41.61274337768555,48.08062744140625,262.2218933105469,31.360322952270508,154.4607696533203,91.18566131591795,52.081817626953125,53.80118179321289,25.759828567504883,121.40638732910156
2018-05-18,41.41603469848633,46.8784294128418,262.2464904785156,31.50211906433105,156.20265197753906,91.65726470947266,51.41653060913086,54.3739013671875,25.299978256225582,122.41311645507812
2018-05-21,42.211822509765625,46.99501037597656,265.380859375,31.558837890625,158.17791748046875,91.72714233398438,51.87589263916016,54.726348876953125,25.54244613647461,124.1873550415039
2018-05-22,41.46074295043945,46.79829406738281,259.529541015625,31.3149471282959,155.74429321289062,89.81450653076172,51.970924377441406,54.09194946289063,25.826719284057617,124.50090789794922
2018-05-23,41.93463134765625,46.565128326416016,266.2318115234375,31.69497299194336,155.57762145996094,89.70095825195312,51.93133544921875,54.48846054077149,25.45047378540039,124.87228393554688
2018-05-24,41.54121780395508,46.20083236694336,267.07489013671875,31.70063018798828,155.97764587402344,89.517578125,51.5749397277832,55.07881164550781,25.2581787109375,124.67420196533205
2018-05-25,42.02404022216797,46.28825378417969,262.5328063964844,31.553163528442383,155.72764587402344,90.30358123779295,52.29565048217773,54.95545196533203,25.21637344360352,124.32764434814452
2018-05-29,41.36238479614258,45.68352508544922,259.5868530273437,31.60988426208496,154.18576049804688,88.24250030517578,51.32148742675781,54.01265335083008,24.213069915771484,122.2975845336914
2018-05-30,42.06874847412109,46.2955436706543,262.7293701171875,32.097679138183594,156.80067443847656,88.58308410644531,52.26396560668945,54.69110107421875,24.65619468688965,124.14611053466795
2018-05-31,41.77370071411133,45.457664489746094,259.0236511230469,31.61555290222168,156.3480682373047,88.13768005371094,50.20476913452149,54.215309143066406,24.379154205322266,122.05828857421876
2018-06-01,42.33699798583984,45.80009841918945,260.74468994140625,31.60422134399414,157.0185546875,89.08963775634766,50.74332809448242,54.990699768066406,24.681379318237305,123.85726165771484
2018-06-04,42.3101692199707,46.12068176269531,262.012939453125,31.77437210083008,160.3793487548828,89.45645904541016,50.76708984375,55.52817916870117,24.681379318237305,123.89854431152344
2018-06-05,42.14027786254883,45.82195663452149,263.536376953125,31.950204849243164,160.865478515625,89.517578125,50.15726089477539,55.53697967529297,24.44631576538086,123.67571258544922
2018-06-06,42.69465255737305,46.01139450073242,263.4457702636719,31.93886375427246,162.24832153320312,90.76644134521484,51.54326629638672,55.98637008666992,25.218658447265625,124.60818481445312
2018-06-07,42.63204956054688,46.339263916015625,265.125732421875,32.154396057128906,164.41064453125,90.03285217285156,51.4957275390625,55.669166564941406,25.260631561279297,125.50772094726562
2018-06-08,43.07911682128906,46.19353866577149,265.4221496582031,32.732940673828125,166.22096252441406,90.95858764648438,52.29565048217773,55.74845886230469,25.19347381591797,125.31786346435548
2018-06-11,43.08806228637695,46.67442321777344,262.9435119628906,33.03921890258789,167.31883239746094,90.76644134521484,53.01637268066406,55.62510299682617,25.23545265197754,125.32614135742188
2018-06-12,43.32052993774414,46.41212463378906,259.5342102050781,32.8293571472168,168.71849060058594,90.4171371459961,52.5490837097168,55.44007110595703,25.101133346557617,125.6480484008789
2018-06-13,43.15958786010742,46.565128326416016,258.8671264648437,32.57413101196289,167.88037109375,90.21624755859376,54.18061065673828,55.184547424316406,25.050758361816406,125.29317474365234
2018-06-14,41.040504455566406,47.26459884643555,255.77073669433597,32.55690002441406,167.34396362304688,90.79266357421876,54.74292755126953,55.475318908691406,24.76532554626465,124.77326965332033
2018-06-15,41.380279541015625,47.94220352172852,255.4001617431641,33.18277359008789,168.07310485839844,92.03279876708984,55.51116943359375,55.43125534057617,24.580638885498047,123.97279357910156
2018-06-18,41.594871520996094,46.7400016784668,254.8896331787109,32.49947738647461,168.19886779785156,91.70092010498048,53.64996719360352,55.35195159912109,24.681379318237305,123.7417449951172
2018-06-19,41.3713264465332,47.075157165527344,249.12510681152344,32.60856246948242,166.95848083496094,90.94112396240234,56.04971694946289,54.929012298583984,24.56385040283203,121.53840637207033
2018-06-20,38.28659439086914,49.54512405395508,249.40513610839844,32.58561325073242,166.84950256347656,91.82317352294922,56.70708084106445,54.7527961730957,24.547060012817383,120.92774200439452
2018-06-21,38.53694534301758,49.39212417602539,247.3628692626953,32.55115509033203,167.88037109375,91.0895767211914,56.295257568359375,54.409156799316406,24.58902931213379,118.8069305419922
2018-06-22,39.43106460571289,49.2609748840332,246.53941345214844,32.74063491821289,165.44985961914062,92.06774139404295,57.166446685791016,54.57655715942383,24.337177276611328,118.83167266845705
2018-06-25,39.59201431274414,48.99138641357422,246.0369873046875,32.76934051513672,164.58665466308594,91.79698944091795,56.57242965698242,53.54565048217773,23.909034729003903,118.86468505859376
2018-06-26,39.70824813842773,48.50322723388672,246.2922515869141,32.212371826171875,164.56988525390625,92.42577362060548,55.28940963745117,53.580902099609375,23.95940399169922,118.8399429321289
2018-06-27,38.84989547729492,48.2773551940918,242.75125122070312,32.14921569824219,163.44680786132812,91.79698944091795,55.47949600219727,53.298946380615234,23.707550048828125,118.12197875976562
2018-06-28,39.19860458374024,43.49770736694336,243.13006591796875,32.89566421508789,163.60601806640625,92.32974243164062,52.097652435302734,53.98622512817383,24.06854057312012,118.1137466430664
2018-06-29,39.39530563354492,43.72721862792969,243.2865295410156,32.60856246948242,163.5138702392578,90.59178161621094,50.9650993347168,53.739505767822266,23.66557884216309,118.87293243408205
2018-07-02,40.19108581542969,44.53961563110352,246.32525634765625,32.08031463623047,162.6086883544922,89.67475891113281,51.614532470703125,53.74831771850586,23.741140365600582,119.50010681152344
2018-07-03,39.98543167114258,44.2700309753418,246.60528564453125,32.419090270996094,162.27346801757812,89.08089447021484,51.08388900756836,53.580902099609375,23.32138442993164,119.60741424560548
2018-07-05,40.60238265991211,45.45037078857422,246.38284301757807,33.09089660644531,162.935546875,89.788330078125,51.55117034912109,54.03908157348633,23.438915252685547,119.59089660644533
2018-07-06,41.1299057006836,46.12068176269531,246.38284301757807,33.469852447509766,162.9941864013672,89.95425415039062,52.65204620361328,54.77040863037109,23.5312614440918,120.25106048583984
2018-07-09,41.78263092041016,46.43398284912109,252.38624572753903,33.31483840942383,164.33522033691406,90.75770568847656,53.57077026367188,55.01713180541992,24.387544631958008,121.6539077758789
2018-07-10,42.01509475708008,46.04782485961914,254.32139587402344,33.7397346496582,165.6174774169922,91.52626037597656,54.04597854614258,55.343143463134766,24.20285987854004,122.16553497314452
2018-07-11,42.59629440307617,46.38298797607422,252.468505859375,33.69953918457031,165.0642852783203,90.6092758178711,53.30148315429688,55.13167572021485,24.07693290710449,119.2607879638672
2018-07-12,43.05230331420898,46.54327774047852,258.0106506347656,33.30908966064453,165.90240478515625,90.68783569335938,53.84797668457031,55.52996444702149,24.152490615844727,122.04180908203124
2018-07-13,43.481475830078125,47.48316955566406,262.1775207519531,33.59044647216797,166.52264404296875,90.81884002685548,54.35484313964844,55.81318664550781,23.967803955078125,121.71995544433594
2018-07-16,43.49942398071289,47.475887298583984,262.737548828125,32.809532165527344,166.681884765625,89.40403747558594,54.04597854614258,54.68027877807617,25.000394821166992,120.81220245361328
2018-07-17,43.89439392089844,47.81833267211914,261.4611511230469,32.930118560791016,168.54246520996094,92.05899810791016,53.808380126953125,55.58305740356445,25.19347381591797,122.53691864013672
2018-07-18,43.661014556884766,48.20449447631836,263.3305053710937,32.9760627746582,168.43353271484375,93.22928619384766,53.776702880859375,57.30896759033203,25.29421806335449,123.08155822753906
2018-07-19,43.481475830078125,47.30831146240234,263.19049072265625,32.69469451904297,169.8247833251953,92.91487884521484,52.38277053833008,56.450439453125,24.908039093017575,121.75296783447266
2018-07-20,43.55328369140625,47.3447494506836,265.6197814941406,33.096641540527344,169.67393493652344,91.70092010498048,51.68581008911133,56.04330062866211,25.29421806335449,126.36595153808594
2018-07-23,43.68793487548828,47.60703659057617,262.144775390625,33.067928314208984,169.4895477294922,91.18566131591795,52.54116439819336,55.93709945678711,25.8147087097168,126.83629608154295
2018-07-24,43.68793487548828,47.730899810791016,265.63623046875,33.297611236572266,169.2884063720703,92.61792755126952,52.333683013916016,56.99920654296875,25.881866455078125,128.04112243652344
2018-07-25,43.93927383422852,48.597938537597656,267.1103210449219,33.21722412109375,168.4586944580078,95.43885803222656,52.66087341308594,57.733829498291016,26.083351135253903,130.40121459960938
2018-07-26,43.86746597290039,49.20996856689453,265.9410095214844,32.212371826171875,167.11769104003906,96.64405822753906,52.94016647338867,58.114402770996094,25.97421264648437,131.30902099609375
2018-07-27,43.65203475952149,50.01143646240234,266.8880310058594,33.24592971801758,165.22360229492188,95.57858276367188,53.20351791381836,57.76035690307617,26.074953079223636,131.49053955078125
2018-07-30,42.844146728515625,50.39030838012695,263.6105041503906,33.56173324584961,165.34091186523438,95.84058380126952,53.81001663208008,57.680702209472656,26.284820556640625,129.49349975585938
2018-07-31,42.79926300048828,49.26825714111328,268.5432434082031,33.69380187988281,165.54205322265625,96.64405822753906,51.75911712646485,58.008182525634766,25.9238395690918,131.74639892578125
2018-08-01,42.5030517578125,48.40849304199219,267.5797424316406,33.34928894042969,164.51962280273438,95.83182525634766,51.144657135009766,57.33552169799805,26.234455108642575,129.46878051757812
2018-08-02,42.99674606323242,48.80196762084961,265.1833801269531,33.77994155883789,163.98318481445312,95.47374725341795,50.89726257324219,57.15851974487305,26.25964736938477,128.6518096923828
2018-08-03,43.50840377807617,48.9768180847168,263.9728088378906,34.29670715332031,163.96646118164062,96.89733123779295,51.78305435180664,57.733829498291016,26.452730178833008,127.94208526611328
2018-08-06,43.68793487548828,49.12253189086914,260.9835510253906,34.57231521606445,164.00831604003906,96.34711456298828,51.90277099609375,57.7426643371582,26.46112632751465,127.88433837890624
2018-08-07,43.51737976074219,48.85294342041016,261.3869934082031,34.1990966796875,165.1481475830078,96.03271484375,52.22994613647461,57.30012512207031,26.452730178833008,129.03140258789062
2018-08-08,43.43658447265625,48.44493103027344,259.6576843261719,33.65359878540039,165.9611358642578,95.41265106201172,54.40053176879883,57.388633728027344,26.696189880371094,128.0741424560547
2018-08-09,43.57123565673828,48.21177673339844,259.9870300292969,34.00387191772461,166.0113525390625,95.79861450195312,54.71974563598633,57.21160507202149,26.52828788757324,127.05087280273438
2018-08-10,43.373756408691406,48.44493103027344,257.8542785644531,33.90625,164.51962280273438,94.26351165771484,55.10279083251953,56.671722412109375,26.184091567993164,126.33290100097656
2018-08-13,43.09549331665039,48.43764877319336,258.2823791503906,33.8660774230957,162.7092742919922,93.05298614501952,55.46189498901367,56.14067077636719,25.588043212890625,125.72227478027344
2018-08-14,43.29296112060547,50.0260009765625,262.3587646484375,33.99812316894531,161.83766174316406,93.72842407226562,56.9621467590332,56.31767654418945,25.848291397094727,127.19114685058594
2018-08-15,42.94289016723633,50.07700347900391,261.6259155273437,34.55509185791016,162.58352661132812,93.88630676269533,57.16963958740234,56.17606735229492,25.48730087280273,126.40717315673828
2018-08-16,43.17627334594727,50.7254638671875,268.3456726074219,34.928314208984375,163.75689697265625,94.64948272705078,58.414527893066406,56.78677749633789,25.789520263671875,127.78793334960938
2018-08-17,43.40966796875,51.31938552856445,267.82684326171875,35.025936126708984,163.89935302734375,95.10560607910156,58.79759216308594,57.282413482666016,25.80631446838379,128.67523193359375
2018-08-20,43.463523864746094,51.31938552856445,266.9950866699219,35.02018737792969,165.8856964111328,96.25473022460938,59.5477294921875,57.21160507202149,25.915447235107425,128.92396545410156
2018-08-21,43.45454025268555,51.51002883911133,267.13507080078125,34.41154479980469,167.81333923339844,97.43895721435548,58.80558395385742,57.30896759033203,26.041372299194336,130.1761474609375
2018-08-22,43.80461120605469,51.0627555847168,265.10107421875,34.061283111572266,166.75729370117188,97.01789093017578,58.98112487792969,58.12324905395508,26.007795333862305,129.47128295898438
2018-08-23,43.94824600219727,50.79879379272461,263.52813720703125,34.3483772277832,167.75462341308594,96.28982543945312,58.76567840576172,58.26487350463867,25.89026641845703,130.9473876953125
2018-08-24,44.217533111572266,50.747467041015625,264.58221435546875,33.751216888427734,168.71011352539062,97.03545379638672,59.11680221557617,58.50384521484375,25.93223571777344,130.6156463623047
2018-08-27,44.280364990234375,50.916107177734375,267.09393310546875,33.88328552246094,169.27996826171875,97.48281860351562,59.81904983520508,59.15877914428711,26.284820556640625,132.14151000976562
2018-08-28,43.661014556884766,50.79879379272461,267.09393310546875,33.56173324584961,169.2716064453125,96.37754821777344,59.78712844848633,59.11454772949219,26.25124931335449,132.763427734375
2018-08-29,43.88540267944336,50.34418487548828,267.07745361328125,33.54450607299805,169.8949737548828,97.9477310180664,59.41205978393555,59.415470123291016,26.142114639282227,132.9292449951172
2018-08-30,43.427616119384766,49.7136116027832,265.0433349609375,33.69380187988281,167.85638427734375,97.07054901123048,59.47589874267578,59.31808471679688,26.03297996520996,132.22438049316406
2018-08-31,43.60714340209961,50.2708625793457,265.5074157714844,33.6019287109375,169.1283721923828,96.9652862548828,60.04249954223633,59.15877914428711,25.96581649780273,131.90101623535156
2018-09-04,43.60714340209961,49.58160400390625,266.7503967285156,33.940711975097656,172.75917053222656,96.3863296508789,59.05295181274414,59.39774703979492,26.142114639282227,132.3819580078125
2018-09-05,43.12241744995117,50.03621673583984,266.26971435546875,34.82497024536133,171.97569274902344,97.01789093017578,59.763179779052734,58.41533279418945,26.17569351196289,134.16488647460938
2018-09-06,42.82620620727539,49.88224411010742,272.5509033203125,34.90535354614258,173.44149780273438,98.24597930908205,60.70484161376953,58.26487350463867,26.02385139465332,136.0058135986328
2018-09-07,42.915958404541016,49.99957656860352,272.2360534667969,34.985740661621094,173.72789001464844,97.81614685058594,61.67841339111328,58.60118865966797,26.032289505004883,135.01071166992188
2018-09-10,43.85847854614258,50.44683074951172,267.6122131347656,34.78477096557617,177.48500061035156,98.32492065429688,60.36170196533203,58.90213394165039,25.998544692993164,135.47509765625
2018-09-11,43.91233444213867,50.40285110473633,267.0155334472656,34.14741516113281,180.14703369140625,98.76351165771484,60.43349838256836,58.946380615234375,26.02385139465332,135.21803283691406
2018-09-12,44.28934860229492,51.605350494384766,269.5429992675781,36.42122650146485,178.57168579101562,98.27229309082033,61.70235824584961,59.27385711669922,25.6695613861084,135.90628051757812
2018-09-13,43.94824600219727,51.67866897583008,274.51483154296875,35.74083709716797,176.4404296875,99.07930755615234,61.51084518432617,60.62800979614258,25.4249267578125,137.41555786132812
2018-09-14,44.20855712890625,51.53202438354492,278.2603759765625,36.0955696105957,176.12034606933594,98.39508819580078,61.37519836425781,60.55721664428711,25.618940353393555,136.91798400878906
2018-09-17,44.14572525024414,51.65667343139648,281.1937561035156,36.31074142456055,175.555908203125,99.1144027709961,62.324806213378906,59.89341735839844,25.54302024841309,137.4486846923828
2018-09-18,44.01107025146485,51.97196578979492,284.4089050292969,36.13628387451172,177.76303100585938,99.3600082397461,62.73178482055664,60.548377990722656,25.48396873474121,137.77212524414062
2018-09-19,44.37013626098633,52.2652702331543,281.1606140136719,35.96181869506836,178.3189697265625,100.92142486572266,63.01109313964844,60.62800979614258,26.150388717651367,137.4901580810547
2018-09-20,45.26778030395508,53.44578552246094,276.0478515625,36.20606994628906,177.79669189453125,101.68457794189452,63.354248046875,60.88468170166016,26.310667037963867,138.10377502441406
2018-09-21,45.86919021606445,53.52644348144531,279.8016662597656,36.37471008300781,178.91708374023438,101.73722839355467,63.51385498046875,61.11483001708984,26.175695419311523,138.7672119140625
2018-09-24,45.99485778808594,52.93984222412109,279.7352600097656,35.50823974609375,175.21055603027344,98.85124969482422,62.83553695678711,63.23017120361328,25.93106460571289,137.2082061767578
2018-09-25,46.425724029541016,52.947174072265625,284.674072265625,35.304691314697266,174.76405334472656,97.8424835205078,61.93378448486328,63.90282440185547,25.872013092041016,137.29115295410156
2018-09-26,46.34492874145508,53.49710464477539,284.12725830078125,35.36284637451172,174.8146209716797,96.83368682861328,62.588165283203125,64.46927642822266,25.416486740112305,137.45703125
2018-09-27,46.39878463745117,54.120361328125,286.7539978027344,35.33959197998047,174.2417755126953,95.60559844970705,62.85150146484375,64.62857055664062,25.25621795654297,137.1252899169922
2018-09-28,46.2821044921875,53.45312881469727,286.679443359375,35.072078704833984,174.50291442871094,95.7284164428711,62.819580078125,64.92950439453125,24.85130882263184,137.9876708984375
2018-10-01,46.49753189086914,53.1304817199707,288.3117980957031,35.083709716796875,174.88201904296875,96.27228546142578,63.44200134277344,65.60216522216797,25.01157760620117,139.5391082763672
2018-10-02,45.0882453918457,53.88572311401367,289.25653076171875,35.641990661621094,172.4811248779297,96.67578887939452,63.23454284667969,65.32782745361328,24.95252799987793,139.19534301757812
2018-10-03,44.65737915039063,54.1130256652832,287.90582275390625,35.39192199707031,171.63035583496094,95.37754821777344,63.76123046875,63.76120376586914,25.30682373046875,138.65042114257812
2018-10-04,44.406044006347656,53.77573776245117,289.5796203613281,35.926937103271484,167.51100158691406,95.14070892333984,63.354248046875,63.56649398803711,25.6695613861084,138.0886993408203
2018-10-05,44.29833221435547,53.16714477539063,287.71514892578125,36.0955696105957,165.43028259277344,94.7547378540039,62.77965927124024,63.35405731201172,25.500843048095703,137.55221557617188
2018-10-08,44.30729675292969,54.369659423828125,289.9691772460937,36.73525619506836,167.1403350830078,96.12317657470705,63.681434631347656,63.23017120361328,25.53458595275879,138.21449279785156
2018-10-09,43.86746597290039,53.93705368041992,287.7980651855469,36.69454956054688,164.89959716796875,86.45645904541016,63.43402862548828,63.09739303588867,25.289947509765625,134.9280548095703
2018-10-10,42.54792785644531,53.0205078125,279.0475769042969,36.58406448364258,163.17271423339844,87.36874389648438,62.97917938232422,60.99976348876953,24.665719985961918,131.30630493164062
2018-10-11,41.99140548706055,51.98663711547852,270.35504150390625,35.54312515258789,159.8367462158203,84.54415893554688,58.40655899047852,60.52181243896485,23.923385620117188,128.79110717773438
2018-10-12,42.52997970581055,53.89306640625,271.48199462890625,34.926700592041016,162.13650512695312,83.41258239746094,59.51579666137695,61.61494827270508,24.00773811340332,130.95416259765625
2018-10-15,42.466896057128906,54.7876205444336,274.4816589355469,35.72921371459961,161.04141235351562,84.3424301147461,58.30281066894531,61.05503463745117,23.552221298217773,130.96258544921875
2018-10-16,43.4672737121582,55.93146896362305,279.3623962402344,35.33959197998047,163.0715789794922,86.12313079833984,58.82950973510742,63.0546760559082,24.06679344177246,133.77110290527344
2018-10-17,43.13382339477539,56.44473648071289,276.2715759277344,35.25236129760742,155.9869842529297,86.07049560546875,59.340240478515625,62.41481018066406,24.37890625,132.5052032470703
2018-10-18,42.701210021972656,56.15143203735352,271.7968444824219,35.4326286315918,152.00242614746094,86.83364868164062,59.47589874267578,60.55735778808594,23.830591201782227,130.10743713378906
2018-10-19,42.89048385620117,56.71602630615234,271.9128723144531,36.02579116821289,151.50543212890625,88.93892669677734,59.19660949707031,60.06856918334961,23.88964462280273,128.66537475585938
2018-10-22,43.20591735839844,56.93600082397461,270.7858581542969,35.65361022949219,150.5788116455078,89.17576599121094,58.127254486083984,60.89508056640625,23.096698760986328,127.94440460205078
2018-10-23,43.250972747802734,56.65003204345703,266.2863464355469,35.9676399230957,150.39346313476562,88.27225494384766,58.21563720703125,60.93952178955078,22.79301643371582,126.25928497314452
2018-10-24,42.1424446105957,54.40632629394531,257.81756591796875,36.235137939453125,149.07928466796875,85.77223205566406,56.094337463378906,59.49090576171875,22.09285926818848,121.84943389892578
2018-10-25,43.223934173583984,55.53551483154297,253.90631103515625,36.72944641113281,150.84837341308594,90.9740219116211,56.78536224365234,60.13966751098633,22.430286407470703,123.64352416992188
2018-10-26,42.64714431762695,55.89479446411133,252.7793426513672,36.6887321472168,145.08633422851562,90.20208740234376,56.34342575073242,59.53533554077149,22.26156997680664,122.4362564086914
2018-10-29,42.37676239013672,56.32740020751953,237.54879760742188,37.56102752685547,145.9034881591797,90.25472259521484,56.68092346191406,59.819732666015625,22.447154998779297,122.04550170898438
2018-10-30,43.77369689941406,57.77922439575195,241.19482421875,38.305397033691406,148.46438598632812,91.42138671875,58.16743850708008,60.43294143676758,22.590557098388672,123.6894073486328
2018-10-31,44.017032623291016,58.49047470092773,243.49850463867188,37.822715759277344,148.16111755371094,92.1845474243164,58.16743850708008,61.2683219909668,23.19792366027832,125.29867553710938
2018-11-01,43.79173278808594,58.58579635620117,248.1141357421875,37.02602005004883,152.0193328857422,93.6319351196289,59.790565490722656,62.34370040893555,23.459428787231445,124.9785614013672
2018-11-02,44.00804138183594,58.145843505859375,247.99801635742188,37.02602005004883,151.5727996826172,93.78103637695312,58.72990798950195,62.37923812866211,23.526912689208984,125.86971282958984
2018-11-05,44.17928314208984,58.63711166381836,251.2546539306641,37.584285736083984,153.47665405273438,93.37752532958984,59.21202850341797,62.55697250366211,23.670312881469727,127.3405532836914
2018-11-06,44.38655471801758,59.09904861450195,254.03062438964844,37.7238655090332,153.32501220703125,94.17578887939452,62.59488296508789,63.063568115234375,23.796850204467773,128.4393768310547
2018-11-07,45.296817779541016,60.05960464477539,256.73199462890625,38.01462173461914,157.72232055664062,96.07930755615234,63.2939453125,64.43218994140625,24.07522201538086,129.95346069335938
2018-11-08,45.45003509521485,60.77468490600586,255.68785095214844,38.01462173461914,158.3709716796875,95.74449920654295,64.3224868774414,64.84101104736328,24.35360145568848,130.25631713867188
2018-11-09,45.61225891113281,60.73781967163086,259.4664611816406,36.88064956665039,156.67774963378906,94.89868927001952,64.14569854736328,64.6899185180664,24.058349609375,130.0573272705078
2018-11-12,44.35951614379883,60.31024169921875,252.83729553222656,35.58964538574219,151.15159606933594,92.86344146728516,64.55548095703125,62.70805740356445,23.4088134765625,128.16249084472656
2018-11-13,44.620872497558594,60.39134216308594,253.35108947753903,34.89181137084961,150.7893524169922,91.903076171875,64.92511749267578,61.757137298583984,23.4172477722168,127.77317810058594
2018-11-14,44.017032623291016,60.09645080566406,251.40386962890625,34.36843490600586,151.54751586914062,92.81938934326172,64.21800994873047,61.68603515625,22.95329475402832,127.64338684082033
2018-11-15,45.630279541015625,60.664093017578125,253.13568115234372,33.3100471496582,149.4078826904297,94.3436279296875,64.15372467041016,62.85917282104492,23.53534507751465,128.56564331054688
2018-11-16,46.1169548034668,60.83366012573242,249.6222381591797,33.019283294677734,149.12142944335938,94.42291259765624,63.74391555786133,64.02337646484375,23.4088134765625,129.24423217773438
2018-11-19,44.656925201416016,60.39134216308594,244.11170959472656,32.37959671020508,146.2320098876953,94.8898696899414,63.1171760559082,62.69028091430664,23.4088134765625,128.3045654296875
2018-11-20,43.55741500854492,58.82109832763672,243.50680541992188,32.350521087646484,142.4075164794922,93.28633880615234,60.68248748779297,61.3749885559082,23.096698760986328,125.3290786743164
2018-11-21,43.81876754760742,58.79898452758789,243.86306762695312,31.629419326782227,142.6181182861328,94.10572052001952,60.33697128295898,60.90398025512695,23.00390625,125.37257385253906
2018-11-23,43.890872955322266,59.57303237915039,244.7663726806641,31.239791870117188,142.23904418945312,94.52865600585938,60.40928268432617,60.53069305419922,22.75084114074707,124.64173126220705
2018-11-26,43.49430465698242,60.22914505004883,244.68348693847656,30.943220138549805,143.0561981201172,94.5727081298828,62.546661376953125,61.15280532836914,23.2485408782959,124.6069564819336
2018-11-27,42.75528717041016,61.57085037231445,244.6918029785156,31.280502319335938,145.92034912109375,93.21585083007812,63.88050842285156,61.95264053344727,23.40038299560547,124.31983947753906
2018-11-28,43.43122863769531,62.39650344848633,248.5449981689453,31.9550724029541,150.3608856201172,94.83700561523438,64.49925231933594,64.72547149658203,23.9824333190918,125.5465850830078
2018-11-29,43.169864654541016,62.55132675170898,250.60009765625,32.530792236328125,148.86097717285156,95.56828308105467,64.28229522705078,65.10762023925781,23.653444290161133,126.79942321777344
2018-11-30,43.944942474365234,62.41862487792969,250.7753143310547,31.885292053222656,152.8100128173828,96.32598876953124,64.4429931640625,65.8096923828125,23.95712661743164,127.67823028564452
2018-12-03,44.90927505493164,63.17056655883789,247.7368927001953,32.4086799621582,154.01336669921875,97.40969848632812,63.8965950012207,66.0052261352539,24.07522201538086,129.61837768554688
2018-12-04,43.93593215942383,61.0548210144043,239.33963012695312,31.635236740112305,148.55584716796875,94.0352554321289,63.40643310546875,63.54347229003906,22.76770782470703,124.13715362548828
2018-12-06,42.07034683227539,61.14327239990234,239.02247619628903,31.635236740112305,149.11517333984375,93.20706176757812,61.52618408203125,63.57902145385742,22.292675018310547,123.16267395019533
2018-12-07,41.45748901367188,59.85316467285156,238.2294006347656,31.50729751586914,146.42877197265625,90.9515609741211,59.5334358215332,62.16594314575195,21.571638107299805,120.68304443359376
2018-12-10,42.06134033203125,59.83106231689453,249.0808258056641,31.03045082092285,145.4966278076172,91.1541748046875,58.930782318115234,63.02803039550781,21.003297805786133,120.02181243896484
2018-12-11,41.87206268310547,60.31024169921875,243.86380004882807,31.37354850769043,145.93728637695312,90.78414154052734,58.98704147338867,63.84563064575195,20.850605010986328,119.02999877929688
2018-12-12,42.64714431762695,60.77468490600586,244.1559600830078,31.01300621032715,147.63217163085938,91.1541748046875,59.86287689208984,64.4588394165039,20.799711227416992,120.3176727294922
2018-12-13,42.56603240966797,60.68620681762695,243.93063354492188,31.356103897094727,147.34402465820312,88.89869689941406,58.95489501953125,64.14779663085938,20.69791030883789,120.77879333496094
2018-12-14,41.99823760986328,58.04704284667969,240.1493682861328,30.664081573486328,146.00503540039062,88.22909545898438,57.75764083862305,62.88582229614258,20.765779495239254,118.70811462402344
2018-12-17,41.214149475097656,56.189300537109375,233.0792236328125,30.44310188293457,142.34414672851562,85.57709503173828,56.80144882202149,61.98819732666016,20.75729179382324,116.91580963134766
2018-12-18,41.32230758666992,55.64377212524414,233.279541015625,29.594070434570312,144.0983123779297,85.1982650756836,55.89345169067383,62.2814826965332,20.75729179382324,117.61181640625
2018-12-19,41.86305618286133,54.02930450439453,228.68023681640625,29.89065361022949,141.99668884277344,84.96035766601562,55.114013671875,61.32167434692383,20.51130104064941,115.9413604736328
2018-12-20,41.67379379272461,51.3164176940918,221.44320678710935,29.332372665405277,139.1154022216797,85.52423095703125,53.418582916259766,60.77066421508789,20.451913833618164,113.68795013427734
2018-12-21,39.65499877929688,49.58399963378906,214.1477203369141,28.547313690185547,135.99681091308594,84.86345672607422,51.18478012084961,59.78417205810547,19.82418632507324,112.61779022216795
2018-12-24,38.47435760498047,48.10960388183594,204.69036865234372,28.11576461791992,134.01382446289062,84.22909545898438,50.55802536010742,58.26447677612305,19.281299591064453,108.60694885253906
2018-12-26,40.18673324584961,49.92311477661133,210.03256225585935,28.63007354736328,142.60682678222656,87.46253967285156,52.55881118774414,61.87266540527344,20.451913833618164,112.73095703125
2018-12-27,40.529205322265625,50.39493560791016,216.8521881103516,28.789697647094727,144.33566284179688,89.3568344116211,52.42220306396485,62.7702751159668,20.67246627807617,114.4709930419922
2018-12-28,40.39402389526367,50.16638946533203,218.07925415039065,28.90201568603516,144.25086975097656,89.1894302368164,52.38203430175781,63.1790657043457,20.689430236816406,113.7662582397461
2018-12-31,40.69144058227539,50.37279891967773,218.5634613037109,29.19759178161621,145.60678100585938,90.07048797607422,52.64719009399414,64.28108978271484,20.90150260925293,114.94952392578124
2019-01-02,40.754520416259766,50.15902328491211,220.9757537841797,29.150300979614254,146.10675048828125,89.59471893310547,52.695411682128906,61.76602554321289,21.172950744628903,114.6972198486328
2019-01-03,40.35795593261719,49.63560485839844,215.4248504638672,28.990686416625977,142.88653564453125,86.31717681884766,52.41417694091797,58.85102081298828,20.833641052246094,113.16595458984376
2019-01-04,42.09737396240234,51.28693771362305,221.23455810546875,29.73555564880371,147.1321563720703,88.02643585205078,53.69178009033203,60.53069305419922,21.698877334594727,117.12462615966795
2019-01-07,42.764305114746094,51.581809997558594,223.7720489501953,28.83698081970215,150.03038024902344,88.31718444824219,55.13011169433594,61.43718719482422,21.681909561157227,117.7771453857422
2019-01-08,43.1518440246582,52.6138916015625,225.2662048339844,29.00251197814941,150.750732421875,89.0484619140625,55.0658073425293,60.69955062866211,21.639503479003903,117.53353881835938
2019-01-09,43.06172180175781,53.24787902832031,225.8254852294922,29.357208251953125,152.31002807617188,89.42733001708984,53.065032958984375,61.71271514892578,21.85157012939453,118.08165740966795
2019-01-10,43.0977668762207,53.43218231201172,231.6351318359375,28.88427352905273,151.74221801757812,90.44054412841795,52.67131042480469,61.39275360107422,21.82611656188965,119.84783935546876
2019-01-11,43.521366119384766,52.86452865600586,231.8271484375,28.90792655944824,152.03883361816406,89.74449920654297,52.88022232055664,61.61494827270508,22.080602645874023,119.50852966308594
2019-01-14,43.422210693359375,52.08311080932617,231.64344787597656,28.52958297729492,151.53036499023438,89.83261108398438,52.502559661865234,60.95423126220703,22.369014739990234,119.7260284423828
2019-01-15,43.77509689331055,52.92351531982422,230.38304138183597,28.322668075561523,149.54736328125,88.98677825927734,51.216915130615234,62.918487548828125,22.52170181274414,119.86524963378906
2019-01-16,43.48556137084961,53.07833099365234,227.3697204589844,27.902936935424805,150.03038024902344,90.3436279296875,51.361549377441406,62.3381462097168,24.133434295654297,120.0827407836914
2019-01-17,43.95605850219727,53.07093048095703,232.7202911376953,27.8201847076416,148.1914520263672,94.59032440185548,50.91960906982422,62.96311950683594,24.591495513916016,121.70101928710938
2019-01-18,44.58038711547852,53.39531326293945,236.1175994873047,28.559141159057617,152.1829071044922,92.88988494873048,52.64719009399414,63.766693115234375,24.854463577270508,123.41502380371094
2019-01-22,44.28179550170898,52.77608108520508,233.3796539306641,26.584651947021484,150.08975219726562,91.93832397460938,52.16508102416992,63.82919692993164,24.67632293701172,121.6488265991211
2019-01-23,44.553253173828125,52.86452865600586,236.65187072753903,26.42503547668457,149.90330505371094,89.91189575195312,53.12127304077149,62.418495178222656,24.532123565673828,122.44922637939452
2019-01-24,44.51704788208008,52.577030181884766,238.10421752929688,25.615140914916992,150.24224853515625,90.06168365478516,52.61119842529297,63.26668548583984,24.667842864990234,122.83204650878906
2019-01-25,45.05995178222656,52.99723434448242,239.59841918945312,26.153095245361328,152.87779235839844,91.18943786621094,52.991737365722656,63.52562713623047,25.091981887817383,123.2931900024414
2019-01-28,44.80659484863281,52.76869201660156,240.2911834716797,26.779727935791016,152.394775390625,91.36565399169922,52.82170104980469,61.650672912597656,25.134397506713867,122.22303009033205
2019-01-29,44.88801574707031,52.70972442626953,243.7803497314453,27.140342712402344,152.27613830566406,92.05287170410156,53.064598083496094,62.22208404541016,24.93080139160156,123.31925201416016
2019-01-30,45.56664276123047,52.79081726074219,243.46319580078125,28.257648468017575,154.38621520996094,92.55506896972656,53.40465545654297,63.99883270263672,24.659358978271484,124.6591339111328
2019-01-31,45.44901657104492,53.27000045776367,241.81040954589844,29.1739444732666,155.5302734375,92.89866638183594,53.07270812988281,65.1595458984375,24.150394439697266,124.96368408203124
2019-02-01,45.97380447387695,52.989845275878906,242.55325317382807,29.085277557373047,156.2421112060547,93.18943786621094,52.80551528930664,64.60597229003906,24.074050903320312,125.90331268310548
2019-02-04,46.17285919189453,52.68022918701172,249.38967895507807,29.03207397460937,157.98785400390625,93.62115478515624,53.36417007446289,64.73097229003906,24.498188018798828,128.70477294921875
2019-02-05,46.36287307739258,52.56965637207031,249.96566772460935,28.990686416625977,157.95394897460938,94.2819366455078,53.16985702514648,65.27559661865234,24.413368225097656,129.3660888671875
2019-02-06,46.380977630615234,52.6876106262207,250.2744140625,29.12664604187012,156.5387420654297,93.48015594482422,53.46132659912109,65.61486053466797,24.37094497680664,129.54873657226562
2019-02-07,45.43995666503906,52.48855972290039,250.5249786376953,28.801517486572266,155.98789978027344,92.37886810302734,53.2346305847168,64.94523620605469,23.95528984069824,128.8962860107422
2019-02-08,46.17285919189453,51.69238662719727,251.66845703125,28.87244987487793,156.3861541748047,92.38766479492188,52.63549041748047,65.47201538085938,23.997703552246094,129.2964630126953
2019-02-11,46.35383224487305,51.95040893554688,250.4497528076172,28.90201568603516,155.0133056640625,92.26429748535156,52.70835876464844,65.6595230102539,24.099496841430664,129.18333435058594
2019-02-12,46.34478759765625,52.75395202636719,253.84710693359372,29.357208251953125,157.2166748046875,94.81058502197266,54.25478744506836,67.01663970947266,24.337013244628903,130.8190155029297
2019-02-13,46.52573394775391,53.39531326293945,254.1058654785156,28.967041015625,159.66574096679688,95.05728912353516,54.886322021484375,66.40950775146484,24.345497131347656,131.79347229003906
2019-02-14,46.58003616333008,53.48432159423828,251.2510681152344,29.0498104095459,159.0725555419922,94.50221252441406,54.80535507202149,66.04344940185547,24.082534790039062,130.95819091796875
2019-02-15,46.79718780517578,54.46338272094727,256.4514465332031,28.813343048095703,163.03855895996094,96.13216400146484,56.29511260986328,67.18626403808594,24.69328498840332,133.39434814453125
2019-02-19,47.06863784790039,55.20508575439453,254.740234375,28.96113586425781,162.98770141601562,95.79737091064452,56.57848739624024,66.96307373046875,24.710250854492188,133.3595428466797
2019-02-20,46.84243392944336,53.254390716552734,256.4264221191406,29.85970115661621,162.58096313476562,96.68721771240234,51.995872497558594,67.4451904296875,24.94776725769043,134.49057006835938
2019-02-21,47.15007400512695,52.26792526245117,254.18096923828125,29.776935577392575,162.55557250976562,97.4571304321289,50.4818115234375,67.08802795410156,24.84597587585449,133.4846954345703
2019-02-22,47.484859466552734,52.2382698059082,256.36798095703125,30.444957733154297,163.03855895996094,98.61637878417967,50.15793991088867,67.97197723388672,24.667842864990234,134.00074768066406
2019-02-25,47.55723571777344,52.89095687866211,255.3996734619141,30.64595413208008,160.99624633789062,99.39510345458984,49.57499694824219,68.62374114990234,24.829010009765625,134.75299072265625
2019-02-26,47.59342956542969,53.01705551147461,255.32449340820312,30.79965209960937,159.57252502441406,98.64290618896484,49.129695892333984,68.52550506591797,24.84597587585449,134.63055419921875
2019-02-27,47.39437484741211,52.93546676635742,256.7435607910156,30.92970085144043,155.64889526367188,99.26235961914062,47.36465835571289,68.95409393310547,25.04956817626953,135.22531127929688
2019-02-28,47.16816329956055,52.80195999145508,260.1316833496094,30.982912063598636,156.89462280273438,99.08538055419922,46.82219696044922,69.30231475830078,24.79378318786621,134.76171875
2019-03-01,47.51199722290039,49.40495300292969,260.1822204589844,31.18390464782715,156.92005920410156,99.78447723388672,47.0650749206543,70.16835021972656,24.98988151550293,136.20498657226562
2019-03-04,47.08673858642578,48.01796340942383,256.16339111328125,31.01246452331543,155.76754760742188,98.54557800292967,45.308135986328125,70.19512176513672,24.751155853271484,135.13787841796875
2019-03-05,47.37627029418945,47.024070739746094,257.0631103515625,31.26075935363769,155.92857360839844,98.00576782226562,44.49848937988281,69.83799743652344,24.79378318786621,134.8317413330078
2019-03-06,47.36722183227539,45.31814956665039,255.01165771484372,32.318939208984375,156.30992126464844,97.82878112792967,43.7212142944336,69.37372589111328,24.589157104492188,134.47311401367188
2019-03-07,47.57533264160156,44.346527099609375,254.75103759765625,32.360328674316406,154.6658935546875,97.2004852294922,42.39338684082031,68.5701675415039,24.34190368652344,133.37100219726562
2019-03-08,47.74724197387695,44.4281120300293,253.01910400390625,32.73276138305664,153.5811309814453,97.01464080810548,42.85489273071289,68.41838836669922,24.427160263061523,132.59249877929688
2019-03-11,47.64771270751953,45.00663375854492,255.919677734375,33.1110954284668,154.60658264160156,98.4924774169922,43.51879119873047,69.47193145751953,24.674421310424805,133.9920196533203
2019-03-12,47.77439880371094,45.24398040771485,253.8346710205078,32.957393646240234,155.92857360839844,98.35974884033205,44.24749755859375,69.85586547851562,24.674421310424805,134.26316833496094
2019-03-13,48.009647369384766,45.91151428222656,255.12095642089844,33.18204116821289,154.64794921875,98.51903533935548,45.80202102661133,70.19512176513672,24.972827911376957,135.61013793945312
2019-03-14,48.0006103515625,45.8521842956543,250.9676971435547,33.3416633605957,155.0492401123047,97.0588836669922,45.24336242675781,70.51657104492188,25.117780685424805,135.7938690185547
2019-03-15,47.90106201171875,46.45295715332031,248.98355102539065,33.548561096191406,155.57852172851562,97.36862182617188,45.01666641235352,71.30226135253906,24.981355667114254,135.88131713867188
2019-03-18,48.37156677246094,46.7867317199707,250.23626708984372,33.87370681762695,156.59449768066406,98.18275451660156,45.88298416137695,70.38263702392578,25.424707412719727,137.2633056640625
2019-03-19,48.89636993408203,47.29851531982422,249.3619537353516,33.1110954284668,157.20065307617188,98.1385269165039,46.22304153442383,71.39152526855469,25.27977180480957,137.53445434570312
2019-03-20,47.6296272277832,46.5716438293457,248.84060668945312,32.939666748046875,158.882568359375,98.06769561767578,45.470062255859375,71.37370300292969,24.418636322021484,136.70352172851562
2019-03-21,48.89636993408203,47.17241287231445,251.38804626464844,33.65497589111328,162.18653869628906,99.67829132080078,46.474029541015625,71.48081970214844,24.026439666748047,138.5928192138672
2019-03-22,47.74724197387695,46.28978729248047,247.18441772460935,33.529048919677734,161.1449432373047,94.4129638671875,45.37289810180664,69.61480712890625,23.028888702392575,136.3011932373047
2019-03-25,47.7201042175293,45.75575637817383,247.27688598632807,33.906795501708984,161.93896484375,94.74039459228516,44.49039459228516,69.84693908691406,22.883947372436523,136.38858032226562
2019-03-26,48.20869445800781,45.92635345458984,247.949462890625,34.1945915222168,161.64869689941406,95.89080047607422,44.84663391113281,70.534423828125,23.199411392211918,137.74436950683594
2019-03-27,47.78344345092773,46.15627670288086,247.13400268554688,33.75690841674805,161.5718536376953,97.41287231445312,43.76169967651367,70.29335021972656,23.04594612121582,137.4207305908203
2019-03-28,48.12726593017578,46.36395263671875,248.52117919921875,33.996734619140625,162.26336669921875,98.86415100097656,43.20304107666016,70.9272689819336,23.301721572875977,138.6715545654297
2019-03-29,48.59777069091797,46.92765808105469,252.3549652099609,34.43444061279297,163.82574462890625,99.8818359375,43.664546966552734,71.37370300292969,23.52339744567871,139.00390625
2019-04-01,49.38497543334961,47.09083938598633,255.82717895507807,34.614315032958984,167.0272979736328,101.07647705078124,43.87504959106445,71.12368774414062,24.3333740234375,141.234375
2019-04-02,48.99589538574219,41.06077575683594,254.8266448974609,33.9907341003418,165.89181518554688,101.09417724609376,42.20716857910156,71.08798217773438,24.6147403717041,140.85826110839844
2019-04-03,48.91446685791016,40.675086975097656,249.92518615722656,32.36585998535156,169.5629119873047,101.3950424194336,42.74154281616211,70.98085021972656,24.589157104492188,140.20223999023438
2019-04-04,48.69730758666992,40.163307189941406,251.94305419921875,32.73759841918945,171.13385009765625,101.7667236328125,43.23542022705078,70.19512176513672,24.85346794128418,140.884521484375
2019-04-05,48.79684066772461,40.56382751464844,254.3895721435547,32.839534759521484,172.50836181640625,101.7313232421875,43.769798278808594,70.534423828125,24.79378318786621,141.435546875
2019-04-08,48.60683059692383,40.8382568359375,256.9789428710937,33.14531707763672,173.7804412841797,101.23577117919922,43.84267425537109,70.1058578491211,24.87052345275879,141.75038146972656
2019-04-09,48.70635986328125,40.42290115356445,254.47349548339844,33.04339599609375,171.5180206298828,101.1295394897461,43.4945182800293,70.23980712890625,24.63178825378418,140.6920623779297
2019-04-10,49.05173110961914,40.430320739746094,251.4805450439453,33.22926712036133,170.26295471191406,101.67822265625,43.61596298217773,70.50762939453125,24.78525733947754,139.92237854003906
2019-04-11,48.88813018798828,39.63668441772461,256.92010498046875,33.565032958984375,172.01321411132812,101.3419418334961,42.66057205200195,70.09693145751953,24.78525733947754,140.7357940673828
2019-04-12,49.53343200683594,39.64410400390625,260.37554931640625,33.91279602050781,174.0365753173828,102.29767608642578,42.75772857666016,69.9355697631836,25.723127365112305,142.1090545654297
2019-04-15,49.65157699584961,40.23006057739258,259.543212890625,34.14064407348633,174.8988800048828,103.06754302978516,43.89934539794922,69.47834014892578,25.44176483154297,141.6979522705078
2019-04-16,49.6152229309082,40.675086975097656,260.6781921386719,33.81086730957031,174.56585693359375,104.77547454833984,43.6402587890625,68.47428131103516,25.475866317749023,142.45018005371094
2019-04-17,49.5152473449707,40.8975944519043,261.048095703125,33.6849479675293,176.3416748046875,103.88168334960938,42.53913879394531,65.3365249633789,25.603757858276367,142.47640991210938
2019-04-18,49.551605224609375,40.519325256347656,264.20928955078125,32.599700927734375,175.5818634033203,106.06746673583984,42.61199951171875,66.26889038085938,25.603757858276367,147.87313842773438
2019-04-22,49.64249038696289,40.126224517822266,265.050048828125,32.74359130859375,174.83059692382812,103.7489776611328,42.857208251953125,66.79782104492188,25.620811462402344,147.1559600830078
2019-04-23,49.93332290649414,39.47352600097656,280.0487670898437,32.86951446533203,175.91482543945312,104.0852279663086,43.29045867919922,68.2232666015625,25.63786506652832,150.2785186767578
2019-04-24,50.15146255493164,39.65895080566406,277.5433044433594,32.803550720214844,176.48683166503906,103.21800231933594,43.26593780517578,68.80596160888672,25.595233917236328,149.82369995117188
2019-04-25,49.99694442749024,39.07300567626953,276.4923400878906,30.82491111755371,176.29898071289062,102.23572540283205,43.51114654541016,70.02520751953125,25.64638900756836,149.06272888183594
2019-04-26,50.36050033569336,39.19909286499024,276.038330078125,31.65234375,173.8316650390625,104.25335693359376,43.75637435913086,70.42864227294922,25.87659454345703,150.66339111328125
2019-04-29,50.060577392578125,39.7257080078125,276.257080078125,32.08404541015625,172.59373474121094,103.6339340209961,44.13239288330078,70.16864013671875,26.23468780517578,150.92578125
2019-04-30,50.28778839111328,39.73311996459961,280.2420654296875,32.57571792602539,173.90853881835938,103.97905731201172,44.4511833190918,71.32511901855469,26.07269287109375,151.87046813964844
2019-05-01,49.8787956237793,39.81470489501953,278.9978332519531,32.0120964050293,169.72515869140625,102.1826400756836,46.862579345703125,70.59001159667969,25.79985809326172,149.51756286621094
2019-05-02,49.62431716918945,39.896297454833984,279.5863037109375,31.874191284179688,171.6118927001953,103.32420349121094,46.37211608886719,70.6258544921875,26.00448608398437,149.90243530273438
2019-05-03,49.796993255615234,40.11138153076172,280.8641967773437,32.23395156860352,171.227783203125,104.09406280517578,46.31488800048828,70.54518127441406,26.18353271484375,151.79176330566406
2019-05-06,49.85153198242188,39.99270248413086,282.2515563964844,32.09603500366211,170.43377685546875,102.90827941894533,46.2658576965332,70.8858413696289,25.97890853881836,150.978271484375
2019-05-07,49.07899475097656,39.26583862304688,278.19903564453125,31.74228286743164,166.28453063964844,101.28884887695312,45.24407577514648,68.94940948486328,25.50997734069824,148.56414794921875
2019-05-08,49.06990051269531,39.681190490722656,280.9567565917969,31.154685974121094,166.6260528564453,100.89949035644533,45.562870025634766,68.33081817626953,25.40765953063965,149.01023864746094
2019-05-09,49.30622100830078,39.7257080078125,285.3117370605469,31.172670364379883,166.12232971191406,100.31298065185548,45.24407577514648,68.51012420654297,25.3309268951416,149.0364990234375
2019-05-10,49.669769287109375,39.621864318847656,286.9848022460937,31.24462509155273,166.12232971191406,99.74420928955078,45.08876037597656,68.53700256347656,25.220088958740234,150.12109375
2019-05-13,48.560943603515625,38.65764999389648,281.9571533203125,30.84289932250977,162.50244140625,98.86444091796876,43.99343490600586,67.68535614013672,24.086122512817383,145.91387939453125
2019-05-14,49.197147369384766,38.99883270263672,282.6297607421875,31.11271095275879,163.59524536132812,99.13990020751952,43.29861831665039,68.16050720214844,24.40159034729004,147.08596801757812
2019-05-15,49.58796310424805,39.11751174926758,280.9315185546875,31.256614685058597,163.71475219726562,99.47760772705078,43.15149688720703,68.5908203125,24.120222091674805,148.15304565429688
2019-05-16,49.660675048828125,39.26708984375,285.33697509765625,31.196657180786133,164.24411010742188,100.34849548339844,42.75094985961914,68.6714859008789,24.37600517272949,149.38633728027344
2019-05-17,49.53343200683594,39.095062255859375,284.15997314453125,31.388511657714844,164.41482543945312,99.32655334472656,43.22506713867188,68.10670471191406,24.214014053344727,148.65162658691406
2019-05-20,48.769981384277344,39.08758544921875,287.53973388671875,31.376541137695312,163.02322387695312,95.74520111083984,43.32314300537109,67.92739868164062,24.214014053344727,147.48834228515625
2019-05-21,49.23349380493164,39.46155548095703,289.1707763671875,31.100717544555664,163.45010375976562,96.86493682861328,43.74820709228516,68.16050720214844,24.461265563964844,148.34552001953125
2019-05-22,49.26076126098633,39.596187591552734,286.9427185058594,31.676326751708984,161.28155517578125,96.40283203125,43.903507232666016,68.36669158935547,24.290748596191406,148.0918731689453
2019-05-23,48.24283599853516,38.60141372680664,285.90869140625,31.664331436157227,163.91964721679688,94.92765045166016,43.15149688720703,67.80191802978516,23.66834259033203,146.29002380371094
2019-05-24,47.96107482910156,38.72108840942383,284.8240966796875,31.41850471496582,165.277099609375,95.75408172607422,43.38036346435547,69.01217651367188,24.026439666748047,146.5009765625
2019-05-28,47.03404235839844,38.6612548828125,284.0758361816406,29.90153694152832,163.5354766845703,95.54080963134766,43.07792282104492,67.87361145019531,23.787708282470703,145.2528533935547
2019-05-29,46.97950744628906,38.242408752441406,285.2948913574219,30.093408584594727,162.20359802246094,95.24755096435548,42.9307861328125,67.83776092529297,23.659818649291992,144.47061157226562
2019-05-30,47.00676727294922,37.80860900878906,287.49761962890625,30.105403900146484,163.1342010498047,95.30087280273438,43.11879348754883,68.59976196289062,23.156782150268555,145.41990661621094
2019-05-31,45.98883056640625,36.90357971191406,286.4653015136719,29.41587257385254,162.08412170410156,92.9992218017578,42.80818176269531,68.25016784667969,22.679317474365234,144.41787719726562
2019-06-03,45.66164779663086,37.32991027832031,291.5677795410156,30.039445877075195,161.84507751464844,95.78076171875,43.64194488525391,67.87361145019531,22.74753189086914,146.3163604736328
2019-06-04,47.2794303894043,38.519142150878906,295.612548828125,30.231298446655277,166.6943359375,99.2732162475586,44.64736175537109,69.4424819946289,23.804763793945312,147.79298400878906
2019-06-05,47.352142333984375,37.99559020996094,298.4472351074219,29.793615341186523,169.1016082763672,99.84194946289062,43.462100982666016,70.54518127441406,23.796236038208008,148.9004364013672
2019-06-06,47.7974853515625,38.130218505859375,298.2948303222656,30.429180145263672,169.51429748535156,100.41070556640624,44.2304801940918,71.80028533935547,23.89910125732422,149.64755249023438
2019-06-07,48.40642166137695,38.87068557739258,300.5881042480469,30.80691719055176,169.6260528564453,101.29939270019533,44.07516098022461,72.38298034667969,23.599077224731445,151.4053955078125
2019-06-10,49.08808135986328,39.11003112792969,297.5163269042969,30.704992294311523,170.27085876464844,101.65486907958984,44.98250579833984,72.8581314086914,24.06196975708008,150.54405212402344
2019-06-11,49.02446746826172,39.55131530761719,291.11932373046875,31.268600463867188,170.23646545410156,103.84100341796876,44.11604309082031,72.72364044189453,24.20769500732422,150.8692626953125
2019-06-12,48.733619689941406,38.98287582397461,292.3631286621094,30.93283462524414,171.0360107421875,103.96540069580078,43.86263656616211,73.4677505493164,23.959102630615234,151.96795654296875
2019-06-13,48.933570861816406,39.55879211425781,295.3839111328125,31.18862533569336,173.9677276611328,103.8943099975586,44.62284469604492,73.77256774902344,23.950532913208008,152.22286987304688
2019-06-14,48.42459487915039,39.3194465637207,296.281005859375,30.975465774536133,176.90802001953125,103.57438659667967,44.27953720092773,73.70980834960938,24.036256790161133,151.88885498046875
2019-06-17,48.28827667236328,39.49896240234375,295.05401611328125,30.975465774536133,177.9482879638672,102.1347427368164,44.58198165893555,73.5573959350586,23.941957473754883,151.4933319091797
2019-06-18,48.07924270629883,39.491477966308594,299.1410522460937,30.5247802734375,178.37814331054688,101.9125747680664,44.680057525634766,74.78561401367188,24.53344345092773,154.47291564941406
2019-06-19,47.87928771972656,39.5662727355957,301.0110778808594,30.390798568725582,178.77362060546875,102.7834930419922,44.86806869506836,75.60140991210938,24.276275634765625,154.1740264892578
2019-06-20,51.796512603759766,39.55131530761719,306.9935607910156,30.61004638671875,181.61935424804688,102.36580657958984,44.034305572509766,76.14827728271484,24.23341178894043,154.9475555419922
2019-06-21,51.00579071044922,39.22969818115234,304.0826416015625,29.233631134033203,180.020263671875,103.14781951904295,43.85447692871094,76.20203399658203,24.104829788208008,153.2072296142578
2019-06-24,51.56929016113281,38.8557243347168,304.6073913574219,29.53205299377441,176.6759033203125,103.88542175292967,43.43758010864258,75.94208526611328,23.98482131958008,153.47093200683594
2019-06-25,50.96036148071289,39.60366821289063,305.0980834960937,29.70867347717285,176.02249145507812,103.32554626464844,43.87900161743164,75.52070617675781,23.796232223510746,152.88201904296875
2019-06-26,51.49659729003906,39.17734909057617,304.2012023925781,29.197084426879883,177.46681213378906,102.66793823242188,43.89533615112305,74.37322235107422,23.924819946289062,152.57444763183594
2019-06-27,51.59656524658203,40.77794647216797,303.8542785644531,29.172725677490234,177.98268127441406,102.98788452148438,44.74545669555664,75.02767181396484,24.181983947753903,152.7941131591797
2019-06-28,51.77834701538086,40.89013671875,307.6197509765625,28.837757110595703,178.79945373535156,103.71656036376952,44.54108810424805,75.39523315429688,24.85917854309082,153.4533233642578
2019-07-01,52.72356033325195,40.87517547607422,305.8681640625,29.04482650756836,180.78543090820312,105.42279815673828,44.900760650634766,75.74482727050781,25.21921157836914,155.40455627441406
2019-07-02,53.13256072998047,41.10703659057617,311.0299072265625,29.59904670715332,180.66506958007807,104.94292449951172,44.79449081420898,76.15721893310547,24.987762451171875,155.23757934570312
2019-07-03,53.49611282348633,41.27906036376953,313.4076538085937,29.958383560180664,182.35015869140625,105.82272338867188,45.121463775634766,76.77578735351562,24.90203666687012,156.80209350585938
2019-07-05,53.87782669067383,41.27906036376953,313.0184020996094,29.70867347717285,181.7998809814453,104.82740783691406,45.423919677734375,76.57855987548828,25.082056045532227,155.2112274169922
2019-07-08,54.10504531860352,41.45856857299805,312.3922119140625,29.891387939453125,183.0465545654297,103.42332458496094,45.21138381958008,76.2827377319336,25.030622482299805,154.402587890625
2019-07-09,54.16867065429688,41.51092147827149,312.857666015625,29.446786880493164,182.2642059326172,103.03230285644533,44.81902313232422,76.444091796875,25.15920639038086,154.27073669433594
2019-07-10,54.66853713989258,41.56327438354492,311.52911376953125,29.842662811279297,181.1894989013672,102.56129455566406,45.26860046386719,76.542724609375,24.87632369995117,153.33909606933594
2019-07-11,54.52312850952149,41.600677490234375,311.58837890625,30.00101089477539,184.0180206298828,103.08561706542967,47.38571548461914,76.8923568725586,25.167774200439453,153.409423828125
2019-07-12,54.35953140258789,41.69043731689453,312.6207275390625,30.14718246459961,187.6202850341797,104.00984954833984,47.04239654541016,75.51557159423828,25.244922637939453,155.69461059570312
2019-07-15,54.10504531860352,41.8026237487793,311.1313781738281,30.17154312133789,188.02442932128903,104.605224609375,46.95248031616211,75.41658782958984,25.04776763916016,153.8224639892578
2019-07-16,53.48451232910156,41.742794036865234,309.1513366699219,30.092361450195312,186.78636169433597,104.72964477539062,46.903446197509766,74.8316879272461,24.85060691833496,153.62033081054688
2019-07-17,52.918731689453125,40.77794647216797,303.32965087890625,30.11672592163086,185.36782836914065,103.62771606445312,45.96340560913086,77.17132568359375,25.02204704284668,148.20611572265625
2019-07-18,53.03736114501953,41.002323150634766,301.4172668457031,30.77448463439941,184.36192321777344,103.97428894042967,46.18410110473633,78.97102355957031,25.270647048950195,152.82933044433594
2019-07-19,52.508079528808594,40.71810531616211,302.0519104003906,30.77448463439941,183.1582946777344,104.42748260498048,45.72635269165039,78.7280502319336,25.20206451416016,152.0470428466797
2019-07-22,52.56283187866211,40.34414291381836,302.61883544921875,30.250717163085938,181.63658142089844,103.92987060546876,45.3503532409668,79.24996948242188,25.347787857055664,152.56561279296875
2019-07-23,52.42594909667969,40.87517547607422,302.7627258300781,30.476058959960938,183.1927032470703,105.71607971191406,45.99610137939453,79.85287475585938,25.93069648742676,153.69064331054688
2019-07-24,53.02824020385742,41.28654479980469,312.1552429199219,30.31770896911621,184.59405517578125,104.95181274414062,46.17754364013672,79.7178955078125,26.290727615356445,152.8995819091797
2019-07-25,53.19249725341797,40.95743942260742,313.3568725585937,30.20199584960937,185.3162841796875,104.9873504638672,45.723934173583984,79.18698120117188,26.00784683227539,152.7326202392578
2019-07-26,53.3841438293457,41.17435836791992,312.62908935546875,30.36642837524414,186.4854736328125,104.80962371826172,45.8064079284668,78.9620132446289,26.376445770263672,152.59201049804688
2019-07-29,52.98261642456055,41.226707458496094,312.7644958496094,30.6404972076416,187.45697021484372,105.24506378173828,46.40023422241211,79.68191528320312,26.16214370727539,153.40060424804688
2019-07-30,52.46245956420898,41.43614196777344,309.6929016113281,29.538145065307617,186.87237548828125,105.71607971191406,46.62290573120117,79.46592712402344,26.47931480407715,152.85568237304688
2019-07-31,51.37653350830078,40.7555046081543,306.46051025390625,28.6672306060791,183.7170867919922,104.32086181640624,46.07857894897461,78.37710571289062,26.29930305480957,151.5812530517578
2019-08-01,50.99325942993164,40.44136047363281,307.239013671875,29.160547256469727,182.97776794433597,102.79236602783205,45.666202545166016,77.45927429199219,25.27921485900879,149.0235137939453
2019-08-02,50.95674896240234,40.149662017822266,306.240478515625,29.190996170043945,182.39312744140625,101.45934295654295,45.94660949707031,77.22529602050781,25.18492317199707,147.669921875
2019-08-05,49.05865097045898,38.7958869934082,303.2958374023437,28.411434173583984,176.19442749023438,98.6067123413086,44.9569206237793,74.8316879272461,24.070541381835938,142.3963623046875
2019-08-06,49.24115753173828,38.48175048828125,310.36138916015625,28.11299705505371,179.5130157470703,98.6244888305664,44.61052703857422,76.36145782470703,24.361995697021484,144.60244750976562
2019-08-07,48.67537689208984,39.25213623046875,312.4937744140625,28.1556396484375,178.74786376953125,100.29520416259766,47.93425750732422,76.12749481201172,23.907676696777344,143.60928344726562
2019-08-08,49.87082290649414,39.65602111816406,319.1532287597656,28.32008171081543,181.89450073242188,103.66326141357422,48.69302749633789,76.99134826660156,24.327709197998047,146.79104614257812
2019-08-09,49.1864013671875,39.48399353027344,319.017822265625,28.11299705505371,180.5619354248047,102.94026947021484,48.89921188354492,77.94520568847656,24.28484916687012,146.49217224121094
2019-08-12,48.59325408935547,38.89311981201172,319.00933837890625,28.00338554382324,177.97409057617188,100.45891571044922,48.45383834838867,76.18147277832031,23.6933708190918,144.75186157226562
2019-08-13,49.25028610229492,39.69342422485352,319.195556640625,28.490610122680664,179.1089324951172,100.94091796875,49.36106872558594,78.18814849853516,23.761947631835938,147.64361572265625
2019-08-14,47.74457931518555,37.703887939453125,312.1891784667969,27.93638801574707,173.31434631347656,98.37922668457033,48.297149658203125,75.53357696533203,22.64756965637207,144.18060302734375
2019-08-15,47.990970611572266,36.866188049316406,316.0137939453125,27.7049560546875,173.48626708984375,97.84368896484376,48.528076171875,75.53357696533203,22.50184440612793,143.34141540527344
2019-08-16,48.90351486206055,37.75625228881836,319.00933837890625,28.307899475097656,175.0854034423828,98.82549285888672,49.71571350097656,76.28947448730469,23.170473098754883,145.7794647216797
2019-08-19,49.15902328491211,38.61482238769531,321.945556640625,28.4418888092041,178.7822723388672,99.62882995605467,50.63117599487305,76.99134826660156,23.376205444335938,146.51260375976562
2019-08-20,48.34686279296875,38.24496841430664,323.028564453125,28.033836364746094,186.64024353027344,98.4506378173828,50.77138900756836,76.07349395751953,22.90473175048828,144.40145874023438
2019-08-21,48.584129333496094,38.418575286865234,324.0864562988281,28.16781997680664,189.48594665527344,98.80765533447266,50.84562301635742,76.39744567871094,23.084747314453125,144.68409729003906
2019-08-22,48.53849411010742,38.45630645751953,326.5233764648437,28.374889373779297,190.0189971923828,98.27210998535156,51.17550659179688,75.92050170898438,23.30762481689453,143.8979034423828
2019-08-23,47.06929397583008,37.22600555419922,318.916259765625,28.26526260375977,186.96694946289065,95.09456634521484,49.68272399902344,73.724853515625,22.690431594848636,138.23561096191406
2019-08-26,47.57119369506836,37.76945877075195,321.8186340332031,28.69767570495605,187.98141479492188,95.65689086914062,50.1115837097168,74.79571533203125,22.95616340637207,138.6066131591797
2019-08-27,47.80846405029297,37.324127197265625,321.539306640625,27.55878448486328,187.6031494140625,95.87110137939452,48.816741943359375,75.27262878417969,22.690431594848636,139.11013793945312
2019-08-28,47.40693283081055,37.70151901245117,322.3686218261719,27.92420768737793,190.8185577392578,97.31707763671876,49.055912017822266,75.7855453491211,23.016172409057617,140.93869018554688
2019-08-29,47.59856414794922,38.04117965698242,325.29644775390625,26.94975852966309,195.43536376953125,98.3078384399414,49.60848617553711,76.32544708251953,23.42763328552246,144.51626586914062
2019-08-30,47.50731658935547,38.63745880126953,326.8963623046875,26.639148712158203,195.94259643554688,98.8879852294922,50.24355316162109,76.77538299560547,23.581933975219727,145.41726684570312
2019-09-03,47.35218048095703,38.06381988525391,327.3901062011719,26.821853637695312,192.6411895751953,98.566650390625,50.05385971069336,75.64155578613281,23.18761444091797,144.45440673828125
2019-09-04,48.337738037109375,38.818603515625,331.1261291503906,26.98020362854004,193.88674926757807,99.5395736694336,50.8538703918457,75.7855453491211,23.56478881835937,147.64332580566406
2019-09-05,49.13165283203125,39.4979133605957,327.781494140625,26.706144332885746,197.3467254638672,101.16405487060548,51.76108551025391,77.29730224609375,24.26370620727539,150.49656677246094
2019-09-06,48.5111198425293,39.6715202331543,328.9814147949219,26.706144332885746,199.9243927001953,103.34192657470705,51.32395935058594,77.42327880859375,23.92719078063965,151.1944122314453
2019-09-09,49.77044296264648,41.95851135253906,323.5773620605469,26.821853637695312,201.4294586181641,103.9935073852539,52.51985168457031,75.7855453491211,24.703765869140625,149.8693389892578
2019-09-10,50.61911392211914,42.93218994140625,324.52203369140625,26.94365882873535,201.54188537597656,104.67184448242188,52.4538688659668,74.87667083740234,25.32502174377441,149.8251953125
2019-09-11,51.36739349365234,43.82283020019531,324.7177429199219,27.235994338989254,201.24786376953125,105.03781127929688,52.77552032470703,76.05549621582031,25.419937133789062,151.3003692626953
2019-09-12,49.177276611328125,41.93587112426758,329.0411071777344,27.07765007019043,202.23388671875,105.51087188720705,52.7012939453125,76.67637634277344,25.60114288330078,148.9595184326172
2019-09-13,49.04953002929688,42.26043701171875,327.53466796875,26.078222274780277,202.38961791992188,106.55516815185548,52.833255767822266,75.83052825927734,26.03257369995117,148.1468048095703
2019-09-16,48.49287033081055,41.76981735229492,334.1728515625,25.705760955810547,199.8032989501953,102.9670639038086,52.31365966796875,75.01167297363281,25.998062133789062,146.8218231201172
2019-09-17,48.24646759033203,41.39242172241211,335.2962951660156,25.643688201904297,199.12860107421875,104.61831665039062,52.35490036010742,75.20963287353516,25.834117889404297,147.0426788330078
2019-09-18,47.96358489990234,41.0678596496582,337.9005126953125,25.3519287109375,199.66493225097656,106.59981536865234,52.1734619140625,75.26363372802734,25.885887145996094,148.37648010253906
2019-09-19,48.702754974365234,41.18862915039063,334.8282165527344,24.90497398376465,197.32077026367188,107.72444915771484,52.478614807128906,74.8946762084961,25.73056983947754,147.31651306152344
2019-09-20,48.79402160644531,41.51319122314453,330.4197998046875,25.333309173583984,194.3365631103516,106.44807434082033,53.03118896484375,75.20963287353516,25.532115936279297,148.67684936523438
2019-09-23,49.2959098815918,40.99993515014648,329.9261474609375,25.37676429748535,195.70327758789065,105.63582611083984,52.2476806640625,74.8316879272461,25.47171401977539,147.64332580566406
2019-09-24,48.68449401855469,40.47913360595703,331.2027282714844,25.28364562988281,194.97666931152344,103.74358367919922,51.90129470825195,74.18379974365234,24.97125625610352,146.42428588867188
2019-09-25,49.13165283203125,41.03012466430664,332.27496337890625,25.178117752075195,197.3035125732422,104.1273956298828,51.620872497558594,74.5617446899414,25.23874282836914,147.45782470703125
2019-09-26,49.24115753173828,40.81878662109375,334.3941345214844,25.24019432067871,198.76531982421875,104.1273956298828,50.79612731933594,74.38179016113281,25.135196685791016,147.546142578125
2019-09-27,49.35979080200195,41.0678596496582,330.09637451171875,24.91118812561035,198.82583618164065,105.5197982788086,51.20026016235352,73.6438980102539,25.32502174377441,148.43832397460938
2019-09-30,50.21757888793945,41.74717330932617,331.9601745605469,25.38917350769043,200.6942138671875,105.77864074707033,52.016746520996094,75.29060363769531,25.16971206665039,149.4630126953125
2019-10-01,49.09515380859375,41.286746978759766,326.9645080566406,25.55057144165039,199.88113403320312,104.31482696533205,51.42293167114258,73.6438980102539,24.539825439453125,145.0373992919922
2019-10-02,48.50200271606445,39.87530517578125,321.8326721191406,24.960844039916992,195.0977935791016,102.1191177368164,50.721900939941406,71.56523132324219,24.02210235595703,142.2902374267578
2019-10-03,49.14990615844727,39.70170593261719,323.4497375488281,25.333309173583984,196.18765258789065,102.2886962890625,50.4909782409668,72.95101928710938,23.996217727661133,142.6788787841797
2019-10-04,50.31796646118164,39.98097229003906,327.6112976074219,25.85474967956543,197.1564483642578,104.09169006347656,51.33221435546875,73.77886962890625,24.47942352294922,144.5427703857422
2019-10-07,50.0077018737793,39.82246780395508,326.6156311035156,26.177539825439453,196.12713623046875,103.27944946289062,51.12603378295898,72.92401123046875,24.42765235900879,144.145263671875
2019-10-08,49.32329177856445,39.31676864624024,325.202880859375,26.072010040283203,196.06655883789065,100.28040313720705,49.798187255859375,70.64739990234375,23.84090232849121,140.1171417236328
2019-10-09,49.98325729370117,39.305450439453125,327.3218994140625,26.357561111450195,198.03005981445312,102.27083587646484,50.14458084106445,71.5382308959961,24.065248489379883,141.1948699951172
2019-10-10,50.86320877075195,39.95078659057617,329.2538452148437,26.680360794067383,200.33956909179688,103.23484802246094,51.24974060058594,72.11414337158203,24.54844856262207,142.1930694580078
2019-10-11,52.14647674560547,40.75085067749024,324.6496276855469,26.42584609985352,202.97781372070312,106.36773681640624,51.90953826904297,71.94247436523438,24.94536781311035,144.45440673828125
2019-10-14,51.7523307800293,40.50933074951172,325.6198425292969,26.518966674804688,202.5625762939453,104.61831665039062,51.95077896118164,72.11415100097656,25.14382743835449,143.96856689453125
2019-10-15,51.65149688720703,41.147117614746094,325.7389221191406,26.95970344543457,203.8081512451172,105.51087188720705,53.46830368041992,74.06562805175781,25.652915954589844,144.55157470703125
2019-10-16,51.22069549560547,41.25655746459961,325.81561279296875,27.009361267089844,204.0503845214844,106.18030548095705,53.94666290283203,73.88492584228516,26.03257369995117,144.5427703857422
2019-10-17,50.46906280517578,42.22268295288086,320.8965148925781,27.48735618591309,204.80291748046875,108.2153549194336,54.84563446044922,74.42701721191406,26.1102352142334,147.97900390625
2019-10-18,50.0015754699707,41.739627838134766,316.99871826171875,27.518390655517575,205.8062744140625,110.88412475585938,54.56523132324219,74.79740905761719,26.18788719177246,146.2564697265625
2019-10-21,50.533241271972656,41.20372772216797,318.3349304199219,28.281930923461918,204.74237060546875,111.28581237792967,54.18584060668945,73.76746368408203,26.766014099121094,149.23338317871094
2019-10-22,49.5982666015625,41.75472259521485,318.0199584960937,28.76611328125,205.17481994628903,111.81243896484376,54.89510345458984,72.76464080810547,26.921321868896484,149.23338317871094
2019-10-23,49.616607666015625,41.18108749389648,317.517822265625,29.02063751220703,202.98643493652344,111.09837341308594,54.51286697387695,73.42414093017578,27.111156463623047,150.03721618652344
2019-10-24,49.73576354980469,41.098052978515625,318.9220275878906,29.150997161865234,202.311767578125,110.30398559570312,53.881309509277344,73.50547790527344,27.059375762939453,151.4593963623047
2019-10-25,49.65326690673828,41.830196380615234,315.5093994140625,29.05167388916016,202.73558044433597,110.71456909179688,54.09736251831055,73.76746368408203,27.37001037597656,151.6095733642578
2019-10-28,50.08406829833984,42.11701965332031,316.4540710449219,28.54885673522949,204.828857421875,110.4200439453125,54.74554061889648,74.67998504638672,27.47355842590332,152.53709411621094
2019-10-29,50.230743408203125,42.471771240234375,315.82427978515625,28.79095458984375,202.5279693603516,111.61605072021484,54.75385284423828,75.3936996459961,27.67201042175293,152.96107482910156
2019-10-30,50.27657318115234,42.16230392456055,322.2412109375,28.530223846435547,204.344482421875,112.44617462158205,55.71779251098633,75.8996353149414,27.283729553222656,154.23312377929688
2019-10-31,49.94657897949219,41.34713363647461,320.5730895996094,27.803932189941406,202.9085998535156,111.67853546142578,55.169342041015625,75.53825378417969,26.98171806335449,152.5812225341797
2019-11-01,50.4140625,43.30957794189453,322.6922607421875,27.971546173095703,205.2959442138672,111.96417236328124,55.87570190429688,74.67998504638672,27.439037322998047,155.5758056640625
2019-11-04,50.826541900634766,45.02294158935547,318.7007751464844,28.3067626953125,203.2026824951172,114.32947540283205,56.540470123291016,74.2824478149414,27.956762313842773,159.0032196044922
2019-11-05,51.028202056884766,46.20039749145508,317.9773864746094,28.71025276184082,200.8498992919922,115.04353332519533,55.9421501159668,74.39086151123047,28.31916618347168,159.6038818359375
2019-11-06,51.055694580078125,44.90216827392578,323.2198486328125,28.499191284179688,202.41555786132807,115.82901763916016,58.94203186035156,75.0955810546875,28.29327964782715,159.71871948242188
2019-11-07,51.31235122680664,44.28325653076172,322.3346862792969,28.542652130126957,201.49002075195312,115.88256072998048,59.64837265014648,75.33948516845703,28.672935485839844,158.702880859375
2019-11-08,51.779823303222656,44.713478088378906,324.9815368652344,28.809572219848636,201.40350341796875,115.5241241455078,60.22174453735352,75.65570831298828,28.69882583618164,160.07208251953125
2019-11-11,51.724830627441406,46.985382080078125,324.5730285644531,28.809572219848636,200.5039520263672,115.77500915527344,59.60683059692383,75.67378997802734,28.62978744506836,159.73638916015625
2019-11-12,51.87148666381836,47.34013748168945,328.76025390625,29.17582893371582,201.645751953125,116.71592712402344,60.12203979492188,76.19778442382812,28.55213165283203,160.7787628173828
2019-11-13,51.523170471191406,46.985382080078125,329.9432067871094,29.070293426513672,203.09890747070312,116.77867889404295,60.512603759765625,76.0893783569336,28.29327964782715,160.72567749023438
2019-11-14,51.41316986083984,46.75139236450195,332.04522705078125,28.946138381958008,204.6126251220703,116.26787567138672,60.61231994628906,75.99903106689453,28.21561813354492,159.4828643798828
2019-11-15,51.71567153930664,47.25135803222656,334.9302978515625,29.777971267700195,205.252685546875,116.04385375976562,61.734169006347656,77.43550109863281,28.414077758789062,161.34715270996094
2019-11-18,51.50483322143555,47.09928512573242,334.2580261230469,30.00765419006348,206.60208129882807,115.5241241455078,62.4072380065918,76.12551879882812,28.439966201782227,159.61605834960938
2019-11-19,51.57817840576172,46.7266845703125,332.598388671875,29.13237762451172,195.36587524414065,115.40764617919922,62.6150016784668,76.15259552001953,28.42270278930664,159.90011596679688
2019-11-20,51.5506706237793,46.643043518066406,334.2069091796875,30.075929641723636,191.0755615234375,113.35557556152344,62.257659912109375,75.79121398925781,28.20698928833008,157.3257293701172
2019-11-21,51.54150772094727,46.095550537109375,332.13037109375,30.30561637878418,189.03421020507807,112.62077331542967,62.2743034362793,75.60150146484375,28.3364200592041,156.71315002441406
2019-11-22,51.68817138671875,46.08033752441406,332.5388488769531,30.417348861694336,188.59304809570312,112.37882995605467,62.58176040649414,75.65570831298828,28.62978744506836,156.9439697265625
2019-11-25,51.843994140625,46.133575439453125,331.8921203613281,30.578746795654297,188.91310119628903,114.51151275634766,63.63713455200195,76.33328247070312,28.880023956298828,156.69541931152344
2019-11-26,51.79815673828125,45.34276580810547,334.03668212890625,30.55391311645508,190.9544677734375,116.2320327758789,62.2743034362793,77.17353057861328,28.77646827697754,158.47975158691406
2019-11-27,51.88982772827149,45.70775604248047,335.5175476074219,30.882917404174805,192.8920135498047,115.7660675048828,62.357383728027344,77.17353057861328,28.836877822875977,159.27871704101562
2019-11-29,51.45899963378906,45.319942474365234,334.823974609375,30.851884841918945,190.73825073242188,115.4524154663086,62.548526763916016,77.20062255859375,28.750587463378903,158.50640869140625
2019-12-02,50.80821228027344,45.06900787353516,328.4790344238281,31.41056251525879,188.23843383789065,115.14776611328124,62.78120422363281,76.35135650634766,28.84550666809082,154.751220703125
2019-12-03,50.03825378417969,44.85610580444336,326.7665710449219,31.10019302368164,185.1071929931641,114.6638641357422,62.08315658569336,76.21586608886719,28.3364200592041,153.17994689941406
2019-12-04,49.87326049804688,44.79526519775391,329.301025390625,31.106401443481445,186.3781280517578,115.68544006347656,62.32415390014648,76.95667266845703,28.603906631469727,153.765869140625
2019-12-05,50.120750427246094,44.939735412597656,330.465576171875,31.14364051818848,185.42056274414065,117.50448608398438,61.89204788208008,77.01089477539062,28.708011627197266,154.47605895996094
2019-12-06,50.25823974609375,44.58235168457031,331.25341796875,31.29262351989746,186.5348052978516,118.76798248291016,62.62331008911133,77.22772979736328,29.211204528808597,155.7632598876953
2019-12-09,50.698219299316406,44.6431884765625,328.2393798828125,31.367115020751957,188.4934844970703,119.16223907470705,62.31584930419922,75.77316284179688,29.0723934173584,154.9021453857422
2019-12-10,51.16568756103516,44.41505813598633,329.18121337890625,31.06915283203125,187.94505310058597,118.70524597167967,60.811767578125,76.39655303955078,29.089740753173828,154.50267028808594
2019-12-11,51.614837646484375,44.11090087890625,330.722412109375,31.224340438842773,184.550048828125,118.56188201904295,60.953033447265625,76.71275329589844,29.185178756713867,156.25148010253906
2019-12-12,51.76150131225586,44.54433441162109,328.8472900390625,30.99465560913086,184.5848388671875,119.86116790771484,61.7092399597168,77.67042541503906,30.08745574951172,157.47659301757812
2019-12-13,49.96493148803711,44.01205825805664,330.9194030761719,31.137435913085938,186.3607635498047,119.18914031982422,61.15245056152344,78.01373291015625,29.87923622131348,157.1126251220703
2019-12-16,49.48828125,43.95121383666992,330.47412109375,31.41056251525879,187.6229705810547,119.40422058105467,61.8255615234375,78.05892181396484,30.104814529418945,156.59776306152344
2019-12-17,48.43416595458984,43.41133880615234,331.279052734375,31.55333709716797,189.52940368652344,119.26976776123048,60.953033447265625,78.65519714355469,30.399789810180664,156.864013671875
2019-12-18,48.93831634521485,43.4949836730957,325.86749267578125,31.882349014282227,189.7731475830078,117.97045135498048,60.89484786987305,78.53775024414062,30.46051979064941,155.0353240966797
2019-12-19,48.800811767578125,43.9131965637207,328.0765686035156,31.528514862060547,191.7056579589844,118.66041564941406,61.57626724243164,78.91718292236328,30.321697235107425,156.68650817871094
2019-12-20,49.13080978393555,44.39985275268555,330.9194030761719,31.73957252502441,192.5500946044922,118.70524597167967,61.97512435913086,78.29381561279297,30.33037567138672,156.6066436767578
2019-12-23,49.231632232666016,44.5367317199707,335.56890869140625,32.000301361083984,190.8264923095703,119.18914031982422,61.80894470214844,78.91718292236328,30.512561798095703,156.62437438964844
2019-12-24,48.98413848876953,44.36943435668945,334.0875549316406,31.728939056396484,192.09744262695312,119.66407775878906,61.91698455810547,78.85395050048828,30.55594253540039,156.5178680419922
2019-12-26,49.103302001953125,44.78766632080078,335.9114074707031,31.804672241210938,192.22802734375,119.50276947021484,61.89204788208008,78.85395050048828,30.81621360778809,157.02389526367188
2019-12-27,49.00246810913086,44.87891387939453,337.02459716796875,31.804672241210938,191.4880828857422,119.45794677734376,61.8255615234375,78.96239471435547,30.668731689453125,156.66876220703125
2019-12-30,48.30583572387695,44.79526519775391,335.56890869140625,31.48283195495605,189.1724853515625,119.10848999023438,61.24386978149414,78.4202880859375,30.495222091674805,156.6155242919922
2019-12-31,48.5624885559082,44.83328628540039,333.4111633300781,31.495460510253903,190.10394287109372,119.6192626953125,61.734169006347656,78.47449493408203,30.55594253540039,157.13040161132812
2020-01-02,49.45161819458008,44.924537658691406,341.9651794433594,31.07896423339844,191.2182159423828,117.92562866210938,61.62613677978516,78.5558090209961,30.92032241821289,160.4949188232422
2020-01-03,49.2774543762207,44.924537658691406,354.2696228027344,31.31876373291016,190.58270263671875,116.214111328125,61.13583755493164,77.59814453125,30.2783260345459,158.7815704345703
2020-01-06,49.53411102294922,45.31234359741211,353.7301940917969,31.444969177246094,191.4793701171875,115.67645263671876,61.37681198120117,78.00469970703125,30.23494529724121,157.58309936523438
2020-01-07,49.64411163330078,45.08422088623047,354.92047119140625,31.28090476989746,190.2258453369141,114.77140808105467,61.14414978027344,77.571044921875,30.035400390625,157.67193603515625
2020-01-08,49.83745193481445,42.45322799682617,351.9491882324219,31.602745056152344,193.0724334716797,115.06710815429688,60.37965774536133,77.88723754882812,30.33905792236328,157.80503845214844
2020-01-09,50.06763458251953,41.57876205444336,355.2886047363281,31.911941528320312,196.0321807861328,115.2911605834961,60.545841217041016,78.09503936767578,30.3911075592041,158.968017578125
2020-01-10,50.132083892822266,41.22898864746094,354.3466796875,31.69107818603516,195.18777465820312,114.78034210205078,59.9225959777832,77.11932373046875,30.139516830444336,158.62179565429688
2020-01-13,50.25177001953125,41.10731506347656,358.79071044921875,32.031837463378906,194.42172241210935,115.79293060302734,60.46271896362305,76.9024887084961,30.417142868041992,160.92103576660156
2020-01-14,50.52797317504883,41.53313827514648,356.3246765136719,32.10125732421875,193.9603576660156,116.42916107177734,61.35190963745117,77.79161834716797,30.642711639404297,160.19309997558594
2020-01-15,50.417476654052734,41.3886604309082,360.4432067871094,32.34104919433594,195.50987243652344,117.1549835205078,62.548526763916016,79.27960205078125,30.078781127929688,160.441650390625
2020-01-16,51.03436279296875,41.38106536865234,364.5106506347656,32.240089416503906,199.19219970703125,114.1710205078125,63.19669342041016,80.0961685180664,30.12215805053711,161.79991149902344
2020-01-17,50.758148193359375,41.37345504760742,364.4763488769531,32.1959114074707,201.8820953369141,115.1387939453125,63.17177963256836,80.74944305419922,30.11348342895508,162.66104125976562
2020-01-21,50.84101104736328,40.96284484863281,364.8959045410156,32.240089416503906,202.78741455078125,112.80894470214844,61.98344421386719,81.41175842285156,29.72307586669922,160.61923217773438
2020-01-22,50.38066101074219,40.62065505981445,363.41455078125,32.20222854614258,202.743896484375,113.05089569091795,61.91653060913086,83.34428405761719,29.809837341308597,159.83804321289062
2020-01-23,50.62004852294922,40.52940368652344,367.1478576660156,31.9056339263916,203.39678955078125,113.14051055908205,61.51494216918945,82.31903839111328,29.601612091064453,159.42076110839844
2020-01-24,49.78220748901367,39.57130432128906,370.3330993652344,31.710006713867188,201.96044921875,112.73726654052734,59.75810241699219,82.01963806152344,29.098424911499023,157.24578857421875
2020-01-27,48.51164245605469,39.71577453613281,370.23040771484375,31.4071102142334,201.25531005859372,110.18341827392578,59.37326049804688,81.28472900390625,28.499794006347656,154.0587921142578
2020-01-28,49.220584869384766,40.13400268554688,374.3318786621094,31.65952682495117,203.57958984375,111.14224243164062,60.08436965942383,81.23937225341797,28.83815574645996,155.7632598876953
2020-01-29,48.981201171875,39.75380325317383,371.48046875,31.62166976928711,203.71885681152344,110.59561920166016,59.021915435791016,80.87642669677734,28.638607025146484,155.94972229003906
2020-01-30,49.08248901367188,39.50286865234375,373.244384765625,30.29016494750977,202.64817810058597,110.3178253173828,58.31915283203125,80.89458465576172,29.046367645263672,158.3199462890625
2020-01-31,48.29067993164063,38.66642379760742,366.5827026367188,29.993566513061523,198.5654144287109,107.3875961303711,56.737979888916016,79.06185150146484,28.48244857788086,153.7747344970703
2020-02-03,48.87991714477539,38.74246597290039,362.93499755859375,29.192140579223636,201.5600128173828,108.73174285888672,55.993431091308594,78.98926544189453,28.603906631469727,152.0880126953125
2020-02-04,49.75459289550781,39.7994270324707,368.8603515625,29.35621452331543,204.5719757080078,109.798095703125,56.788177490234375,80.05079650878906,29.167823791503903,155.5413360595703
2020-02-05,50.399070739746094,40.28609085083008,372.6364135742188,29.20475959777832,207.279296875,111.88599395751952,59.0135383605957,81.25749969482422,30.11348342895508,157.04164123535156
2020-02-06,50.37145233154297,40.67388916015625,375.8731689453125,29.44455909729004,207.91476440429688,111.4379425048828,59.26450729370117,81.17585754394531,30.078781127929688,156.55337524414062
2020-02-07,50.38066101074219,40.4837760925293,376.0443420410156,29.166906356811523,206.57418823242188,109.86978912353516,59.86685180664063,79.72415924072266,30.0267276763916,155.60345458984375
2020-02-10,50.62924957275391,40.62065505981445,376.549560546875,29.154277801513672,209.45558166503903,108.3285140991211,61.280704498291016,80.11431884765625,30.09613037109375,157.08599853515625
2020-02-11,50.77657318115234,40.29368209838867,376.6266784667969,28.756715774536133,210.35220336914065,109.27835083007812,61.782657623291016,80.90367889404297,30.165542602539062,159.03904724121094
2020-02-12,51.3105697631836,41.4190788269043,373.8438415527344,28.64944648742676,210.30870056152344,109.64574432373048,61.699012756347656,80.55888366699219,30.295673370361328,160.8411102294922
2020-02-13,50.92387390136719,40.73472595214844,372.2169189453125,28.807207107543945,210.97900390625,107.94317626953124,60.23497009277344,80.4590835571289,30.286998748779297,159.90011596679688
2020-02-14,51.07118988037109,40.18722915649414,374.9141540527344,28.504302978515625,213.3032989501953,107.66539001464844,59.70792007446289,81.34823608398438,30.23494529724121,160.51268005371094
2020-02-18,51.052772521972656,39.77878189086914,372.9447326660156,28.535860061645508,212.3544464111328,106.93061065673828,60.23497009277344,80.64054107666016,29.731752395629883,159.27871704101562
2020-02-19,51.04357147216797,39.93986129760742,372.0285339355469,28.48536872863769,212.09326171875,107.10086059570312,60.0509147644043,81.07604217529297,30.12215805053711,160.5570831298828
2020-02-20,51.10801696777344,39.78645706176758,364.7417602539063,28.750411987304688,215.03561401367188,107.41584014892578,60.18477630615234,80.25946807861328,30.23494529724121,160.4150390625
2020-02-21,50.34383010864258,39.46429443359375,366.3087158203125,28.95865249633789,213.5731506347656,107.01087951660156,59.82504653930664,79.34310150146484,29.809837341308597,159.68707275390625
2020-02-24,48.47481918334961,37.6080436706543,359.07330322265625,27.6397705078125,208.6634063720703,103.73511505126952,56.82165145874024,76.7845230102539,28.39568901062012,155.59461975097656
2020-02-25,46.9188346862793,36.4421501159668,342.8128662109375,26.813106536865234,206.6438446044922,98.65950012207033,53.81827926635742,73.60900115966797,26.964189529418945,148.96315002441406
2020-02-26,47.92239761352539,36.56487655639648,343.2752990722656,26.57961082458496,204.8156890869141,98.17353057861328,52.412784576416016,73.81766510009766,26.57378387451172,148.4127655029297
2020-02-27,46.75311279296875,35.46800231933594,329.3182373046875,25.43111038208008,195.6317138671875,93.2239227294922,49.63528823852539,71.84884643554688,25.272424697875977,142.40594482421875
2020-02-28,45.53778839111328,35.09982681274414,318.69415283203125,25.47528648376465,189.63385009765625,93.9978485107422,49.50979232788086,69.88907623291016,24.72585105895996,144.74440002441406
2020-03-02,46.86359024047852,36.902374267578125,328.5858459472656,26.548065185546875,200.1671600341797,94.77179718017578,53.56728744506836,74.04449462890625,25.480636596679688,146.5919952392578
2020-03-03,44.976165771484375,35.37595748901367,325.182373046875,26.440784454345703,198.42613220214844,93.94385528564452,52.320762634277344,70.76007843017578,24.075170516967773,144.49447631835938
2020-03-04,46.53214263916016,37.34725570678711,346.4044189453125,27.72180557250977,209.8647308349609,97.15660858154295,55.24884796142578,74.4800033569336,24.630420684814453,152.79518127441406
2020-03-05,44.19357681274414,37.416290283203125,331.4723205566406,27.23590469360352,204.4065704345703,92.3779754638672,53.843360900878906,73.05553436279297,23.381874084472656,147.1989288330078
2020-03-06,43.61352157592773,38.74327087402344,329.55084228515625,26.59854507446289,198.9223175048828,91.2980499267578,53.66768646240234,74.1624526977539,22.44764518737793,146.40451049804688
2020-03-09,42.361366271972656,37.15550231933594,303.3226013183594,25.456357955932617,183.2094573974609,87.66233825683594,51.28337860107422,69.87999725341797,19.147293090820312,136.43475341796875
2020-03-10,44.727569580078125,37.7077751159668,316.3678283691406,26.59854507446289,196.4761199951172,91.77503967285156,52.37095260620117,73.38216400146484,20.61412048339844,144.3159637451172
2020-03-11,41.173675537109375,35.337608337402344,307.54461669921875,25.544696807861328,186.564697265625,87.26637268066406,51.29174423217773,70.8508071899414,19.79339408874512,136.90782165527344
2020-03-12,36.643829345703125,31.46404838562012,268.2969665527344,22.98265838623047,167.0222625732422,80.90385437011719,45.67818069458008,67.81137084960938,17.907474517822266,120.36003112792967
2020-03-13,44.12911605834961,35.42965316772461,283.1258239746094,25.285972595214844,180.2375030517578,84.76454162597656,49.894630432128906,74.08079528808594,21.09432601928711,133.35552978515625
2020-03-16,39.33227157592773,34.5782356262207,248.10012817382807,24.11854362487793,144.56158447265625,74.17237854003906,43.75400924682617,66.83148193359375,17.846355438232422,120.73489379882812
2020-03-17,43.14397048950195,38.04526138305664,274.7161560058594,25.147136688232425,152.16824340820312,74.35234832763672,48.52261352539063,72.12102508544922,19.19094657897949,117.63774871826172
2020-03-18,43.52145385742188,40.50747299194336,287.27886962890625,24.181642532348636,136.38528442382812,65.6230239868164,47.83659744262695,71.91234588623047,18.151948928833008,106.75758361816406
2020-03-19,41.49591827392578,37.2398681640625,270.726806640625,23.41176986694336,141.2052001953125,68.89875030517578,46.33072280883789,67.5936279296875,18.509920120239254,106.1774444580078
2020-03-20,42.0299186706543,35.606075286865234,250.9263458251953,21.63222312927246,133.3356170654297,71.74254608154297,45.761844635009766,61.69618225097656,17.17406463623047,100.41159057617188
2020-03-23,40.68569946289063,33.45069122314453,238.5015563964844,19.802188873291016,142.30938720703125,65.24504852294922,44.4149169921875,56.99637985229492,15.785819053649902,92.69994354248048
2020-03-24,44.04624938964844,34.70863723754883,248.93589782714844,20.995250701904297,161.87814331054688,73.83938598632812,45.46903991699219,63.2295150756836,18.361492156982425,106.6683349609375
2020-03-25,42.29692840576172,31.78620147705078,275.4399719238281,22.285568237304688,159.28411865234375,77.13314056396484,44.87504959106445,64.19126892089844,18.422611236572266,115.71874237060548
2020-03-26,46.47689056396485,35.03079605102539,301.8577880859375,23.757442474365234,171.07090759277344,80.77786254882812,48.781959533691406,68.78217315673828,19.837047576904297,122.6360092163086
2020-03-27,45.87845230102539,33.74983596801758,300.1775817871094,23.757442474365234,166.9871826171875,76.49417877197266,49.02457046508789,67.64806365966797,18.85916328430176,117.16468048095705
2020-03-30,46.36642837524414,34.639610290527344,300.5825500488281,24.191875457763672,171.8508758544922,77.32213592529297,49.9281005859375,71.98491668701172,19.24333381652832,117.5931167602539
2020-03-31,44.49738693237305,35.09215545654297,292.0523376464844,25.07369804382324,163.62205505371094,75.23429107666016,49.63528823852539,71.59480285644531,18.536115646362305,119.41390228271484
2020-04-01,44.84726333618164,33.00580596923828,291.6818542480469,24.386398315429688,156.54115295410156,71.8955307006836,48.80705261230469,69.47172546386719,17.261377334594727,115.77230072021484
2020-04-02,45.850833892822266,30.9271183013916,304.985595703125,23.4851131439209,158.88980102539062,72.65148162841797,46.3558235168457,72.0756607055664,17.95986557006836,118.53919219970705
2020-04-03,45.482540130615234,31.23394012451172,302.0043029785156,24.2567138671875,156.60256958007812,72.38152313232422,46.61516571044922,72.08473205566406,17.488386154174805,113.75513458251952
2020-04-06,47.40680313110352,32.69898223876953,317.0398864746094,24.17242431640625,167.6707305908203,77.96107482910156,47.033470153808594,75.06066131591797,18.67581367492676,119.60134887695312
2020-04-07,46.73469161987305,32.83706283569336,306.1228942871094,24.950502395629883,168.5120086669922,81.97479248046875,47.57725143432617,74.33480072021484,19.330642700195312,120.70811462402344
2020-04-08,48.22407150268555,33.05182647705078,311.4047241210937,26.02036666870117,170.72918701171875,84.00861358642578,49.70221710205078,77.07486724853516,20.47441864013672,124.28718566894533
2020-04-09,49.19539260864258,33.7344856262207,319.66778564453125,26.526121139526367,176.6094207763672,87.44635009765625,50.5890007019043,78.0638198852539,21.705501556396484,128.01805114746094
2020-04-13,49.00111389160156,33.834205627441406,318.7545166015625,26.22137260437012,174.20828247070312,84.30558776855469,49.32574844360352,77.89141082763672,20.88478279113769,123.11798858642578
2020-04-14,49.95394515991211,35.57538986206055,327.4484558105469,27.310680389404297,181.5520172119141,83.50463104248047,51.50089645385742,81.21700286865234,20.718891143798828,125.48323059082033
2020-04-15,49.176883697509766,33.320289611816406,322.5801696777344,26.526121139526367,173.93655395507812,79.62593841552734,50.664310455322266,82.85701751708984,19.37430191040039,120.35108184814452
2020-04-16,49.67643356323242,33.159210205078125,325.5958557128906,26.195432662963867,175.13720703125,80.00391387939453,52.33748626708984,87.46727752685547,18.70200729370117,118.1107940673828
2020-04-17,50.52749633789063,34.13335418701172,345.9564514160156,26.48720932006836,183.5238037109375,83.97261047363281,53.00677108764648,87.47638702392578,20.325986862182617,123.45716094970705
2020-04-20,49.87068939208984,32.86773681640625,330.1884155273437,25.333057403564453,180.570556640625,81.98377227783203,52.1534423828125,89.28951263427734,19.64496421813965,121.11865234375
2020-04-21,47.46551513671875,32.63762283325195,321.770263671875,24.483646392822266,175.80320739746094,79.2029800415039,50.40494918823242,85.69058990478516,18.894092559814453,117.81625366210938
2020-04-22,48.35357666015625,33.22057342529297,327.7672119140625,24.51607322692871,178.9230194091797,81.05683898925781,50.91111755371094,86.99349212646484,19.03378677368164,118.7355499267578
2020-04-23,48.076053619384766,33.366310119628906,324.60504150390625,24.931053161621094,177.30174255371094,81.4617919921875,51.69565963745117,85.59038543701172,19.094905853271484,120.20826721191406
2020-04-24,49.03811264038086,33.5504035949707,328.9476318359375,25.55999755859375,185.9425201416016,83.45967102050781,52.5645637512207,85.69970703125,19.365571975708008,120.9580078125
2020-04-27,49.37115097045898,34.07965850830078,326.19049072265625,25.77396583557129,190.83253479003903,86.39342498779297,53.56844329833984,86.51060485839844,20.49188041687012,124.84950256347656
2020-04-28,49.2138900756836,34.248409271240234,331.4981689453125,26.39643669128418,190.7185821533203,82.33474731445312,53.3491096496582,83.3307876586914,20.85858726501465,127.42002868652344
2020-04-29,49.84294509887695,34.79301452636719,334.2381591796875,26.24082374572754,194.38168334960935,86.28543853759766,52.81764221191406,84.07791900634766,21.635652542114254,130.4547119140625
2020-04-30,49.00111389160156,33.20523452758789,335.22906494140625,25.449769973754883,192.64649963378903,81.74078369140625,51.92342758178711,83.90482330322266,20.9982852935791,126.65243530273438
2020-05-01,47.9095344543457,31.954946517944336,330.4125671386719,24.58091354370117,191.54234313964844,79.1939926147461,50.36277389526367,81.8639144897461,20.1513729095459,122.50213623046876
2020-05-04,47.87252807617188,32.5609245300293,327.5604858398437,24.645753860473636,194.407958984375,78.14105987548828,50.57367706298828,81.8456802368164,20.020404815673828,120.6723861694336
2020-05-05,48.15005874633789,32.2310905456543,336.2974853515625,23.861188888549805,197.7117919921875,79.43696594238281,51.63660430908203,84.7612533569336,19.7846622467041,120.37784576416016
2020-05-06,47.97428131103516,31.60211944580078,326.1990661621094,23.16739273071289,196.23077392578125,79.91393280029297,50.96173095703125,82.98458099365234,19.51399803161621,118.74449920654295
2020-05-07,48.65884017944336,31.187917709350582,324.4413146972656,22.758901596069336,201.0769500732422,81.31783294677734,51.83907318115234,85.63594818115234,19.941823959350582,118.52134704589844
2020-05-08,49.55617141723633,31.96262550354004,326.0440368652344,23.822284698486328,205.44113159179688,83.24557495117188,53.24788284301758,85.37171173095703,20.57919311523437,122.19863891601562
2020-05-11,49.51915740966797,31.993309020996094,324.45849609375,23.614791870117188,207.3077392578125,81.83370208740234,53.85526657104492,87.53106689453125,19.71480941772461,119.85123443603516
2020-05-12,48.35357666015625,31.08819961547852,319.7626342773437,23.39433860778809,204.100341796875,79.30863189697266,53.44191360473633,85.46284484863281,19.094905853271484,113.88009643554688
2020-05-13,47.78002548217773,29.41604232788086,313.7914428710937,23.56940650939941,201.6466064453125,76.24054718017578,51.58599090576172,83.96858978271484,18.22179412841797,109.7565460205078
2020-05-14,48.945613861083984,29.799564361572266,306.9844970703125,23.504568099975582,205.48492431640625,77.80625915527344,52.5645637512207,83.62236022949219,18.95520401000977,114.23419952392578
2020-05-15,48.954872131347656,29.45440101623535,310.5344543457031,23.725017547607425,209.73521423339844,78.66605377197266,53.30692672729492,81.90035247802734,18.719470977783203,112.75963592529295
2020-05-18,49.16764068603516,31.341327667236328,325.30291748046875,24.379907608032227,215.0107879638672,83.1279067993164,53.76247024536133,82.24658203125,20.020404815673828,122.3173370361328
2020-05-19,48.41832733154297,30.850669860839844,320.0814208984375,24.06867408752441,208.6573486328125,84.36781311035156,53.66123580932617,80.37877655029297,19.39176368713379,118.63992309570312
2020-05-20,48.93637847900391,31.137693405151367,312.3525085449219,24.490137100219727,208.7362060546875,86.87476348876953,53.33224105834961,82.08258056640625,20.00293731689453,122.30836486816406
2020-05-21,48.307315826416016,30.835153579711918,317.7895812988281,24.341007232666016,211.0935516357422,86.06022644042969,53.43346786499024,82.35592651367188,19.99420738220215,123.8009033203125
2020-05-22,48.67734909057617,30.718799591064453,317.9445495605469,24.46420288085937,211.9698944091797,87.04672241210938,53.42502975463867,83.33990478515625,19.7846622467041,125.140625
2020-05-26,48.82534790039063,32.70466995239258,320.70184326171875,24.82081794738769,212.4956970214844,90.50396728515624,54.53014755249024,81.52680206298828,21.19910049438477,130.319580078125
2020-05-27,49.2138900756836,33.3330078125,342.173828125,25.320087432861328,216.7722320556641,92.6308135986328,55.65212631225586,82.69302368164062,22.683385848999023,133.6014404296875
2020-05-28,49.60241317749024,32.44867706298828,343.31121826171875,25.164478302001957,214.82681274414065,92.8932647705078,56.149845123291016,83.91392517089844,21.705501556396484,132.67530822753906
2020-05-29,49.74118041992188,33.30973052978516,336.7230224609375,25.320087432861328,217.75375366210935,92.015380859375,55.31469345092773,86.48326873779297,21.05940055847168,131.1377716064453
2020-06-01,49.08437347412109,33.5889892578125,337.1737976074219,25.40438842773437,216.7108917236328,93.553955078125,55.37374496459961,84.74303436279297,21.487224578857425,131.43450927734375
2020-06-02,49.28790283203125,33.782928466796875,337.8760070800781,25.71561813354492,221.4607086181641,97.30988311767578,56.38606643676758,84.38771057128906,21.68804168701172,133.38563537597656
2020-06-03,49.4821662902832,33.829471588134766,349.02374267578125,26.07223320007324,221.2755889892578,101.07482147216795,56.39450454711914,83.27613830566406,22.69211769104004,137.88128662109375
2020-06-04,48.89011001586914,34.28715133666992,349.9253845214844,26.409406661987305,219.46832275390625,100.5680160522461,56.12453842163086,80.4061050415039,23.544940948486328,140.1830291748047
2020-06-05,49.93544387817383,35.179237365722656,356.06268310546875,27.174516677856445,224.71372985839844,103.12926483154295,57.65988540649414,81.8730239868164,24.71427154541016,145.09225463867188
2020-06-08,50.97153091430664,36.47469329833984,359.1400756835937,27.771053314208984,226.3622589111328,102.63150024414062,59.57484436035156,84.33304595947266,25.09232711791992,146.48594665527344
2020-06-09,50.12046432495117,35.124935150146484,354.164306640625,27.349586486816406,226.35345458984372,100.83953857421876,58.52037811279297,82.24658203125,24.81098747253418,142.15213012695312
2020-06-10,50.055702209472656,34.34920883178711,350.01202392578125,27.11616516113281,224.3170166015625,98.685546875,56.951271057128906,83.96858978271484,23.386682510375977,138.57357788085938
2020-06-11,47.46551513671875,31.61089134216309,332.77008056640625,25.475709915161133,211.1110076904297,90.1057586669922,53.281620025634766,79.9778823852539,21.03922271728516,128.97088623046875
2020-06-12,47.97428131103516,32.115108489990234,331.0277709960937,25.926254272460938,213.73806762695312,91.97918701171876,54.11678314208984,81.10767364501953,21.786540985107425,129.93292236328125
2020-06-15,49.26014709472656,32.18492889404297,323.58154296875,26.708080291748047,212.7771759033203,93.40010833740234,53.41659927368164,81.590576171875,22.11185073852539,131.83912658691406
2020-06-16,50.49975204467773,32.69690704345703,331.8079528808594,27.22488784790039,220.3498992919922,94.81195831298828,55.32313537597656,81.76368713378906,22.683324813842773,134.06893920898438
2020-06-17,47.65977096557617,32.69690704345703,331.2357788085937,27.072490692138672,221.14334106445312,94.9115219116211,54.83383941650391,82.82058715820312,21.979969024658203,133.37661743164062
2020-06-18,49.667179107666016,32.565040588378906,328.0111694335937,27.47665786743164,219.6975860595703,94.50422668457033,54.40361404418945,82.25568389892578,22.01513290405273,133.2777099609375
2020-06-19,50.32397079467773,34.23284912109375,322.6452941894531,26.95985221862793,217.44070434570312,93.87071990966795,54.40361404418945,82.6201400756836,22.19976234436035,130.70623779296875
2020-06-22,50.990028381347656,33.54246139526367,325.9046936035156,26.53581428527832,219.65342712402344,93.8254852294922,54.24332809448242,82.31034088134766,21.6458683013916,130.319580078125
2020-06-23,51.05478286743164,33.208892822265625,322.2118225097656,26.727956771850582,220.6672821044922,93.84357452392578,54.35298538208008,83.18502807617188,21.79533576965332,130.24766540527344
2020-06-24,50.36098098754883,31.936697006225582,311.9135437011719,26.125022888183597,216.9822998046875,92.20542907714844,53.29849624633789,79.54056549072266,20.9337215423584,124.39434814453124
2020-06-25,50.44423675537109,32.61157989501953,314.5140991210937,26.27741241455078,216.32110595703125,93.01093292236328,54.007110595703125,81.65434265136719,21.733789443969727,128.08975219726562
2020-06-26,50.12046432495117,31.936697006225582,309.26092529296875,25.30344009399414,212.4685821533203,92.44076538085938,53.52626419067383,80.82522583007812,20.35344886779785,124.26848602294922
2020-06-29,50.65699005126953,32.82877731323242,318.571044921875,25.992511749267575,216.9735107421875,94.06983184814452,54.34455108642578,81.09857177734375,20.5644588470459,128.79107666015625
2020-06-30,51.12879180908203,32.883087158203125,316.3345642089844,26.005760192871094,220.84356689453125,95.9885025024414,54.80854415893555,83.30347442626953,20.88096809387207,130.00485229492188
2020-07-01,51.33230972290039,31.71173477172852,312.4336242675781,25.999135971069336,218.7630615234375,96.25098419189452,54.462650299072266,83.49480438232422,20.45016288757324,129.57330322265625
2020-07-02,51.74858474731445,32.565040588378906,313.8033447265625,26.10514068603516,219.0716094970703,98.71266174316406,54.58076477050781,84.03236389160156,20.476539611816406,130.3915252685547
2020-07-06,52.359134674072266,33.48039245605469,314.3147277832031,26.23765754699707,219.99728393554688,99.4457550048828,54.7747917175293,84.70659637451172,20.80184364318848,132.36961364746094
2020-07-07,52.09086608886719,32.75120544433594,306.23565673828125,26.462928771972656,218.05780029296875,98.12439727783205,53.92275619506836,84.24192810058594,20.23036193847656,130.3465576171875
2020-07-08,52.414642333984375,32.80551528930664,303.6003723144531,26.41655158996582,219.6622772216797,96.35958862304688,53.26474380493164,84.35125732421875,20.30948638916016,130.90402221679688
2020-07-09,53.21945571899414,30.261119842529297,294.6977233886719,25.57508850097656,218.5955810546875,95.1015853881836,51.69565963745117,85.34437561035156,20.01935577392578,127.10969543457033
2020-07-10,53.08994674682617,31.122180938720703,302.75079345703125,26.681575775146484,220.49095153808597,96.87545013427734,52.85138320922852,84.77037811279297,21.118350982666016,128.08079528808594
2020-07-13,52.73841857910156,30.70329093933105,306.0534973144531,26.641830444335938,220.0589599609375,98.99324798583984,52.826080322265625,84.81591796875,21.26781272888184,129.01583862304688
2020-07-14,53.13788604736328,31.114421844482425,308.3074951171875,27.20500373840332,227.2614898681641,101.1110382080078,53.73716354370117,86.72752380371094,21.22385597229004,133.16087341308594
2020-07-15,52.59907531738281,31.55659484863281,316.0224304199219,27.165252685546875,227.270263671875,104.64068603515624,54.47952651977539,88.47456359863281,21.62828254699707,136.60450744628906
2020-07-16,51.85588455200195,32.07632827758789,317.166748046875,27.483285903930664,227.51712036132807,104.31488800048828,54.82540893554688,88.1727066040039,21.03922271728516,137.63845825195312
2020-07-17,51.00121307373047,32.1306266784668,319.4378662109375,27.52303695678711,229.5447540283203,101.25582885742188,55.13753890991211,90.77945709228516,20.414989471435547,139.36483764648438
2020-07-20,51.46572113037109,31.38591957092285,316.8632507324219,27.07912254333496,229.35964965820312,99.00228881835938,53.914306640625,90.62399291992188,20.73150062561035,137.91722106933594
2020-07-21,51.93949508666992,31.347143173217773,325.1764831542969,27.311016082763672,231.3431396484375,99.69918823242188,54.42890930175781,89.80994415283203,21.47003173828125,139.14901733398438
2020-07-22,52.03239440917969,31.564342498779297,341.61212158203125,27.39052963256836,233.7674560546875,101.07482147216795,54.22486877441406,91.63925170898438,21.373315811157227,139.01416015625
2020-07-23,51.80014419555664,31.292837142944336,336.01226806640625,27.549541473388672,232.56858825683597,100.30554962158205,54.23337173461914,92.21546936035156,21.57553482055664,138.2229461669922
2020-07-24,51.69795989990234,31.424718856811523,334.7899475097656,27.728435516357425,233.890869140625,100.06118774414062,53.85078811645508,90.50506591796876,21.40848731994629,134.356689453125
2020-07-27,51.409969329833984,30.90498161315918,331.218505859375,27.913957595825195,235.75103759765625,99.76251220703124,53.19614791870117,91.45631408691406,21.22385597229004,135.5525360107422
2020-07-28,51.41925430297852,31.55659484863281,335.1800231933594,28.17235946655273,233.8644256591797,98.26921844482422,53.79127883911133,91.33740997314452,21.417280197143555,136.67642211914062
2020-07-29,51.74440383911133,31.92893409729004,335.7348022460937,27.582674026489254,233.3179168701172,99.92543029785156,54.59894943237305,93.7703857421875,22.217348098754883,138.98719787597656
2020-07-30,51.32636642456055,31.52555274963379,330.8977355957031,27.549541473388672,234.77252197265625,97.92530059814452,54.41191482543945,92.86488342285156,21.83929443359375,134.11390686035156
2020-07-31,51.51216506958008,31.57986259460449,328.5139465332031,27.264636993408203,234.04962158203125,97.42752838134766,53.51071548461914,92.05084228515624,21.874460220336918,134.3026885986328
2020-08-03,52.00452423095703,31.86688995361328,326.8928527832031,27.171878814697266,234.65789794921875,97.18315887451172,54.29289245605469,92.0874252319336,21.971172332763672,133.54742431640625
2020-08-04,52.02310180664063,31.75052261352539,327.6643981933594,27.562789916992188,236.14773559570312,97.5542221069336,55.24509811401367,91.40142059326172,21.988754272460938,132.468505859375
2020-08-05,51.55861282348633,31.657434463500977,332.440673828125,27.6025390625,235.80389404296875,101.05673217773438,54.75198745727539,93.4228286743164,22.32285499572754,135.60650634765625
2020-08-06,51.35422897338867,31.719497680664062,329.1813659667969,27.529664993286133,237.4701385498047,100.8576202392578,54.51394271850586,93.06610107421876,22.393186569213867,137.1889190673828
2020-08-07,51.30778884887695,32.20820617675781,334.2785339355469,27.94045829772949,239.4712371826172,103.41317749023438,55.22808456420898,92.59049987792967,22.95587158203125,139.46371459960938
2020-08-10,51.038368225097656,33.2476806640625,337.4339294433594,28.636154174804688,242.1954040527344,105.25936126708984,55.86572265625,91.50206756591795,23.351511001586918,143.34793090820312
2020-08-11,50.415958404541016,32.46418762207031,339.7744140625,28.887924194335938,242.3628692626953,109.94300842285156,55.48314666748047,90.6056900024414,23.66802978515625,144.11216735839844
2020-08-12,50.323055267333984,32.44091796875,340.19049072265625,28.463882446289062,248.234130859375,110.03392791748048,55.25359725952149,92.05998229980467,23.500980377197266,143.92340087890625
2020-08-13,50.1837158203125,31.80483055114746,337.41650390625,28.205480575561523,248.3046722412109,108.05135345458984,55.00704193115234,92.47156524658205,23.166889190673828,143.75157165527344
2020-08-14,50.35091781616211,32.5107307434082,339.3063049316406,28.18560791015625,247.3260955810547,108.20596313476562,55.83172225952149,91.45631408691406,23.27238655090332,144.92706298828125
2020-08-17,50.15584182739258,31.94057273864746,337.1737976074219,28.5102653503418,254.1053924560547,108.15138244628906,55.17707443237305,92.1148681640625,22.771240234375,143.55267333984375
2020-08-18,51.26133728027344,31.98176002502441,338.30078125,28.636154174804688,251.24917602539065,107.94222259521484,55.415130615234375,92.34354400634766,22.445941925048828,142.304931640625
2020-08-19,52.20890426635742,31.58160781860352,338.11871337890625,28.92105865478516,249.3625640869141,107.896728515625,55.500144958496094,91.90451049804688,22.419565200805664,141.82565307617188
2020-08-20,51.33565902709961,31.15790367126465,336.23760986328125,28.821672439575195,247.4407501220703,107.53297424316406,54.173858642578125,92.9563446044922,22.067880630493164,141.2107696533203
2020-08-21,51.2706184387207,30.96173667907715,337.7026672363281,28.79517364501953,249.68881225585935,107.52385711669922,54.36090087890625,93.66062927246094,21.962379455566406,142.4133758544922
2020-08-24,52.03239440917969,31.18143653869629,342.4443359375,29.179458618164062,252.7919769287109,110.11579132080078,54.30138397216797,92.7368392944336,22.58661460876465,144.10426330566406
2020-08-25,52.10671615600586,30.99312400817871,342.2709655761719,28.83491897583008,252.24534606933597,108.96988677978516,53.961307525634766,93.72466278076172,22.85916328430176,148.7699737548828
2020-08-26,53.40729141235352,30.341876983642575,342.7910461425781,28.622901916503903,257.35845947265625,109.08812713623048,53.30667495727539,94.38321685791016,22.472318649291992,149.4752655029297
2020-08-27,53.11930847167969,30.867586135864254,342.427001953125,28.9873104095459,254.44924926757807,109.85205078125,53.8932991027832,101.79191589355467,22.903121948242188,150.0901336669922
2020-08-28,53.76960754394531,30.412494659423828,342.9210510253906,29.106576919555664,252.38641357421875,111.06163024902344,53.740264892578125,101.33458709716795,23.122922897338867,152.251220703125
2020-08-31,53.15645980834961,29.83186149597168,340.3657531738281,28.980690002441406,251.28440856933597,109.49737548828124,52.81355667114258,100.1272430419922,22.63056945800781,149.69229125976562
2020-09-01,53.565208435058594,28.84321594238281,337.3567810058594,28.569896697998047,252.07778930664065,112.77137756347656,51.24921417236328,97.45643615722656,22.60419273376465,151.88046264648438
2020-09-02,54.83791732788086,29.1649169921875,347.1771850585937,28.993940353393555,254.5237579345703,114.57209777832033,51.78482818603516,100.09980010986328,22.876745223999023,155.94943237304688
2020-09-03,53.04499435424805,29.10215187072754,336.9032897949219,28.682525634765625,243.38394165039065,111.67095947265624,51.39375305175781,96.52349090576172,22.71739196777344,150.37042236328125
2020-09-04,51.77227783203125,28.945220947265625,335.7956237792969,28.81504440307617,238.9794006347656,111.50725555419922,51.215213775634766,95.27041625976562,23.496477127075195,150.7230987548828
2020-09-08,51.39138412475586,28.32535552978516,331.6180419921875,28.536762237548828,238.6249542236328,110.03392791748048,50.611576080322266,94.06307983398438,22.558032989501957,148.53489685058594
2020-09-09,52.9056396484375,27.73688316345215,335.987548828125,29.013818740844727,245.51980590820312,113.99004364013672,50.611576080322266,96.77960205078124,22.584590911865234,149.87310791015625
2020-09-10,53.2586555480957,27.20332908630371,330.64117431640625,28.72228240966797,241.67356872558597,114.35382080078124,49.310791015625,95.12408447265624,22.257022857666016,148.53489685058594
2020-09-11,52.95208740234375,27.22687530517578,339.6592712402344,28.88129425048828,244.89056396484372,115.59065246582033,48.80067825317383,95.76433563232422,22.57573890686035,150.5060577392578
2020-09-14,55.23738861083984,27.54857063293457,343.4094543457031,29.06380271911621,248.7190704345703,118.4190444946289,49.2852897644043,96.66986083984376,22.79707145690918,152.33258056640625
2020-09-15,56.61228561401367,27.67411422729492,342.3629455566406,28.91509246826172,253.0881500244141,118.1552963256836,48.46060943603516,97.48388671875,22.38096809387207,152.17886352539062
2020-09-16,56.13849639892578,28.466596603393555,345.0054931640625,28.225679397583008,249.5875701904297,117.35497283935548,48.86869812011719,96.6790008544922,22.66427230834961,153.71604919433594
2020-09-17,55.90625381469727,29.196311950683597,345.3195495605469,27.61736297607422,248.10748291015625,117.54596710205078,49.65937423706055,97.55705261230467,22.44293975830078,154.02346801757812
2020-09-18,55.506797790527344,28.976608276367188,344.621826171875,26.92794609069824,243.8803253173828,114.38111114501952,50.64557647705078,97.739990234375,22.31899642944336,152.54055786132812
2020-09-21,56.50080490112305,28.08212280273437,331.0772705078125,26.238525390625,241.3633270263672,109.20635223388672,50.05046081542969,96.90767669677734,21.663856506347656,145.91265869140625
2020-09-22,56.31500625610352,28.02720069885254,338.7608947753906,26.056032180786133,242.214111328125,109.87934112548828,49.42982482910156,95.85579681396484,21.19463539123535,147.09713745117188
2020-09-23,54.77289962768555,27.50934219360352,334.2431640625,25.636978149414062,236.2232208251953,107.60572052001952,48.80067825317383,93.96248626708984,20.59261512756348,143.5797882080078
2020-09-24,55.08875274658203,27.48579788208008,330.3359375,25.90733528137207,235.46995544433597,108.17868041992188,48.21405792236328,92.30693817138672,20.663440704345703,143.55267333984375
2020-09-25,55.55323791503906,27.79965591430664,337.2608642578125,25.86677360534668,237.9957275390625,109.36095428466795,48.73267364501953,94.62102508544922,20.79623794555664,146.02117919921875
2020-09-28,55.3488655090332,28.30181884765625,340.58380126953125,26.326391220092773,241.3456573486328,110.71602630615234,49.25978088378906,95.52653503417967,21.327428817749023,148.8694305419922
2020-09-29,55.24667739868164,27.760425567626957,339.0400390625,25.927610397338867,241.1506805419922,109.43370819091795,48.91971206665039,96.21251678466795,21.044132232666016,148.75189208984375
2020-09-30,55.46034240722656,28.18412208557129,334.278076171875,26.11686134338379,246.1134796142578,111.02523040771484,49.6508674621582,99.54185485839844,21.327428817749023,148.84230041503906
2020-10-01,55.44176864624024,28.144899368286133,332.193603515625,26.306116104125977,246.0337829589844,110.7523956298828,49.17477035522461,99.36808013916016,21.336286544799805,148.0013885498047
2020-10-02,54.652130126953125,28.06643867492676,331.9232788085937,26.33991813659668,247.531494140625,112.10748291015624,49.166263580322266,97.41072082519533,21.433670043945312,149.7465362548828
2020-10-05,55.33029174804688,28.73337173461914,334.8711242675781,26.698139190673828,250.00408935546875,114.51752471923828,50.11847305297852,99.29491424560548,21.79665184020996,152.55860900878906
2020-10-06,55.28383255004883,28.20766830444336,328.3299865722656,26.76572799682617,245.01461791992188,113.27157592773438,49.5063362121582,97.1820831298828,21.57532501220703,150.9039306640625
2020-10-07,56.51506423950195,28.63137626647949,333.9815979003906,27.394317626953125,250.6155242919922,117.26404571533205,50.51805877685547,98.54489135742188,22.026836395263672,155.11756896972656
2020-10-08,56.79487609863281,29.086462020874023,338.9091796875,27.29292869567871,252.14874267578125,122.76619720458984,51.4107551574707,99.276611328125,22.34555435180664,157.13394165039062
2020-10-09,57.03740310668945,28.513671875,336.5892639160156,27.50245857238769,253.389404296875,123.57562255859376,50.50105667114258,100.2918930053711,22.45178985595703,157.67645263671875
2020-10-12,57.32654571533203,28.976608276367188,339.1970520019531,27.340246200561523,254.2667999267578,123.7302017211914,50.77312088012695,101.57240295410156,22.73509407043457,158.56259155273438
2020-10-13,56.8694953918457,28.388134002685547,339.2232360839844,26.61703109741211,257.3242492675781,121.47478485107422,50.26300430297852,99.12113189697266,22.08881187438965,155.11756896972656
2020-10-14,56.86017227172852,28.17627716064453,340.76690673828125,26.731935501098636,254.42628479003903,122.4023895263672,49.74438095092773,98.8825225830078,20.911327362060547,156.85362243652344
2020-10-15,56.44976806640625,29.533700942993164,336.7550354003906,26.833311080932617,254.8251190185547,124.35774230957033,50.43304061889648,98.4879150390625,21.38055229187012,156.07601928710938
2020-10-16,56.23523712158203,29.35323905944824,337.0863952636719,26.718414306640625,254.9314727783203,124.73970794677734,50.66259002685547,100.6445083618164,21.46023368835449,158.1104736328125
2020-10-19,55.610294342041016,29.007999420166016,334.653076171875,26.48185157775879,251.44862365722656,122.15687561035156,49.97394180297852,99.14867401123048,20.999868392944336,155.15374755859375
2020-10-20,55.73155975341797,29.41600799560547,324.6233825683594,26.157413482666016,253.49575805664065,122.43880462646484,50.52656555175781,99.44232177734376,21.371700286865234,156.66375732421875
2020-10-21,55.65692901611328,29.337541580200195,320.2015991210937,26.02899169921875,252.13986206054688,121.89310455322266,50.78377914428711,97.2123031616211,21.29201889038086,156.31112670898438
2020-10-22,55.67559051513672,29.431699752807617,321.78887939453125,26.353435516357425,249.1710662841797,121.5929946899414,50.99813461303711,100.47013854980467,22.01798439025879,159.9098663330078
2020-10-23,55.871463775634766,29.847553253173828,326.47235107421875,26.41426086425781,250.80162048339844,122.11138916015624,51.658329010009766,98.91922760009766,22.044546127319336,158.72535705566406
2020-10-26,53.62355041503906,29.196311950683597,321.4313659667969,26.069555282592773,244.63351440429688,119.43763732910156,51.06672668457031,100.02965545654295,21.725828170776367,153.8696746826172
2020-10-27,53.24111557006836,28.24689674377441,316.09375,25.12328338623047,245.34251403808597,115.85438537597656,49.857791900634766,99.64419555664062,21.11495590209961,150.77734375
2020-10-28,51.851341247558594,27.14056205749512,306.0029296875,24.819129943847656,239.03260803222656,113.87178802490234,48.50309371948242,97.6619644165039,20.77853202819824,145.7227783203125
2020-10-29,52.25241470336914,26.30100440979004,307.3809509277344,24.92051696777344,238.9528045654297,116.50011444091795,47.954368591308594,96.3588409423828,20.84050941467285,148.83326721191406
2020-10-30,52.33636474609375,26.709007263183597,305.3662109375,24.38655662536621,236.3650360107422,117.9734115600586,48.09154510498047,96.45977783203124,20.982160568237305,149.1497039794922
2020-11-02,52.65349960327149,28.08212280273437,307.3635559082031,24.656911849975582,239.9365234375,122.93897247314452,49.79777145385742,98.6347427368164,21.31857681274414,156.98020935058594
2020-11-03,52.97994995117188,29.321857452392575,316.9746398925781,25.27198600769043,245.8122100830078,124.46685791015624,50.972412109375,100.5435791015625,21.858627319335938,162.04380798339844
2020-11-04,52.69080352783203,28.47836685180664,324.5797424316406,25.738359451293945,250.55352783203125,120.78359985351562,51.7612190246582,102.35144805908205,20.964454650878903,161.7725372314453
2020-11-05,52.849365234375,29.4473876953125,318.0735168457031,25.217914581298828,253.32742309570312,125.74009704589844,52.65291213989258,104.18682861328124,21.78779983520508,165.7239227294922
2020-11-06,52.97994995117188,29.27476692199707,315.08203125,25.19088363647461,251.9006500244141,126.19480895996094,55.688106536865234,105.00360870361328,21.522201538085938,166.61911010742188
2020-11-09,53.01725387573242,31.216747283935547,317.41949462890625,25.79918670654297,239.2541961669922,129.52725219726562,57.900203704833984,100.3875503540039,24.576568603515625,178.12066650390625
2020-11-10,52.85869216918945,33.22932815551758,323.8122863769531,26.75897026062012,244.21702575683597,130.39459228515625,60.21518707275391,101.6906967163086,24.48803329467773,182.63270568847656
2020-11-11,53.35305404663086,32.515316009521484,322.0679931640625,26.87387084960937,246.1490020751953,130.23939514160156,59.59785079956055,103.37928009033205,24.204734802246094,180.2003631591797
2020-11-12,52.65349960327149,31.98961067199707,320.8556823730469,26.698139190673828,244.81072998046875,127.70126342773438,59.49496841430664,102.73685455322266,23.629274368286133,179.1829376220703
2020-11-13,53.08255386352539,33.51180648803711,327.17877197265625,27.259132385253903,245.6349639892578,130.39459228515625,60.875370025634766,103.33338165283205,23.90372657775879,183.08920288085935
2020-11-16,53.30641555786133,34.60245132446289,328.9143371582031,28.036426544189453,247.76194763183597,131.71847534179688,62.9931526184082,104.31531524658205,24.41720962524414,189.4938507080078
2020-11-17,53.27843475341797,31.27167510986328,327.8415832519531,27.84041404724121,241.46975708007807,130.80545043945312,57.56581497192383,103.7555160522461,24.390647888183597,186.53225708007807
2020-11-18,52.46695327758789,30.352672576904297,329.2894287109375,27.150991439819336,239.13006591796875,130.3762969970703,56.888465881347656,100.73625946044922,23.88601493835449,182.69862365722656
2020-11-19,52.65349960327149,30.05097007751465,328.3299865722656,27.07664680480957,240.1049346923828,130.7598114013672,56.63981246948242,101.86505889892578,23.88601493835449,184.16123962402344
2020-11-20,51.95393371582031,29.796905517578125,320.9690856933594,26.995532989501957,239.11241149902344,130.595458984375,56.92275619506836,101.76409912109376,23.73551177978516,183.50718688964844
2020-11-23,52.30837631225586,30.15419006347656,323.43719482421875,27.17127227783203,240.521484375,132.18408203125,57.25714111328125,100.27742004394533,24.248998641967773,185.85093688964844
2020-11-24,53.69816207885742,30.58292579650879,330.091796875,27.711992263793945,242.214111328125,135.06004333496094,58.67186737060547,98.75404357910156,25.65666389465332,188.85792541503903
2020-11-25,53.54892349243164,31.01959228515625,329.9696960449219,27.29292869567871,242.79019165039065,133.9279327392578,57.985931396484375,97.6528091430664,25.700929641723636,188.6671142578125
2020-11-27,53.87538146972656,30.964014053344727,326.4810791015625,27.286169052124023,244.5891876220703,134.92306518554688,58.19172286987305,98.76322174072266,25.66551780700684,190.2387542724609
2020-11-30,53.83809280395508,30.178003311157227,320.5616149902344,26.92118453979492,245.8476104736328,134.00094604492188,58.12312316894531,99.3138427734375,24.930702209472656,185.2513885498047
2020-12-01,54.78948211669922,30.535287857055664,320.5528259277344,27.367284774780277,245.1298675537109,136.13735961914062,57.90877151489258,99.56163787841795,25.39991950988769,187.32264709472656
2020-12-02,55.10661315917969,31.63092803955078,317.3648681640625,27.04960823059082,241.56558227539065,134.31138610839844,59.70073318481445,99.24958801269533,25.727487564086918,188.95787048339844
2020-12-03,55.28383255004883,33.99689865112305,317.9532775878906,27.319971084594727,238.9280548095703,132.77752685546875,62.17862701416016,98.68063354492188,25.75421524047852,189.1576995849609
2020-12-04,55.92742156982422,34.465328216552734,321.9755859375,27.962078094482425,235.2301788330078,134.1470184326172,63.87627029418945,99.02017211914062,26.09273147583008,193.20936584472656
2020-12-07,55.77817916870117,33.6872673034668,318.04107666015625,28.17836570739746,234.02728271484372,132.29364013671875,63.13032531738281,98.35943603515624,25.9145622253418,191.7740631103516
2020-12-08,55.05997467041016,33.33792495727539,315.49420166015625,28.54335021972656,233.2074737548828,132.27536010742188,63.32754135131836,98.0106964111328,25.772031784057617,192.6552581787109
2020-12-09,55.7129020690918,33.16325759887695,317.35601806640625,29.050273895263672,236.6469573974609,132.7410125732422,63.04459381103516,97.57019805908205,25.656219482421875,192.80967712402344
2020-12-10,55.47970962524414,33.06797790527344,312.1216735839844,29.03000831604004,235.9608154296875,130.86021423339844,61.91281127929688,97.75374603271484,25.932382583618164,192.5643768310547
2020-12-11,56.53371810913086,32.97270202636719,317.6722106933594,29.06380271911621,235.72915649414065,130.4950408935547,61.37266540527344,98.21257781982422,25.45132827758789,194.9808807373047
2020-12-14,56.67362976074219,32.93301010131836,314.1153259277344,28.9962158203125,236.6469573974609,129.42681884765625,59.77791595458984,98.00152587890624,25.13953399658203,192.45538330078125
2020-12-15,57.69964599609375,32.81391906738281,314.0362548828125,28.509557723999023,238.78550720214844,131.58148193359375,59.92366027832031,98.60720825195312,25.513687133789062,194.56300354003903
2020-12-16,58.55777359008789,32.1072998046875,311.4015197753906,29.13138961791992,240.22010803222656,130.45851135253906,59.43494415283203,98.50625610351562,25.58495330810547,191.05633544921875
2020-12-17,59.33195495605469,32.456642150878906,309.6713256835937,29.06380271911621,244.1229248046875,131.73670959472656,59.666446685791016,99.8277587890625,25.68294715881348,192.5371551513672
2020-12-18,60.68443298339844,32.305789947509766,312.68377685546875,29.590999603271484,240.98635864257807,132.77752685546875,59.63215255737305,100.00212097167967,25.540414810180664,190.8111114501953
2020-12-21,60.1434440612793,32.2899169921875,306.8170471191406,29.02324676513672,241.46762084960935,133.38925170898438,58.911922454833984,99.1945343017578,26.49361038208008,191.3743438720703
2020-12-22,60.76837921142578,31.178380966186523,305.5611267089844,28.759634017944336,240.6210784912109,132.11105346679688,57.6344108581543,99.368896484375,26.021467208862305,188.9033660888672
2020-12-23,60.908302307128906,31.654748916625977,308.7930603027344,28.97592163085937,240.4161834716797,131.35325622558594,58.31174850463867,98.60720825195312,26.7697696685791,190.76565551757807
2020-12-24,60.591156005859375,31.456260681152344,309.1180419921875,28.77589988708496,241.4051818847656,132.38497924804688,58.2774543762207,99.43314361572266,26.689599990844727,190.3477935791016
2020-12-28,60.50721740722656,31.488021850585938,311.0589294433594,28.6103630065918,239.91714477539065,130.71414184570312,58.37177658081055,98.91922760009766,26.841039657592773,190.72024536132807
2020-12-29,60.124786376953125,31.289531707763672,310.8130187988281,28.09305953979492,237.1905059814453,130.46763610839844,58.21744155883789,99.41477966308594,26.734140396118164,189.984375
2020-12-30,60.06881713867188,31.233963012695312,311.0413818359375,28.099964141845703,236.36181640625,130.7598114013672,58.088829040527344,99.51573944091795,26.707416534423828,191.6377716064453
2020-12-31,60.33932495117188,31.662696838378903,311.7615966796875,28.27929306030273,236.68264770507807,131.6728057861328,58.56039047241211,100.47933197021484,27.00139045715332,193.22756958007807
2021-01-04,59.46253204345703,32.86949157714844,302.6804504394531,28.1689395904541,235.16781616210935,129.01600646972656,60.009395599365234,100.13059997558594,26.751955032348636,188.9124755859375
2021-01-05,58.72566604614258,32.6789436340332,306.32525634765625,28.113754272460938,237.06578063964844,131.7823486328125,60.41236877441406,101.36949920654295,26.95684814453125,189.3757476806641
2021-01-06,58.5852165222168,34.163631439208984,305.65771484375,28.5689754486084,238.420166015625,135.97299194335938,62.21291732788086,101.158447265625,28.640539169311523,192.82781982421875
2021-01-07,59.05337905883789,35.93413543701172,300.8448791503906,28.817283630371094,237.2529144287109,137.707763671875,63.43901062011719,102.14035034179688,29.27303695678711,193.14584350585935
2021-01-08,59.3436393737793,35.89443588256836,295.18017578125,28.686243057250977,239.7746124267578,135.3978271484375,64.1849365234375,102.42485809326172,28.97905731201172,190.80198669433597
2021-01-11,59.01591873168945,37.871376037597656,296.5678405761719,28.520702362060547,241.68142700195312,136.44776916503906,65.22241973876953,101.71823120117188,29.460111618041992,189.284912109375
2021-01-12,58.44477081298828,38.07779693603516,300.23016357421875,28.231014251708984,246.225830078125,138.11854553222656,65.38529205322266,99.8828125,29.985700607299805,189.7572479248047
2021-01-13,58.10769271850586,38.85586166381836,303.427001953125,28.34137344360352,244.19422912597656,138.78509521484375,64.23638916015625,102.92042541503906,29.80754280090332,188.06753540039065
2021-01-14,57.67699432373047,39.157562255859375,305.1394958496094,28.355165481567383,239.106201171875,138.54766845703125,64.34783935546875,101.39087677001952,30.27968406677246,189.51199340820312
2021-01-15,57.84552001953125,38.839988708496094,304.9902648925781,28.417238235473636,245.5664825439453,135.1604766845703,65.38529205322266,102.5518569946289,29.406658172607425,187.11370849609372
2021-01-19,57.3867416381836,38.22865676879883,299.9227905273437,28.437931060791016,243.4279327392578,132.4214630126953,64.6479263305664,103.7220230102539,29.19286346435547,187.83132934570312
2021-01-20,57.63954544067383,38.18100738525391,300.07196044921875,29.03800392150879,244.4169464111328,131.97409057617188,64.51931762695312,104.01687622070312,28.809799194335938,189.0305328369141
2021-01-21,57.31182861328125,37.371185302734375,298.3154602050781,28.927644729614254,248.6495361328125,131.0428466796875,63.94103240966797,104.0721664428711,28.30201911926269,186.44143676757807
2021-01-22,56.51596450805664,37.672882080078125,298.4999694824219,28.85177993774414,253.0602569580078,125.82962799072266,63.97554397583008,103.97080993652344,28.10603141784668,183.7342529296875
2021-01-25,57.021575927734375,37.96664810180664,301.68804931640625,28.941442489624023,254.0225982666016,128.36778259277344,63.19009780883789,105.70303344726562,27.75860595703125,183.3890380859375
2021-01-26,57.86426162719727,39.05435562133789,290.4288330078125,29.127670288085938,251.81277465820312,128.7420654296875,64.07048797607422,105.7122573852539,27.56261444091797,182.65318298339844
2021-01-27,58.566497802734375,40.63432312011719,292.0271911621094,28.844873428344727,244.19422912597656,127.77428436279295,62.50821685791016,105.30683135986328,26.57378387451172,181.12698364257807
2021-01-28,57.32118606567383,40.237342834472656,288.0048828125,29.41736221313477,247.7584381103516,127.0347671508789,62.67221450805664,110.92737579345705,27.010297775268555,184.2702178955078
2021-01-29,56.58150100708008,39.89594650268555,282.6387023925781,28.3344783782959,241.31613159179688,122.99018096923828,61.84360885620117,113.87586212158205,26.41343688964844,177.4840850830078
2021-02-01,57.59273147583008,38.76853942871094,284.5796203613281,28.12065887451172,240.6478271484375,126.52347564697266,61.67961120605469,112.90840911865234,26.689599990844727,177.65670776367188
2021-02-02,58.39795684814453,38.458892822265625,292.19415283203125,28.672447204589844,242.51010131835935,128.3038330078125,61.99897384643555,110.78915405273438,27.642797470092773,181.7992706298828
2021-02-03,58.210693359375,38.82411193847656,291.92193603515625,28.96902275085449,244.3011932373047,127.73777770996094,63.21598815917969,110.77075958251952,28.13275909423828,180.9089813232422
2021-02-04,59.315547943115234,39.11788177490234,296.1725769042969,29.3345890045166,248.44456481933597,127.14430236816406,63.00883865356445,110.3284683227539,28.952333450317383,182.2262115478516
2021-02-05,59.54961395263672,39.54661178588867,296.0057678222656,29.29320907592773,248.48016357421875,127.92035675048828,62.30105972290039,114.28128051757812,28.836524963378903,184.34292602539065
2021-02-08,59.0908317565918,39.64188766479492,296.7082824707031,29.638078689575195,249.5226593017578,128.02078247070312,62.99158477783203,114.7143325805664,29.477930068969727,185.1968688964844
2021-02-09,59.61515426635742,39.69745635986328,300.6604919433594,29.907081604003903,246.617919921875,125.34571075439452,63.4317626953125,115.31324768066406,29.35321044921875,183.52532958984372
2021-02-10,59.24063873291016,40.9757080078125,300.5287170410156,30.03812789916992,248.32872009277344,125.95745086669922,63.72523498535156,115.44225311279295,29.37993812561035,183.6524810791016
2021-02-11,58.706939697265625,39.792728424072266,297.8500671386719,29.87259101867676,246.87631225585935,126.0487289428711,63.52671813964844,116.8704071044922,29.290855407714844,183.67068481445312
2021-02-12,59.06274032592773,39.9991569519043,296.6117248535156,29.93467140197754,247.2772521972656,126.49605560302734,64.05323028564453,118.15116119384766,29.727367401123047,184.9333953857422
2021-02-16,58.1826057434082,39.0146598815918,294.2404479980469,29.94155502319336,245.3882751464844,125.40045928955078,60.876895904541016,117.95767211914062,30.52912330627441,184.81532287597656
2021-02-17,58.13577651977539,39.34811401367188,295.9706420898437,30.07261085510254,250.3157958984375,124.71576690673828,62.75852584838867,117.23898315429688,30.653846740722656,183.41629028320312
2021-02-18,58.11706161499024,39.20985412597656,296.778564453125,30.09330940246582,252.21376037597656,124.92656707763672,61.73139572143555,115.55280303955078,30.45785522460937,184.8880157470703
2021-02-19,57.23693084716797,39.161766052246094,294.5830078125,30.210559844970703,249.1752014160156,125.2748794555664,60.78195190429688,113.3690948486328,30.7696475982666,184.92431640625
2021-02-22,60.345481872558594,39.161766052246094,299.0182189941406,30.6381950378418,245.7981414794922,123.239990234375,60.833744049072266,112.9176025390625,31.313066482543945,184.97882080078125
2021-02-23,60.39230346679688,38.80107879638672,304.076904296875,30.548540115356445,238.1261138916016,123.71662139892578,60.108699798583984,111.30514526367188,31.642675399780277,186.26885986328125
2021-02-24,60.57957077026367,39.41023635864258,304.3403015136719,31.038244247436523,231.64813232421875,125.47655487060548,60.764686584472656,112.76097106933594,32.4088020324707,191.71046447753903
2021-02-25,61.1413688659668,38.68886566162109,300.0896301269531,30.78304481506348,227.4423370361328,123.71662139892578,59.84114456176758,112.02383422851562,32.00791549682617,186.8652191162109
2021-02-26,60.40166473388672,38.41636657714844,292.2663879394531,30.07261085510254,230.1957244873047,123.57917022705078,58.80538177490234,110.36532592773438,30.92108726501465,184.63877868652344
2021-03-01,61.95595169067383,38.35223388671875,295.1159362792969,30.72096824645996,233.11837768554688,126.35651397705078,59.79798126220703,112.60433197021484,31.883214950561523,188.1700592041016
2021-03-02,62.41475296020508,38.02361679077149,299.6470642089844,30.845123291015625,231.9332427978516,129.03305053710938,59.504512786865234,112.89917755126952,31.651575088500977,188.49855041503903
2021-03-03,62.64883041381836,38.1759147644043,301.7002868652344,31.07274055480957,229.32244873046875,127.9789047241211,59.58218002319336,109.81246185302734,32.44442367553711,188.89089965820312
2021-03-04,61.43161392211914,37.55875015258789,299.3461608886719,30.52783966064453,223.5929412841797,126.3381805419922,59.70302581787109,106.89166259765624,32.67720031738281,185.1771697998047
2021-03-05,65.51395416259766,37.83126831054688,301.2755126953125,31.12101173400879,225.90081787109372,130.71961975097656,60.96321868896485,108.03419494628906,33.06217193603516,188.49855041503903
2021-03-08,67.56448364257812,38.85719680786133,302.17822265625,32.348751068115234,230.810546875,133.9186553955078,61.91265869140625,106.54151916503906,33.24121856689453,189.52052307128903
2021-03-09,68.01390838623047,38.841156005859375,298.6824645996094,32.88675308227539,236.09451293945312,133.8911590576172,61.48109436035156,107.52741241455078,32.516056060791016,189.43836975097656
2021-03-10,67.52702331542969,40.492279052734375,301.6383361816406,33.24541473388672,238.72171020507807,136.10018920898438,62.74990081787109,106.7718505859375,33.456077575683594,194.2745056152344
2021-03-11,63.11697769165039,41.29378509521485,300.6559753417969,32.969520568847656,241.0618896484375,133.8911590576172,62.44780731201172,108.282958984375,33.339698791503906,193.90040588378903
2021-03-12,62.88291549682617,42.64833450317383,301.0630798339844,33.55579376220703,244.87261962890625,133.18533325195312,63.80293655395508,107.53663635253906,33.96638107299805,195.6158447265625
2021-03-15,63.41661071777344,44.12310791015625,306.5676574707031,34.376583099365234,249.75033569335935,132.95619201660156,64.70922088623047,108.81739044189452,33.7962760925293,197.2765045166016
2021-03-16,62.5926513671875,43.85060119628906,307.2048645019531,34.10068893432617,252.9244842529297,132.72703552246094,64.79551696777344,108.92794036865234,33.69779586791992,193.2707977294922
2021-03-17,62.00278091430664,43.36167526245117,310.6474304199219,34.335201263427734,251.08628845214844,134.3402862548828,63.880592346191406,108.37509155273438,33.97533416748047,194.38401794433597
2021-03-18,62.48964309692383,42.23956680297852,317.2229309082031,34.88009262084961,253.89285278320312,137.3101348876953,64.28628540039062,108.8265609741211,34.86164474487305,196.19981384277344
2021-03-19,62.04022216796875,42.1113166809082,314.231689453125,34.866302490234375,259.2188415527344,135.12860107421875,63.16420364379883,110.79839324951172,34.49458694458008,194.2745056152344
2021-03-22,62.09639739990234,42.56818389892578,316.5238037109375,35.61811447143555,259.075439453125,135.60520935058594,63.41452026367188,111.92249298095705,33.7156982421875,193.5627593994141
2021-03-23,62.98588943481445,41.70255279541016,312.9396057128906,34.83871078491211,260.00787353515625,135.17442321777344,62.05939483642578,111.01953125,33.035301208496094,190.3326110839844
2021-03-24,62.57392120361328,41.50217819213867,315.160888671875,34.74047088623047,262.4915466308594,135.80690002441406,63.19009780883789,108.74365234375,33.035301208496094,193.64491271972656
2021-03-25,64.2593002319336,41.44607162475586,319.6742858886719,35.217613220214844,266.4637145996094,139.6383514404297,63.93238830566406,109.69271087646484,33.7156982421875,195.15960693359372
2021-03-26,65.776123046875,41.70255279541016,322.762939453125,36.83851623535156,272.4084777832031,141.91159057617188,65.563720703125,112.47532653808594,34.628875732421875,199.4026031494141
2021-03-29,66.60006713867188,42.35979080200195,329.91357421875,36.69817733764648,270.9648742675781,142.55325317382812,65.85717010498047,112.6227569580078,34.29762268066406,199.7219390869141
2021-03-30,66.05702209472656,42.463985443115234,327.9223937988281,35.96842193603516,273.3140869140625,140.05087280273438,65.66728973388672,110.33767700195312,34.90641021728516,199.0011138916016
2021-03-31,65.7011947631836,44.00288391113281,327.0019836425781,35.89825439453125,273.6995849609375,137.73178100585938,64.93362426757812,110.42060089111328,34.63783264160156,198.0704040527344
2021-04-01,67.2367935180664,43.88266754150391,328.34716796875,35.78598403930664,275.94122314453125,139.2900848388672,64.13091278076172,109.59136199951172,35.35404586791992,197.8240203857422
2021-04-05,69.43711853027344,45.52575302124024,335.1881103515625,36.01052474975586,282.8005676269531,140.7566375732422,64.7696304321289,110.43902587890624,35.63157272338867,200.0778350830078
2021-04-06,69.54945373535156,44.64409255981445,335.3828430175781,36.05261993408203,281.3480224609375,140.7657928466797,64.4071273803711,110.5403823852539,35.53309631347656,200.00485229492188
2021-04-07,69.65290832519531,44.54790878295898,336.46246337890625,35.87720489501953,280.17340087890625,135.63267517089844,64.29490661621094,110.66940307617188,35.85539627075195,199.375244140625
2021-04-08,70.79074096679688,43.91471862792969,341.6219177246094,36.12279510498047,281.9307861328125,135.70606994628906,63.69072723388672,110.36532592773438,35.54205322265625,200.61618041992188
2021-04-09,71.07286071777344,43.42580032348633,341.8077697753906,36.12981414794922,286.2347106933594,137.92428588867188,63.93238830566406,111.39730072021484,35.80167770385742,207.1129608154297
2021-04-12,71.5806655883789,43.84257888793945,343.24151611328125,36.312259674072266,287.6335144042969,138.767578125,64.26901245117188,111.52629089355467,35.864349365234375,208.5912170410156
2021-04-13,72.09786224365234,43.76243591308594,342.5865783691406,35.9052734375,287.2837829589844,138.47425842285156,63.88922500610352,113.3414306640625,35.20185470581055,208.9561462402344
2021-04-14,72.23889923095703,43.65823745727539,343.9671936035156,36.03157043457031,286.9429931640625,138.2909393310547,64.80416107177734,112.36119079589844,35.70320129394531,209.3029327392578
2021-04-15,73.62126159667969,43.05710220336914,345.70172119140625,36.21401596069336,289.38189697265625,141.13246154785156,65.4083480834961,114.6176528930664,34.682594299316406,209.7226409912109
2021-04-16,74.24188232421875,42.72047424316406,346.7460327148437,36.705196380615234,294.169921875,153.45184326171875,65.49465942382812,114.99681091308594,35.049652099609375,211.7939453125
2021-04-19,74.05382537841797,43.11321258544922,346.6752319335937,34.438751220703125,293.06707763671875,154.70765686035156,65.38245391845703,115.16327667236328,35.06755828857422,210.75375366210935
2021-04-20,74.51461029052734,42.75252532958984,342.7812805175781,33.112552642822266,290.47576904296875,154.90927124023438,65.52056121826172,110.9740219116211,34.09172058105469,207.43235778808597
2021-04-21,72.08845520019531,43.32159805297852,342.7016296386719,33.38622283935547,292.2601318359375,159.09828186035156,66.20242309570312,113.3784408569336,34.6646842956543,210.32489013671875
2021-04-22,70.40519714355469,42.14338684082031,336.3740234375,32.62839889526367,288.234130859375,157.2559051513672,66.18505859375,114.2107391357422,34.34238815307617,209.19338989257807
2021-04-23,70.49922943115234,42.49604034423828,333.8960876464844,33.25288772583008,290.4130859375,160.08824157714844,66.07212829589844,114.0350341796875,35.076507568359375,204.85006713867188
2021-04-26,70.05725860595703,42.26360321044922,329.19677734375,33.13360977172852,286.9161071777344,158.6949920654297,65.81146240234375,113.35993194580078,35.28242111206055,202.1309051513672
2021-04-27,70.73432922363281,42.0872802734375,330.2940979003906,33.09151077270508,287.4540710449219,157.87001037597656,65.25544738769531,112.54613494873048,35.70320129394531,203.4174652099609
2021-04-28,70.31116485595703,41.999114990234375,330.0463562011719,33.10554504394531,286.6650695800781,158.16336059570312,65.50739288330078,112.31494140625,35.83749008178711,203.36273193359372
2021-04-29,71.3455810546875,42.26762008666992,336.6041259765625,32.69855880737305,291.71319580078125,158.7499542236328,66.35012817382812,111.90805053710938,36.80437088012695,204.3025360107422
2021-04-30,71.27033996582031,42.56016540527344,336.7899475097656,33.5055046081543,290.2157592773437,156.96253967285156,66.3761978149414,111.04798126220705,36.28512191772461,203.51785278320312
2021-05-03,72.71852111816406,43.5219841003418,340.99365234375,33.940555572509766,296.1335754394531,158.5849609375,67.49695587158203,110.53933715820312,36.31198120117188,203.663818359375
2021-05-04,73.8469467163086,43.377708435058594,342.9140319824219,33.5756721496582,298.3751220703125,163.8463897705078,70.4769287109375,108.69902801513672,36.70589447021485,205.6986389160156
2021-05-05,74.46756744384766,43.65823745727539,341.9316711425781,33.92652130126953,297.7296142578125,164.11219787597656,72.14501190185547,109.59608459472656,37.0550537109375,206.39212036132807
2021-05-06,74.98479461669922,43.65023040771485,342.7900695800781,34.726444244384766,302.68804931640625,165.0746612548828,72.71841430664062,109.8550262451172,37.61011505126953,208.6459503173828
2021-05-07,75.60543060302734,43.706329345703125,345.445068359375,35.049217224121094,304.1853942871094,165.01953125,73.94343566894531,110.0029754638672,37.762306213378906,208.76458740234372
2021-05-10,75.37033081054688,44.171199798583984,347.923095703125,35.56144714355469,305.8621826171875,164.81719970703125,74.58634948730469,109.99372863769533,37.64591979980469,210.72637939453125
2021-05-11,73.0570297241211,43.4738883972168,343.2149353027344,35.38602066040039,296.4833374023437,164.55982971191406,73.30052185058594,109.485107421875,37.216190338134766,209.10220336914065
2021-05-12,72.173095703125,42.51207733154297,336.8430480957031,34.62820053100586,284.23516845703125,159.83421325683594,72.4404067993164,107.59854888916016,36.867034912109375,200.78042602539065
2021-05-13,73.48019409179688,43.393741607666016,343.170654296875,35.16849899291992,291.78485107421875,163.6864013671875,73.21363830566406,108.61580657958984,37.45792007446289,204.96810913085935
2021-05-14,74.18547821044922,43.85060119628906,345.8345031738281,35.2807731628418,290.179931640625,164.6609344482422,73.2657699584961,109.41112518310548,37.923458099365234,208.34027099609372
2021-05-17,74.3641357421875,44.323490142822266,346.1354064941406,35.231651306152344,286.9341125488281,165.45162963867188,73.46558380126953,107.95922088623048,38.26365661621094,207.52474975585935
2021-05-18,73.99740600585938,44.29143142700195,342.6839599609375,35.07728958129883,284.010986328125,162.87733459472656,76.98422241210938,108.18116760253906,37.74440002441406,203.721923828125
2021-05-19,74.04439544677734,43.93075180053711,341.1971740722656,34.69135284423828,281.9487609863281,162.13262939453125,77.5055160522461,107.62628936767578,37.57430267333984,202.8055725097656
2021-05-20,74.0256118774414,44.138916015625,343.657470703125,35.10535430908203,283.2488708496094,163.17156982421875,77.38387298583984,108.93949127197266,37.48477935791016,203.54779052734372
2021-05-21,74.31713104248047,44.36527633666992,342.6839599609375,35.08430099487305,283.1322937011719,164.06333923339844,78.02678680419922,108.3198699951172,37.95927047729492,204.52828979492188
2021-05-24,74.64627075195312,44.324851989746094,343.1176147460937,35.308837890625,282.2984619140625,165.09307861328125,77.93990325927734,108.46784973144533,38.165184020996094,206.1777191162109
2021-05-25,74.1290512084961,43.80747222900391,341.4715270996094,34.810630798339844,284.010986328125,164.6609344482422,77.06240844726562,109.49435424804688,37.61011505126953,205.2980194091797
2021-05-26,74.53339385986328,42.04514694213867,339.9493713378906,34.67731857299805,284.5310363769531,164.33917236328125,75.86347961425781,107.96845245361328,37.6369743347168,205.5087432861328
2021-05-27,74.27010345458984,42.87780380249024,342.83447265625,34.522953033447266,285.8222045898437,166.2147216796875,75.08157348632812,106.98818969726562,38.09354782104492,211.9232177734375
2021-05-28,74.04439544677734,42.57060241699219,340.5267639160156,34.536983489990234,285.94775390625,165.23097229003906,75.09893798828125,107.87598419189452,37.950313568115234,211.5933074951172
2021-06-01,74.82490539550781,42.71611785888672,340.2773132324219,34.635215759277344,283.616455078125,166.17791748046875,74.60372161865234,97.83282470703124,38.4248046875,213.46267700195312
2021-06-02,75.4831771850586,43.516448974609375,343.1016540527344,34.74047088623047,282.32763671875,165.8009796142578,74.70799255371094,98.8593292236328,38.44270706176758,211.43753051757807
2021-06-03,76.25426483154297,44.27634811401367,345.11529541015625,34.929927825927734,280.70513916015625,166.3986053466797,75.63758850097656,100.9863510131836,38.88323593139648,210.0263214111328
2021-06-04,77.94691467285156,44.34101104736328,351.1292419433594,34.92291259765625,280.3265686035156,167.6305389404297,75.12499237060547,101.069580078125,38.90122222900391,210.8052673339844
2021-06-07,78.93433380126953,44.10657501220703,348.8216552734375,35.428131103515625,279.38018798828125,165.47000122070312,75.00337982177734,101.72618103027344,38.766357421875,209.100830078125
2021-06-08,79.56438446044922,43.65387344360352,346.1666564941406,35.00009536743164,280.2274780273437,164.6333465576172,74.55158996582031,99.78412628173828,38.550594329833984,210.58529663085935
2021-06-09,79.4797134399414,43.19308090209961,344.6252136230469,35.014129638671875,277.0186462402344,162.83140563964844,73.80440521240234,100.8476333618164,38.04713439941406,208.75262451171875
2021-06-10,77.39212799072266,44.712886810302734,345.44488525390625,35.18253707885742,277.8929748535156,163.0887908935547,74.28227233886719,101.86488342285156,37.480743408203125,207.3231658935547
2021-06-11,77.95633697509766,44.712886810302734,345.44488525390625,34.9158935546875,280.1102905273437,163.21754455566406,74.25618743896484,101.6429443359375,37.633575439453125,206.34262084960935
2021-06-14,77.69303894042969,44.00149154663086,346.6833190917969,34.33039093017578,278.8033447265625,161.2408905029297,73.51773071289062,102.1700668334961,37.184059143066406,204.5007781982422
2021-06-15,76.771484375,43.84789276123047,347.2981872558594,34.20186233520508,276.2164611816406,162.13262939453125,74.19538116455078,102.1053237915039,37.21103286743164,203.8868560791016
2021-06-16,72.48341369628906,43.096073150634766,341.774169921875,33.82343292236328,272.90850830078125,160.63404846191406,73.62197875976562,101.78164672851562,37.41781234741211,200.6705017089844
2021-06-17,72.93477630615234,42.69187545776367,341.1505126953125,33.4664192199707,273.21502685546875,157.36105346679688,73.17888641357422,103.2335433959961,35.78156661987305,198.1962890625
2021-06-18,71.68408966064453,41.09931945800781,337.8450012207031,33.06656646728516,272.7552185058594,154.566162109375,71.58900451660156,102.03134155273438,34.86455535888672,194.72335815429688
2021-06-21,73.33914947509766,41.98046875,340.79412841796875,33.766319274902344,277.2530212402344,157.8023681640625,72.99642181396484,103.057861328125,35.73661422729492,197.9305877685547
2021-06-22,73.9880142211914,41.85112762451172,340.7762756347656,33.730613708496094,281.8587951660156,157.682861328125,72.81399536132812,102.61396026611328,35.93441390991211,197.46324157714844
2021-06-23,73.44257354736328,42.10173416137695,336.18780517578125,33.57352828979492,280.9214782714844,156.00958251953125,72.7444839477539,102.5029754638672,36.14118576049805,196.7027130126953
2021-06-24,73.10404205322266,42.11790466308594,336.544189453125,33.86627197265625,281.0746154785156,155.85330200195312,72.77925109863281,103.29830169677734,36.70757675170898,199.479248046875
2021-06-25,73.7811050415039,42.16640472412109,340.3575439453125,34.00193405151367,282.6880187988281,153.72947692871094,73.048583984375,104.24159240722656,37.41781234741211,200.4413604736328
2021-06-28,73.81871795654297,42.20683288574219,338.6290588378906,33.687767028808594,283.27398681640625,154.86033630371094,73.08333587646484,106.99742889404295,37.363868713378906,198.6544952392578
2021-06-29,73.44257354736328,42.02898025512695,332.7041015625,33.402156829833984,286.8432312011719,154.9706573486328,72.5359878540039,108.39385986328124,36.76151657104492,197.88479614257807
2021-06-30,73.19808197021484,42.53018951416016,337.0965881347656,34.044776916503906,287.42926025390625,156.08314514160156,72.49253845214844,107.21014404296876,37.06718444824219,201.0003662109375
2021-07-01,74.79669189453125,39.37740707397461,338.7628173828125,34.151893615722656,289.8177185058594,156.28536987304688,71.43260955810547,108.34761810302734,37.34588623046875,202.16412353515625
2021-07-02,76.94073486328125,38.94087600708008,339.89422607421875,33.937679290771484,290.8632507324219,156.90135192871094,71.61505126953125,109.1614227294922,36.99526596069336,202.8055725097656
2021-07-06,78.12561798095703,38.56092071533203,337.3817443847656,33.32361602783203,287.7626647949219,155.38436889648438,70.52904510498047,109.8827667236328,36.02431106567383,200.2764129638672
2021-07-07,80.95610046386719,38.39116668701172,341.667236328125,33.40929412841797,291.5662841796875,158.40916442871094,70.66805267333984,110.85379028320312,35.73661422729492,202.27407836914065
2021-07-08,80.48592376708984,37.7686767578125,338.4953308105469,33.15224838256836,287.1137084960937,155.34759521484375,69.69502258300781,110.28966522216795,34.86455535888672,200.97283935546875
2021-07-09,82.52649688720703,38.32648468017578,341.33758544921875,33.84485626220703,290.3134460449219,157.5908966064453,70.65069580078125,110.73355865478516,35.99734115600586,205.5729217529297
2021-07-12,81.88706970214844,38.43965530395508,337.7380676269531,33.909114837646484,289.9979858398437,158.20687866210938,71.08507537841797,109.87350463867188,36.52776718139648,206.1960601806641
2021-07-13,81.87765502929688,38.25372695922852,336.6421813964844,33.445003509521484,285.7706604003906,156.23941040039062,70.94607543945312,109.7255401611328,35.83550262451172,205.33468627929688
2021-07-14,83.32173156738281,37.89802932739258,335.7333984375,33.95909881591797,287.7265930175781,156.37730407714844,71.60637664794922,108.76937866210938,34.93647766113281,208.71600341796875
2021-07-15,81.39630889892578,37.38873291015625,337.00750732421875,33.909114837646484,290.87225341796875,157.65525817871094,71.30226135253906,108.29595947265624,34.909507751464844,213.3343505859375
2021-07-16,82.57611083984375,37.20279693603516,336.0185241699219,33.78059005737305,289.8177185058594,156.47840881347656,70.99819946289062,109.08501434326172,34.09137344360352,211.0618438720703
2021-07-19,82.09476470947266,36.84710311889648,331.456787109375,33.40929412841797,287.4111328125,152.38719177246094,70.08596801757812,110.27325439453124,33.20133590698242,202.2007751464844
2021-07-20,83.6803970336914,37.23513412475586,338.54888916015625,33.70919418334961,293.2519226074219,145.7125244140625,71.06771087646484,110.21754455566406,33.884605407714844,210.4478912353516
2021-07-21,84.65253448486328,37.72825622558594,339.35968017578125,33.79486846923828,294.1621398925781,146.8893280029297,72.16239166259766,110.44961547851562,34.576866149902344,212.4546813964844
2021-07-22,85.59639739990234,37.5827522277832,338.5043029785156,33.552101135253906,294.4326477050781,147.56045532226562,72.22358703613281,109.77195739746094,34.127349853515625,213.2702178955078
2021-07-23,82.76486206054688,37.61508941650391,339.252685546875,33.909114837646484,300.0029296875,149.78536987304688,72.78298950195312,112.1391372680664,33.89360046386719,210.1363067626953
2021-07-26,82.9253158569336,38.19713592529297,327.9196472167969,33.99480056762695,298.5066833496094,151.6425018310547,72.43335723876953,110.95091247558594,34.280174255371094,210.0721740722656
2021-07-27,82.86869812011719,37.84952163696289,333.871337890625,34.123329162597656,294.973388671875,151.8263702392578,73.10637664794922,111.22010040283205,34.14532470703125,211.0893402099609
2021-07-28,82.28352355957031,38.08396530151367,332.16070556640625,34.00193405151367,293.40509033203125,150.18072509765625,72.8092041015625,111.87921142578124,34.280174255371094,211.20846557617188
2021-07-29,82.70823669433594,38.02737808227539,331.9735412597656,34.70168685913086,295.1265869140625,149.730224609375,72.59941864013672,112.4083480834961,34.774654388427734,213.39854431152344
2021-07-30,82.24575805664062,38.11629867553711,331.1449584960937,34.30183029174805,295.8116455078125,150.33700561523438,71.98757934570312,112.30623626708984,34.48696517944336,214.2323760986328
2021-08-02,82.67992401123047,37.857608795166016,328.1424255371094,34.08047866821289,294.9373474121094,150.13478088378906,72.03128814697266,112.2505340576172,34.127349853515625,212.9769592285156
2021-08-03,84.6997299194336,38.39116668701172,329.1669616699219,34.123329162597656,299.19171142578125,152.27688598632812,73.42103576660156,113.364501953125,34.65777587890625,213.1877593994141
2021-08-04,84.99231719970703,37.62317657470703,322.2085876464844,33.580665588378906,297.7225341796875,150.60360717773438,71.27958679199219,112.85391998291016,34.40605163574219,210.38368225097656
2021-08-05,84.40714263916016,37.93844985961914,321.4423217773437,33.81629180908203,300.2463073730469,149.81295776367188,69.96849822998047,113.44803619384766,35.080318450927734,210.64947509765625
2021-08-06,84.4920883178711,38.07588195800781,322.5738220214844,33.80914688110352,297.29888916015625,150.98976135253906,71.01737976074219,113.41089630126952,36.09623336791992,210.4662322998047
2021-08-09,84.85076141357422,38.350730895996094,321.6739501953125,33.901973724365234,296.325439453125,151.5987548828125,71.36700439453125,114.3299331665039,36.563720703125,209.1374969482422
2021-08-10,84.60535430908203,39.15105438232422,322.7431335449219,34.35182189941406,298.7770690917969,154.4221954345703,72.75675964355469,113.90291595458984,37.24699020385742,212.48216247558597
2021-08-11,84.59590148925781,40.19389724731445,323.6875305175781,34.3946533203125,303.75250244140625,157.03343200683594,74.25139617919922,112.7518081665039,37.71449661254883,214.58973693847656
2021-08-12,84.76580810546875,39.87053298950195,320.5246276855469,34.35895156860352,301.0664978027344,157.21795654296875,74.41747283935547,114.00502014160156,37.89429473876953,213.3845672607422
2021-08-13,85.30377960205078,39.846282958984375,318.9476318359375,34.70168685913086,298.63287353515625,156.65513610839844,73.73571014404297,114.2371063232422,37.42680358886719,213.21893310546875
2021-08-16,85.71905517578125,39.72501754760742,320.9701232910156,34.55174255371094,301.9948425292969,156.29525756835938,74.63599395751953,115.72240447998048,37.12113571166992,215.04055786132807
2021-08-17,85.84175872802734,39.72501754760742,322.1729431152344,34.67313003540039,289.1056823730469,153.7117156982422,75.57997131347656,116.67854309082033,36.94131851196289,212.93377685546875
2021-08-18,83.94467163085938,39.628021240234375,317.71807861328125,34.430355072021484,289.82666015625,151.79249572753906,73.93672180175781,115.04473876953124,36.67161560058594,210.14617919921875
2021-08-19,83.72758483886719,38.817779541015625,315.4283142089844,34.444637298583984,291.04351806640625,148.68301391601562,73.62208557128906,116.70640563964844,36.13218688964844,209.5113525390625
2021-08-20,83.94467163085938,39.4300537109375,318.2259826660156,34.608863830566406,296.758056640625,148.66456604003906,74.16400909423828,117.26337432861328,36.29402160644531,209.48374938964844
2021-08-23,84.11454772949219,39.60148620605469,318.38629150390625,34.61600112915039,295.4060363769531,149.8087158203125,73.94548797607422,116.81777954101562,36.77949142456055,210.78094482421875
2021-08-24,83.57659149169922,39.462703704833984,319.8563842773437,34.423213958740234,292.8462219238281,150.2885284423828,73.25496673583984,116.50216674804688,37.29194259643555,212.0045623779297
2021-08-25,83.64262390136719,39.71577453613281,319.6336364746094,34.737388610839844,291.9269104003906,150.75909423828125,73.04521179199219,115.79664611816406,37.89429473876953,212.2069396972656
2021-08-26,83.73701477050781,39.05452728271485,322.19073486328125,34.80878448486328,289.7636413574219,148.6922607421875,72.57319641113281,116.47431182861328,37.79541015625,212.40936279296875
2021-08-27,84.33162689208984,39.57699203491211,322.5203857421875,35.36573028564453,291.4762268066406,149.32894897460938,73.16755676269531,115.65740966796876,38.19997787475586,212.6485595703125
2021-08-30,84.426025390625,39.69944381713867,322.5738220214844,35.48712158203125,294.82916259765625,149.208984375,73.94548797607422,116.9106216430664,37.45377731323242,213.32015991210935
2021-08-31,84.12399291992188,41.43012237548828,322.8879699707031,35.86555099487305,293.9999389648437,147.21595764160156,75.51004028320312,117.30980682373048,37.53468704223633,213.3569183349609
2021-09-01,84.89794921875,41.05460357666016,320.0700988769531,35.758445739746094,293.1936950683594,145.5550994873047,74.91567993164062,118.26594543457033,37.03122329711914,211.41575622558597
2021-09-02,84.75635528564453,42.270973205566406,321.31744384765625,36.44391250610352,296.907958984375,146.3670654296875,76.00825500488281,119.27780151367188,37.067378997802734,212.4921417236328
2021-09-03,84.94513702392578,41.8709602355957,319.4778137207031,36.39392852783203,299.263427734375,143.62667846679688,76.45402526855469,119.69552612304688,37.094482421875,210.0909423828125
2021-09-07,83.73701477050781,41.63421630859375,313.37548828125,36.265403747558594,298.004150390625,138.77330017089844,75.67610931396484,119.18495178222656,37.338470458984375,205.09536743164065
2021-09-08,84.44491577148438,41.70767974853516,315.4035339355469,36.32966613769531,300.38671875,139.34536743164062,75.36145782470703,119.80691528320312,36.85050201416016,206.4477386474609
2021-09-09,84.51097106933594,41.283180236816406,313.13311767578125,36.122596740722656,300.5588073730469,142.6116943359375,74.65345764160156,118.80435943603516,36.98604965209961,205.09536743164065
2021-09-10,84.64309692382812,40.36886215209961,310.39605712890625,36.12973785400391,300.7218933105469,141.1999969482422,73.23748016357422,119.56555938720705,36.38964080810547,204.58018493652344
2021-09-13,83.8974838256836,40.1484489440918,310.78192138671875,35.758445739746094,303.89263916015625,140.72015380859375,73.86682891845703,117.54185485839844,36.99507522583008,205.7117919921875
2021-09-14,81.53789520263672,39.364742279052734,309.0139465332031,35.169490814208984,301.7818603515625,138.70872497558594,73.32489013671875,117.9410400390625,36.001075744628906,202.57456970214844
2021-09-15,82.80262756347656,40.91581726074219,309.6690979003906,35.794803619384766,302.0082702636719,139.05934143066406,74.76708221435547,118.34949493408205,36.27216339111328,203.9545745849609
2021-09-16,82.3495864868164,40.76887893676758,306.46533203125,35.47487258911133,304.74420166015625,138.21043395996094,74.60102081298828,118.30308532714844,36.55229568481445,202.0777587890625
2021-09-17,81.53789520263672,40.50763702392578,305.99871826171875,35.343997955322266,304.0919494628906,135.396240234375,74.7408676147461,117.6996612548828,36.59748077392578,201.0105438232422
2021-09-20,81.33024597167969,39.511695861816406,303.7372436523437,35.00226593017578,300.051513671875,134.99945068359375,73.9280014038086,115.91732788085938,35.3414192199707,198.4713592529297
2021-09-21,82.03811645507812,39.20146942138672,301.5744323730469,34.92229080200195,302.7784118652344,134.39968872070312,73.35986328125,116.15869903564452,35.35948181152344,197.707763671875
2021-09-22,83.4727554321289,39.19330978393555,306.6717529296875,35.07497787475586,304.32745361328125,134.03060913085938,73.29869079589844,115.71310424804688,36.27216339111328,199.658203125
2021-09-23,84.39769744873047,39.56066131591797,308.888427734375,35.48941802978516,304.3094177246094,135.19322204589844,74.1727523803711,116.31649780273438,37.672813415527344,202.12374877929688
2021-09-24,84.88849639892578,39.43821334838867,313.6625671386719,35.23493576049805,305.7407531738281,137.093994140625,74.0416259765625,115.4531707763672,38.07944869995117,201.65457153320312
2021-09-27,85.92671966552734,39.838226318359375,317.1086120605469,35.43851852416992,309.2919311523437,136.70645141601562,74.9419174194336,111.93490600585938,39.09153366088867,200.46778869628903
2021-09-28,85.4076156616211,39.25861358642578,316.02276611328125,35.09678649902344,302.3978881835937,134.7964630126953,74.87197875976562,110.22681427001952,39.001163482666016,197.7721710205078
2021-09-29,86.12493133544922,39.76475524902344,314.35357666015625,35.43851852416992,305.2333984375,134.48277282714844,75.85967254638672,110.89519500732422,38.91983795166016,197.72618103027344
2021-09-30,82.23631286621094,38.40959930419922,309.6960754394531,33.097286224365234,297.37908935546875,131.95455932617188,74.1727523803711,109.66055297851562,38.35958099365234,195.2973480224609
2021-10-01,84.6997299194336,38.20551681518555,312.1190795898437,33.34449005126953,298.8284912109375,132.87728881835938,73.48223114013672,108.80652618408205,38.92887496948242,198.3977508544922
2021-10-04,84.24669647216797,38.1157112121582,310.4947509765625,33.80983352661133,295.7574157714844,132.87728881835938,73.25496673583984,107.24696350097656,39.163818359375,197.07296752929688
2021-10-05,86.3514404296875,38.44225311279297,312.0741577148437,33.56989288330078,298.4842529296875,134.57504272460938,73.10637664794922,107.57186889648438,39.959022521972656,198.4621734619141
2021-10-06,86.20986938476562,38.29531097412109,314.0843505859375,33.77348327636719,299.2815246582031,135.40548706054688,72.67809295654297,108.13813018798828,39.97710037231445,199.51097106933597
2021-10-07,87.12539672851562,39.062686920166016,315.69073486328125,33.7952880859375,305.731689453125,138.8471221923828,73.59585571289062,109.4563446044922,39.86865997314453,200.9001617431641
2021-10-08,89.39847564697266,38.67900085449219,317.4587097167969,33.97706985473633,302.8871154785156,139.08700561523438,73.74444580078125,109.90193176269533,40.06746673583984,200.2837677001953
2021-10-11,90.2508773803711,38.71166229248047,320.44696044921875,33.962528228759766,305.2696838378906,140.12042236328125,73.665771484375,108.50018310546876,39.56142044067383,198.0665740966797
2021-10-12,90.5160675048828,38.71166229248047,321.3803100585937,34.28244400024414,306.021484375,140.98777770996094,73.23748016357422,108.90863800048828,39.34455490112305,197.1833648681641
2021-10-13,91.30219268798828,38.58103561401367,324.6468505859375,34.842308044433594,306.4564208984375,142.722412109375,72.68682861328125,108.61156463623048,38.98309326171875,198.33334350585935
2021-10-14,90.2414093017578,41.44646072387695,324.92510986328125,35.38762664794922,311.68365478515625,146.59776306152344,73.9105224609375,109.56209564208984,40.72711563110352,201.10255432128903
2021-10-15,90.28878021240234,39.93618774414063,328.11090087890625,35.409446716308594,317.4453125,147.907958984375,75.02928924560547,109.487548828125,41.90185546875,203.06211853027344
2021-10-18,91.4063720703125,39.511695861816406,327.55450439453125,34.9949951171875,321.6125183105469,145.23214721679688,73.8405990600586,108.86320495605467,41.82052993774414,202.9793243408203
2021-10-19,91.9272689819336,39.19330978393555,333.00177001953125,34.82776641845703,324.31219482421875,146.65310668945312,74.1989517211914,111.21155548095705,42.00126266479492,204.037353515625
2021-10-20,91.52947235107422,39.50352478027344,333.0556030273437,35.213130950927734,324.52960205078125,148.02792358398438,75.64989471435547,114.91114807128906,42.552467346191406,205.74855041503903
2021-10-21,91.2074737548828,40.11579132080078,334.85943603515625,35.06770324707031,330.3185119628906,152.24465942382812,76.36199188232422,116.53263092041016,42.31753158569336,206.55816650390625
2021-10-22,93.05435180664062,40.00149154663086,336.1695861816406,35.06043243408203,331.5595397949219,149.21817016601562,76.94223022460938,118.0888900756836,42.98622131347656,200.00775146484372
2021-10-25,92.71338653564452,40.18109893798828,337.7220764160156,34.86410903930664,336.3338623046875,147.6957550048828,77.0828857421875,117.95841979980467,42.9320068359375,200.13656616210935
2021-10-26,91.85150909423828,39.43821334838867,297.8592224121094,34.98044967651367,334.4676208496094,149.35658264160156,77.6455307006836,119.4028549194336,43.33864212036133,200.85418701171875
2021-10-27,90.9517593383789,38.46674346923828,296.9887084960937,34.53693008422852,337.2940673828125,149.03366088867188,77.44332885742188,119.01144409179688,42.507301330566406,198.4621734619141
2021-10-28,91.14118957519533,38.45042037963867,297.3926086425781,32.413814544677734,336.6146240234375,150.38076782226562,77.90928649902344,119.01144409179688,43.17599487304688,201.0013427734375
2021-10-29,90.86650848388672,38.38511276245117,298.2270812988281,32.07209396362305,336.7687072753906,148.1571044921875,78.48950958251953,120.11107635498048,43.17599487304688,201.1301422119141
2021-11-01,89.38899993896484,38.63002395629883,296.9797058105469,32.02845001220703,332.0035400390625,146.73614501953125,79.6939468383789,120.15767669677734,43.23924255371094,202.17893981933597
2021-11-02,90.80020141601562,38.98105239868164,292.8337097167969,32.10116195678711,332.7373352050781,149.37503051757812,80.13351440429688,119.01144409179688,43.26635360717773,203.4945526123047
2021-11-03,91.06539916992188,40.189266204833984,297.3567199707031,32.69010925292969,334.2592468261719,150.2239227294922,84.69623565673828,119.93402099609376,43.70913696289063,204.97573852539065
2021-11-04,90.57291412353516,40.41783905029297,301.0809631347656,32.435630798339844,337.1672668457031,150.62989807128906,83.06982421875,120.29747009277344,42.76935958862305,204.6905670166016
2021-11-05,89.92884826660156,40.98112869262695,305.0205383300781,32.86460876464844,333.7428894042969,150.48228454589844,82.44563293457031,115.89894104003906,42.44403839111328,207.9749755859375
2021-11-08,90.10880279541016,40.73622131347656,306.7166442871094,32.77008819580078,333.9150390625,149.9102020263672,82.42806243896484,118.1634292602539,42.77839279174805,207.67135620117188
2021-11-09,89.587890625,40.0831298828125,303.4769592285156,32.56650924682617,335.7811584472656,149.5120086669922,81.54891204833984,117.81864166259766,42.36271286010742,209.5297393798828
2021-11-10,88.86810302734375,39.97700881958008,302.99237060546875,32.53742218017578,333.90594482421875,148.84524536132812,81.7247543334961,119.11395263671876,42.678977966308594,208.2731475830078
2021-11-11,89.06698608398438,40.76887893676758,301.4308776855469,32.646488189697266,333.0452880859375,147.7154541015625,82.82366943359375,118.58277893066406,42.9139404296875,204.20767211914065
2021-11-12,88.59342956542969,40.8327522277832,304.27569580078125,32.66102981567383,337.5749816894531,149.68797302246094,82.65662384033203,119.70105743408205,42.38982009887695,205.4827423095703
2021-11-15,89.04803466796875,40.56899642944336,305.94482421875,32.86460876464844,336.1708068847656,150.88255310058594,82.19068145751953,120.62362670898438,42.51633071899414,205.55665588378903
2021-11-16,90.553955078125,40.033241271972656,305.4512634277344,32.31929397583008,355.421630859375,152.65133666992188,81.6631851196289,121.9748306274414,42.54344177246094,204.54031372070312
2021-11-17,90.28878021240234,39.40682601928711,306.9050598144531,32.2974739074707,357.70465087890625,152.15127563476562,81.52254486083984,119.8594741821289,42.02836227416992,203.72720336914065
2021-11-18,89.6541976928711,39.41506576538086,306.98583984375,31.99937629699707,367.6697998046875,150.34547424316406,83.81709289550781,118.94621276855467,41.856666564941406,203.9212188720703
2021-11-19,89.00069427490234,38.72270202636719,306.4115295410156,31.55585289001465,370.24261474609375,148.94711303710938,81.90058135986328,118.20069885253906,41.02531814575195,201.8792266845703
2021-11-22,89.60684204101562,39.00294876098633,309.5883178710937,31.984834671020508,370.333251953125,149.36378479003906,81.75111389160156,116.72834777832033,41.82052993774414,201.5558624267578
2021-11-23,88.02516174316406,39.060638427734375,309.767822265625,32.16661071777344,369.9526977539063,148.5674285888672,82.32255554199219,116.00145721435548,42.92296600341797,199.57855224609372
2021-11-24,88.63130950927734,38.42598342895508,308.3319702148437,32.0502815246582,373.34088134765625,147.02090454101562,81.45220947265625,116.5512466430664,43.040435791015625,196.07669067382807
2021-11-26,87.44741821289062,37.83252716064453,307.5601806640625,31.803054809570312,364.816162109375,144.09457397460938,80.4587631225586,117.30608367919922,41.35062789916992,192.38079833984372
2021-11-29,88.02516174316406,37.98088836669922,306.2230529785156,31.614013671875,368.5485534667969,145.72445678710938,80.89835357666016,119.30964660644533,41.19701385498047,191.8726348876953
2021-11-30,85.94149017333984,36.92585754394531,301.5993957519531,31.003257751464844,362.9227600097656,142.7703094482422,78.29608917236328,117.20358276367188,40.184940338134766,186.8646545410156
2021-12-01,85.00385284423828,36.03568649291992,297.1656799316406,31.257736206054688,364.2509460449219,142.13133239746094,78.04995727539062,118.10751342773438,39.61564254760742,184.25906372070312
2021-12-02,85.23117065429688,36.77750778198242,299.0749206542969,31.41769218444824,370.93695068359375,147.2709503173828,79.11370849609375,119.63581085205078,40.75971221923828,188.4908447265625
2021-12-03,83.57368469238281,38.35179901123047,302.0427551269531,31.93392944335937,370.9733276367188,148.53038024902344,79.88734436035156,121.39708709716795,39.83355712890625,188.0288543701172
2021-12-06,84.23668670654297,39.81069946289063,307.6074523925781,32.30475234985352,378.1506652832031,152.27166748046875,81.45220947265625,123.44725799560548,40.087799072265625,190.56979370117188
2021-12-07,85.2879867553711,39.75300598144531,306.8926696777344,32.34838104248047,378.5873718261719,153.98484802246094,81.6983871459961,123.400634765625,40.59626388549805,191.4013671875
2021-12-08,84.23668670654297,39.975547790527344,308.62091064453125,32.37018966674805,374.10260009765625,152.63282775878906,81.84781646728516,123.35403442382812,40.09687423706055,189.0914306640625
2021-12-09,84.07566833496094,40.52778244018555,310.9010314941406,32.42108917236328,374.1844482421875,151.9197540283203,85.54899597167969,123.50316619873048,40.396514892578125,190.3387908935547
2021-12-10,97.20271301269533,40.79978561401367,312.0592346191406,32.784629821777344,377.8777770996094,151.29000854492188,86.91166687011719,125.21784210205078,40.42375946044922,193.859130859375
2021-12-13,95.55472564697266,40.50305938720703,312.6654663085937,32.98094940185547,368.6355285644531,150.7714385986328,86.94683074951172,126.69953918457033,39.57023620605469,193.3232269287109
2021-12-14,94.60761260986328,40.65141677856445,312.7469482421875,33.010040283203125,365.8701171875,150.4473114013672,86.84130859375,123.88523864746094,40.06963348388672,190.9670867919922
2021-12-15,98.16877746582033,40.93165969848633,311.6429443359375,33.417205810546875,370.9733276367188,153.59591674804688,88.39741516113281,126.32676696777344,39.89711380004883,193.8129425048828
2021-12-16,97.76151275634766,40.60196685791016,312.0230407714844,34.42786407470703,363.4412536621094,156.80006408691406,88.98644256591797,126.8206558227539,40.85958862304688,193.6743621826172
2021-12-17,91.51056671142578,40.26402282714844,311.38970947265625,35.08224868774414,352.9345092773437,152.41983032226562,88.23037719726562,127.7712173461914,39.84263610839844,189.57188415527344
2021-12-20,86.79389953613281,40.2475471496582,305.3091735839844,34.98044967651367,354.226318359375,148.79893493652344,88.19520568847656,125.78629302978516,39.18888473510742,184.6563720703125
2021-12-21,86.67076873779297,41.178932189941406,308.3403625488281,34.733245849609375,355.1995849609375,151.8086395263672,88.60840606689453,126.0565414428711,40.12411117553711,186.33799743652344
2021-12-22,85.1080093383789,41.549842834472656,310.48486328125,34.74065399169922,359.90264892578125,153.4847869873047,88.70511627197266,129.52316284179688,40.205833435058594,186.49505615234372
2021-12-23,84.97542572021484,41.607540130615234,313.9955139160156,34.60726547241211,361.2034606933594,154.70718383789062,89.0655517578125,129.6815948486328,40.33295440673828,189.61805725097656
2021-12-27,84.80496215820312,41.813602447509766,316.9453430175781,34.67395782470703,367.5893859863281,157.1890411376953,90.02381134033203,131.82492065429688,40.532711029052734,190.7360992431641
2021-12-28,83.96202087402344,42.39057159423828,320.0851135253906,35.111183166503906,369.5269470214844,158.53179931640625,90.34910583496094,130.90235900878906,40.587188720703125,191.3089904785156
2021-12-29,83.54528045654297,43.06644058227539,320.5556640625,35.12600326538086,373.7296752929688,158.55032348632812,91.16669464111328,131.57330322265625,40.52363204956055,191.7524871826172
2021-12-30,83.35586547851562,42.85213851928711,319.9313049316406,35.01483917236328,372.9109191894531,158.43922424316406,91.14910888671876,131.39622497558594,40.43283081054688,191.36441040039065
2021-12-31,82.59818267822266,42.99225616455078,321.5871276855469,35.118595123291016,377.5229187011719,159.68936157226562,90.69195556640624,131.1539764404297,40.396514892578125,192.657958984375
2022-01-03,83.2516860961914,43.734073638916016,320.636962890625,35.54840469360352,371.7283630371094,157.98544311523438,91.5710906982422,129.5697479248047,41.9310188293457,191.07798767089844
2022-01-04,84.1419677734375,44.08024978637695,327.5409545898437,36.33392333984375,375.5489501953125,158.58738708496094,91.68539428710938,126.52247619628906,43.57448959350586,193.1107177734375
2022-01-05,81.88782501220703,44.50886154174805,324.057373046875,36.04490661621094,370.4548034667969,160.30059814453125,93.02167510986328,125.95401000976562,42.839012145996094,195.0141143798828
2022-01-06,82.07796478271484,43.22304153442383,323.9306640625,36.4673080444336,369.1085205078125,158.00396728515625,90.19085693359376,125.9353485107422,43.70159912109375,194.7923889160156
2022-01-07,83.19020080566406,44.37697982788086,325.8670349121094,36.88229751586914,358.0560302734375,155.3091278076172,91.59747314453124,126.32676696777344,44.65498733520508,199.3475646972656
2022-01-10,84.8728256225586,44.28631591796875,328.6810302734375,37.452911376953125,352.46148681640625,153.9015350341797,92.36231994628906,126.04720306396484,44.4279899597168,197.2316436767578
2022-01-11,84.11231994628906,44.78084945678711,329.48638916015625,36.66740036010742,351.742919921875,156.3278045654297,93.223876953125,126.4572525024414,44.68222427368164,199.86495971679688
2022-01-12,83.95069122314453,44.43467330932617,326.91656494140625,36.67480850219727,354.226318359375,155.99440002441406,92.99529266357422,124.61211395263672,44.36443710327149,201.6574859619141
2022-01-13,83.45638275146484,44.66546249389648,330.4273376464844,37.28246688842773,352.02490234375,156.33706665039062,92.60847473144533,121.24546813964844,44.27362823486328,202.747802734375
2022-01-14,83.36131286621094,44.756126403808594,337.1593322753906,37.65300369262695,338.3979187011719,152.79954528808594,93.38211822509766,119.85206604003906,43.501834869384766,201.1031188964844
2022-01-18,81.32696533203125,44.11322021484375,340.706298828125,37.39362716674805,333.59490966796875,151.67897033691406,91.87879180908205,118.36512756347656,42.003662109375,197.3517608642578
2022-01-19,79.26405334472656,44.121463775634766,341.4211120605469,37.11943435668945,327.19989013671875,149.60462951660156,90.94690704345705,117.87883758544922,42.16709518432617,194.70919799804688
2022-01-20,78.63665008544922,43.83298110961914,339.43048095703125,37.29729080200195,318.00311279296875,147.89141845703125,90.49615478515624,116.6257095336914,41.54057312011719,193.0368194580078
2022-01-21,78.16133880615234,43.272499084472656,335.8744506835937,37.28988265991211,317.5664978027344,143.29818725585938,89.7625732421875,117.673095703125,40.78695297241211,189.50726318359372
2022-01-24,78.3514633178711,43.1735954284668,337.80181884765625,37.01568984985352,330.9477233886719,143.5667266845703,91.48606872558594,115.79339599609376,40.45099258422852,188.90663146972656
2022-01-25,77.0680923461914,42.02789688110352,350.32470703125,37.074974060058594,326.5541076660156,142.60360717773438,91.12366485595705,115.279052734375,41.25001907348633,186.9200897216797
2022-01-26,75.6611557006836,41.01408004760742,354.00732421875,36.65998840332031,325.00762939453125,142.14059448242188,92.6792221069336,112.28649139404295,41.6767807006836,185.3955078125
2022-01-27,75.84176635742188,41.21190643310547,352.05291748046875,37.30470275878906,324.234375,142.04798889160156,94.38504791259766,112.6325225830078,41.28634643554688,185.3955078125
2022-01-28,76.50721740722656,41.59105682373047,355.7355651855469,37.40845489501953,333.4311828613281,143.38148498535156,96.57695770263672,117.2242202758789,41.649539947509766,186.6336669921875
2022-01-31,77.15365600585938,41.01408004760742,352.0981750488281,37.70487976074219,333.8314514160156,144.6502227783203,94.13756561279295,119.19744873046876,41.89469909667969,188.9343719482422
2022-02-01,77.03958129882812,41.00584411621094,350.17999267578125,37.52702331542969,335.3960876464844,145.7151641845703,93.9254379272461,118.95430755615234,42.621089935302734,189.7289886474609
2022-02-02,78.42750549316406,41.549842834472656,350.4785461425781,37.42327117919922,339.97174072265625,145.96517944335938,96.24994659423828,121.61019134521484,42.5756950378418,191.77093505859372
2022-02-03,77.89514923095703,40.79978561401367,352.6139221191406,37.36397552490234,331.8574523925781,145.1502685546875,96.0908432006836,121.6756362915039,42.15801239013672,177.1629180908203
2022-02-04,78.0567626953125,40.05796813964844,352.27911376953125,37.19353485107422,327.1817626953125,141.6775665283203,95.88755798339844,121.30158233642578,43.837799072265625,176.941162109375
2022-02-07,76.75437927246094,40.46185302734375,355.0026550292969,37.34175491333008,325.07135009765625,141.52938842773438,96.70069885253906,119.74918365478516,44.046634674072266,177.8466796875
2022-02-08,76.80191802978516,41.038822174072266,358.3505554199219,37.36397552490234,328.7918395996094,142.84439086914062,97.95574951171876,120.31028747558594,44.83658218383789,179.76852416992188
2022-02-09,79.33061218261719,41.20366287231445,356.99334716796875,37.49737548828125,331.45721435546875,145.3817901611328,92.61736297607422,122.03101348876952,44.74578475952149,181.67190551757807
2022-02-10,77.8095932006836,40.56899642944336,348.7502746582031,37.186126708984375,323.015380859375,142.43692016601562,93.08580780029295,119.47798919677734,44.53695297241211,177.17218017578125
2022-02-11,75.81326293945312,40.14038848876953,358.4862976074219,37.326942443847656,318.64898681640625,138.81602478027344,92.13125610351562,117.35515594482422,43.51092147827149,172.77403259277344
2022-02-14,75.05274963378906,39.03591537475586,350.1437072753906,37.11943435668945,319.8042907714844,138.23263549804688,91.0353012084961,114.82080841064452,43.05693054199219,172.496826171875
2022-02-15,75.83228302001953,39.81069946289063,345.8457336425781,37.28988265991211,321.3507385253906,140.4273681640625,91.00878143310548,115.94303894042967,43.39288711547852,175.12094116210938
2022-02-16,75.28091430664062,39.46452331542969,350.08038330078125,37.504791259765625,318.46710205078125,140.64036560058594,91.8661117553711,115.6624755859375,43.2929916381836,174.68667602539062
2022-02-17,71.80158233642578,38.97124099731445,351.7723388671875,38.0679931640625,316.51129150390625,138.56719970703125,90.41661071777344,112.76342010498048,41.83113861083984,170.55648803710938
2022-02-18,70.88895416259766,38.80473709106445,349.6822509765625,38.34217834472656,315.53790283203125,139.11572265625,90.266357421875,109.21912384033205,41.73126220703125,168.2835235595703
2022-02-22,70.46116638183594,38.122047424316406,349.447021484375,38.00129699707031,287.6109619140625,136.35458374023438,90.08074188232422,109.89244842529295,41.36806488037109,168.68081665039062
2022-02-23,68.89262390136719,37.84730911254883,351.8900451660156,38.497806549072266,280.58837890625,130.72079467773438,90.36357879638672,109.64930725097656,40.65982818603516,165.3544921875
2022-02-24,71.11711883544922,37.68913269042969,358.0519714355469,36.73409271240234,284.9455871582031,128.02479553222656,89.0643310546875,111.02399444580078,39.58839416503906,169.40521240234375
2022-02-25,72.58109283447266,38.46339416503906,370.5205383300781,38.149513244628906,288.0476379394531,131.1670379638672,92.1842803955078,114.4748077392578,40.877742767333984,175.1840057373047
2022-02-28,72.2198486328125,38.37181091308594,395.2195129394531,38.00870513916016,287.3017272949219,124.06436157226562,91.60980224609376,112.80084991455078,40.13319396972656,176.28958129882812
2022-03-01,72.25788116455078,37.47266387939453,416.0008544921875,38.21620178222656,291.3224792480469,117.60316467285156,90.19564819335938,110.5096435546875,38.5623664855957,170.5758514404297
2022-03-02,74.41582489013672,38.4217643737793,409.9787292480469,39.13510894775391,297.79931640625,119.72282409667967,92.29917907714844,112.55768585205078,39.18888473510742,173.2144012451172
2022-03-03,74.38729858398438,38.89630508422852,407.99261474609375,39.401885986328125,295.06121826171875,119.04415130615234,92.39640808105467,113.12814331054688,38.76917266845703,174.2177734375
2022-03-04,72.71418762207031,39.72885513305664,417.4039611816406,39.63903427124024,294.97021484375,115.23251342773438,92.97090911865234,113.53962707519533,37.364017486572266,174.13417053222656
2022-03-07,70.65129852294922,39.12109756469727,424.6924133300781,39.16474533081055,293.6147766113281,106.4471206665039,92.4140853881836,111.15494537353516,34.98258209228516,169.23800659179688
2022-03-08,69.71018981933594,39.52071380615234,409.05859375,37.7122802734375,288.12945556640625,109.4592514038086,90.46964263916016,108.5832061767578,35.210689544677734,170.24139404296875
2022-03-09,72.34342956542969,40.06187057495117,408.8126220703125,37.793792724609375,290.289306640625,113.4475555419922,91.56559753417967,110.71540069580078,37.446136474609375,172.24815368652344
2022-03-10,72.86629486083984,40.020240783691406,404.84033203125,37.964237213134766,290.966552734375,112.6666259765625,91.9898452758789,109.4155044555664,37.10853958129883,171.28192138671875
2022-03-11,73.97854614257812,39.49574279785156,399.9934692382813,37.40845489501953,289.9140930175781,111.7741470336914,91.45069885253906,106.6286849975586,36.79832077026367,169.31234741210938
2022-03-14,73.26554870605469,39.88703536987305,404.92230224609375,37.452911376953125,291.3508605957031,113.3731689453125,92.35221099853516,108.03144073486328,37.59212493896485,170.20423889160156
2022-03-15,76.62129974365234,40.103492736816406,408.7671203613281,38.193965911865234,300.6672668457031,114.6933135986328,94.55296325683594,109.86439514160156,37.8658561706543,174.46861267089844
2022-03-16,76.01289367675781,39.44579315185547,383.86761474609375,38.00129699707031,302.8361511230469,118.87682342529295,94.6678695678711,111.7347412109375,39.05201721191406,177.47877502441406
2022-03-17,76.62129974365234,39.52904510498047,390.4728698730469,38.30512619018555,307.8238220214844,119.62985229492188,95.94943237304688,113.3432388305664,39.26188278198242,178.31494140625
2022-03-18,77.64799499511719,39.429141998291016,388.2771911621094,38.29771041870117,311.83221435546875,121.72161102294922,94.83580017089844,114.51220703125,39.14326858520508,180.90701293945312
2022-03-21,76.96353149414062,39.44579315185547,400.8681640625,38.72011566162109,301.4268798828125,119.84367370605467,94.91534423828124,113.866943359375,39.0885124206543,179.32763671875
2022-03-22,77.76206970214844,39.4874153137207,401.4056701660156,39.50563430786133,301.7562866210937,121.28467559814452,94.77394104003906,113.98851013183594,40.31117630004883,181.1950225830078
2022-03-23,76.42166900634766,38.9129638671875,405.6512451171875,39.43894577026367,290.1520080566406,119.68563079833984,93.8635711669922,109.3406982421875,39.31662368774414,178.6958465576172
2022-03-24,78.18033599853516,39.14607238769531,409.7327270507813,39.57462692260742,288.98974609375,120.40147399902344,95.49867248535156,110.18235778808594,39.29837417602539,180.8791656494141
2022-03-25,77.6955337524414,39.22933578491211,413.313232421875,40.41887664794922,284.32244873046875,120.35499572753906,95.94943237304688,111.23908996582033,39.900577545166016,183.7592620849609
2022-03-28,79.47320556640625,39.2876091003418,405.4052429199219,39.220333099365234,287.61700439453125,120.4386749267578,95.4898452758789,112.21167755126952,39.73633193969727,183.12745666503903
2022-03-29,80.12914276123047,39.812103271484375,398.2715759277344,38.956504821777344,290.75604248046875,126.33275604248048,92.5201416015625,112.39871215820312,39.635986328125,183.52696228027344
2022-03-30,79.24506378173828,39.51239013671875,406.2889709472656,39.23540878295898,282.290771484375,123.59025573730467,91.52140808105467,112.57640838623048,39.2345085144043,182.59788513183597
2022-03-31,78.64616394042969,37.27285385131836,402.1436767578125,39.38616943359375,273.9354248046875,121.85177612304688,89.45321655273438,110.68736267089844,37.61037826538086,180.77696228027344
2022-04-01,77.96170043945312,36.51524353027344,406.3162841796875,39.73292541503906,276.2781982421875,124.5849838256836,89.34716796875,110.8930892944336,37.31840515136719,182.12408447265625
2022-04-04,79.92001342773438,36.13227462768555,404.521484375,39.74045944213867,279.65509033203125,123.98999786376952,88.38377380371094,111.17362213134766,37.2545280456543,182.1612701416016
2022-04-05,78.8458023071289,36.20721054077149,407.4642028808594,39.68015670776367,278.9962158203125,123.09752655029295,87.90650177001953,111.7347412109375,36.62495040893555,179.8943328857422
2022-04-06,78.06626892089844,36.88988494873047,414.1513977050781,40.577186584472656,273.2124328613281,124.70584869384766,90.20449829101562,112.16492462158205,36.22348785400391,179.88507080078125
2022-04-07,77.8181381225586,37.5559196472168,424.1093444824219,40.501800537109375,277.06524658203125,124.71514892578124,91.57444763183594,115.37257385253906,35.94062805175781,179.03033447265625
2022-04-08,77.24552154541016,37.81400680541992,420.4742736816406,40.78824615478516,284.7159423828125,123.2090835571289,94.22595977783205,115.26034545898438,36.19610595703125,176.67047119140625
2022-04-11,76.119384765625,36.98979187011719,422.96142578125,41.04454040527344,280.6983947753906,122.48394012451172,92.31685638427734,112.25843811035156,36.12311553955078,175.84364318847656
2022-04-12,75.7090072631836,36.82328414916992,425.9679260253906,41.39128875732422,280.3049011230469,119.6577377319336,92.48477935791016,110.71540069580078,35.73989486694336,177.44163513183594
2022-04-13,76.10984802246094,37.13132095336914,427.4620971679688,41.308372497558594,284.08453369140625,121.40550994873048,92.78528594970705,112.18009185791016,35.420555114746094,181.0277862548828
2022-04-14,75.82351684570312,37.30615615844727,426.0681762695313,41.44404983520508,278.6849975585937,119.24869537353516,91.63630676269533,110.49944305419922,34.28000259399414,181.34368896484372
2022-04-18,74.64967346191406,37.04807662963867,425.8677062988281,41.15760803222656,274.74072265625,117.59386444091795,91.40650177001952,109.18497467041016,35.44791793823242,178.4450225830078
2022-04-19,75.92852783203125,37.96385955810547,418.998291015625,41.62496948242188,281.6867980957031,120.52233123779295,91.79540252685548,112.64954376220705,36.1048698425293,183.21109008789065
2022-04-20,76.62517547607422,38.74645233154297,413.5046081542969,41.738040924072266,288.404052734375,122.43744659423828,94.25245666503906,115.14702606201172,36.18698501586914,182.4120941162109
2022-04-21,75.85215759277344,38.97124099731445,400.4490661621094,42.61244583129883,284.029541015625,123.78546142578124,93.44401550292967,115.83242797851562,35.50267028808594,182.04049682617188
2022-04-22,72.73143005371094,37.91391754150391,406.1431579589844,41.858642578125,274.6492004394531,123.50658416748048,90.33453369140624,112.33031463623048,34.27088165283203,177.10714721679688
2022-04-25,73.4662857055664,37.78903198242188,403.5010986328125,41.63250350952149,279.06939697265625,120.24341583251952,90.41448211669922,112.67770385742188,34.02452087402344,178.2127227783203
2022-04-26,71.10902404785156,37.35610961914063,406.4165344238281,41.3686752319336,274.5119323730469,117.04537963867188,90.1124267578125,109.82344818115234,33.25808334350586,174.35714721679688
2022-04-27,71.34760284423828,36.82328414916992,405.4052429199219,41.39882278442383,276.0127868652344,120.4944305419922,89.59716033935547,109.58871459960938,33.07559967041016,173.13076782226562
2022-04-28,72.66461944580078,37.07304382324219,402.426025390625,41.609893798828125,285.310791015625,121.6472396850586,89.59716033935547,110.79989624023438,33.58656692504883,176.447509765625
2022-04-29,70.04967498779297,35.29973602294922,393.68890380859375,41.888797760009766,274.91455078125,118.98837280273438,85.40379333496094,106.5654525756836,32.555511474609375,179.78285217285156
2022-05-02,70.62227630615234,35.39963912963867,392.4954223632813,41.74557876586914,280.9272766113281,121.77738189697266,85.73251342773438,105.93638610839844,32.975223541259766,182.90451049804688
2022-05-03,69.94471740722656,35.74930953979492,396.1032409667969,41.790802001953125,279.0877685546875,123.84124755859376,85.2705307006836,105.5608367919922,33.8785400390625,183.06243896484372
2022-05-04,71.7770767211914,37.0147705078125,406.0976257324219,42.514461517333984,288.55963134765625,127.6807861328125,89.34837341308594,108.63104248046876,35.23806381225586,191.2474822998047
2022-05-05,69.47706604003906,36.44864654541016,403.7379150390625,42.17525100708008,273.73388671875,122.31659698486328,86.82527923583984,106.10538482666016,34.25264358520508,183.83355712890625
2022-05-06,69.18122100830078,36.623477935791016,409.4595031738281,42.64259338378906,269.3412475585937,119.49040222167967,89.45500183105469,105.41058349609376,34.1705207824707,181.56663513183597
2022-05-09,68.27459716796875,36.50692367553711,399.8113098144531,41.65511703491211,271.8305053710937,118.74323272705078,87.82918548583984,100.8287353515625,33.18510055541992,180.200927734375
2022-05-10,69.21939086914062,36.05735397338867,400.0755004882813,38.87359237670898,266.4585266113281,116.78192138671876,87.2072982788086,100.22785949707033,32.62851333618164,180.9534912109375
2022-05-11,67.78785705566406,36.09064865112305,401.2416076660156,38.96404647827149,258.9541931152344,116.09080505371094,87.0562515258789,99.3734359741211,32.45514678955078,178.39852905273438
2022-05-12,67.50154876708984,35.93246841430664,395.9393005371094,39.32586669921875,265.1131896972656,115.17552947998048,87.28724670410156,101.3733139038086,31.998929977416992,180.15414428710935
2022-05-13,67.92147064208984,36.25715637207031,396.4676818847656,39.98168182373047,270.915283203125,114.27892303466795,86.6031723022461,103.16661834716795,32.09017562866211,180.7238006591797
2022-05-16,66.52812194824219,36.75667953491211,398.6360168457031,40.50934219360352,270.8786926269531,112.51375579833984,87.55377960205078,103.00699615478516,31.76170539855957,181.12533569335935
2022-05-17,68.59905242919922,37.41438674926758,401.7791442871094,40.8862419128418,275.4179077148437,116.11882019042967,88.2911605834961,107.54190826416016,32.8383674621582,185.88784790039065
2022-05-18,65.1824722290039,34.27570724487305,395.702392578125,40.10229110717773,260.9858703613281,111.6638412475586,83.52922821044922,105.85186767578124,31.82557487487793,181.0412750244141
2022-05-19,63.97998046875,34.20621871948242,387.76702880859375,38.51176452636719,263.3469543457031,114.56845092773438,82.7474136352539,105.57019805908205,31.4332275390625,179.9020233154297
2022-05-20,65.49739074707031,34.50102615356445,386.42779541015625,38.51176452636719,262.8252868652344,111.77593994140624,84.33769226074219,106.32132720947266,30.894895553588867,177.1938934326172
2022-05-23,66.84305572509766,35.50337219238281,394.5180358886719,39.28817367553711,261.76373291015625,114.69920349121094,84.90628814697266,108.0019760131836,32.7288703918457,177.03518676757812
2022-05-24,65.87915802001953,35.44441223144531,403.4009094238281,39.89875793457031,263.493408203125,113.43834686279295,85.68810272216797,106.81895446777344,32.52814483642578,177.39004516601562
2022-05-25,66.64264678955078,35.76449203491211,407.7375183105469,40.622406005859375,268.6640625,115.2595672607422,86.30998992919922,106.2743911743164,32.701499938964844,177.83828735351562
2022-05-26,68.38910675048828,36.253028869628906,408.1475524902344,41.08222961425781,277.1201171875,117.9586944580078,86.88746643066406,107.85175323486328,33.458824157714844,180.32223510742188
2022-05-27,69.45797729492188,36.81737518310547,410.4889526367188,41.02946472167969,282.290771484375,121.44236755371094,87.10956573486328,109.56055450439452,33.77816390991211,183.357177734375
2022-05-31,68.63721466064453,36.918453216552734,403.4757995605469,40.773170471191406,277.06524658203125,118.13616180419922,85.95462036132812,110.28350067138672,33.942405700683594,180.80784606933597
2022-06-01,68.33184051513672,36.43833923339844,402.733154296875,40.76563262939453,273.6945495605469,117.0901336669922,85.7680435180664,108.04891204833984,33.458824157714844,179.2109832763672
2022-06-02,69.80154418945312,36.58152770996094,404.3924865722656,40.81840133666992,281.6883544921875,120.28425598144533,86.38106536865234,110.3304443359375,33.6790657043457,184.00152587890625
2022-06-03,68.5131607055664,36.33725738525391,405.8409729003906,40.56964492797852,280.9607849121094,117.17417907714844,84.31105041503906,109.4478759765625,33.2110481262207,181.9284210205078
2022-06-06,69.63931274414062,36.5478401184082,406.5010986328125,40.396270751953125,279.8648681640625,118.73389434814452,85.03954315185547,109.3070297241211,33.174339294433594,182.27392578125
2022-06-07,69.3720932006836,36.219337463378906,418.3181457519531,40.712867736816406,277.9124755859375,120.27493286132812,85.21723937988281,109.73892974853516,33.357879638671875,184.5431365966797
2022-06-08,68.12189483642578,35.88241195678711,406.5010986328125,37.30567932128906,274.0077209472656,118.62183380126952,83.40484619140625,107.68274688720705,32.93574142456055,181.64828491210935
2022-06-09,66.06048583984375,35.14118194580078,396.700927734375,36.68001937866211,276.1534729003906,115.80126953125,82.39205169677734,105.82371520996094,31.66933250427246,179.30438232421875
2022-06-10,64.07540893554688,34.98956298828125,394.3815002441406,36.89108657836914,266.37310791015625,108.24556732177734,82.77406311035156,102.93190002441406,30.439632415771484,173.95358276367188
2022-06-13,61.12646484375,33.928253173828125,388.6425476074219,35.549320220947266,260.7738037109375,105.81727600097656,80.74848175048828,99.43917846679688,29.384296417236328,172.2166290283203
2022-06-14,67.49201202392578,33.860870361328125,381.5285034179688,35.57238006591797,256.6387634277344,104.14549255371094,80.5263900756836,96.6506576538086,28.87039375305176,171.15203857421875
2022-06-15,66.51856231689453,34.30729293823242,379.63079833984375,35.095924377441406,257.61492919921875,106.11614990234376,81.24598693847656,98.39700317382812,29.41182327270508,172.73023986816406
2022-06-16,65.57374572753906,33.4144401550293,371.0957336425781,34.873069763183594,251.84060668945312,101.3342742919922,79.82452392578125,95.83377838134766,29.228290557861328,167.97705078125
2022-06-17,64.62894439697266,33.11963653564453,370.3806762695313,34.819278717041016,249.32650756835935,102.75389862060548,78.76730346679688,96.26568603515624,29.292530059814453,167.80894470214844
2022-06-21,64.59076690673828,33.77663803100586,384.0862121582031,35.11897659301758,247.9173889160156,103.29558563232422,80.91728210449219,98.03083038330078,30.145977020263672,168.56533813476562
2022-06-22,63.49327087402344,34.07144927978516,380.868408203125,31.89140892028809,247.71485900878903,105.29425811767578,81.10385131835938,98.99789428710938,29.91655158996582,165.96932983398438
2022-06-23,64.54304504394531,34.44206237792969,376.4404296875,32.66756057739258,253.6456756591797,106.80728149414062,82.06334686279297,99.72085571289062,29.439361572265625,163.01840209960938
2022-06-24,67.47293090820312,35.082218170166016,384.1595458984375,33.351497650146484,260.6264038085937,113.01808166503906,83.97343444824219,102.7628936767578,29.650428771972656,168.10777282714844
2022-06-27,67.19615936279297,35.53706359863281,384.3520812988281,33.19012451171875,260.3409423828125,113.28893280029295,83.99121856689453,102.41549682617188,29.687135696411133,166.4922332763672
2022-06-28,65.44969177246094,34.50102615356445,385.6905822753906,33.19012451171875,248.7923126220703,111.39298248291016,82.80072021484375,100.43441772460938,29.60454559326172,164.30706787109375
2022-06-29,66.05093383789062,34.42521667480469,384.0220947265625,32.09121322631836,252.2181854248047,109.4690399169922,82.93399047851562,102.43427276611328,29.23746109008789,161.7390594482422
2022-06-30,66.68081665039062,31.92355728149414,394.1706237792969,32.09890365600586,252.58657836914065,106.78858947753906,82.32099151611328,102.01177978515624,28.56755828857422,162.30870056152344
2022-07-01,67.63516235351562,32.47948455810547,397.4342041015625,32.46776580810547,257.0163879394531,110.07611846923828,83.45816802978516,103.48583984375,28.962162017822266,163.52267456054688
2022-07-05,68.70404052734375,32.43737030029297,380.68505859375,32.06047439575195,261.2987060546875,110.91667938232422,82.20549774169922,102.62205505371094,28.66849899291992,160.70248413085938
2022-07-06,68.38910675048828,31.82247543334961,390.43939208984375,31.630128860473636,261.1605224609375,111.51441192626952,82.7918472290039,102.0493392944336,28.42990493774414,161.74839782714844
2022-07-07,68.55134582519531,32.18467330932617,387.0474243164063,32.129634857177734,264.024658203125,111.23422241210938,83.2715835571289,102.80043029785156,29.23746109008789,162.2899932861328
2022-07-08,68.58951568603516,31.62874984741211,385.3605346679688,31.906782150268555,263.82208251953125,110.08544921875,83.67137145996094,102.5844955444336,29.173227310180664,161.86978149414062
2022-07-11,68.60871124267578,31.527671813964844,384.1870727539063,32.23722457885742,263.7484130859375,106.62981414794922,84.14222717285156,102.23709869384766,28.87039375305176,161.40289306640625
2022-07-12,67.49668884277344,31.98252296447754,379.5299072265625,32.513877868652344,262.5788269042969,108.36697387695312,84.38211822509766,101.68316650390624,28.778623580932617,162.12193298339844
2022-07-13,67.13241577148438,31.36763381958008,374.03857421875,32.244911193847656,264.4759216308594,108.068115234375,83.0228271484375,99.72085571289062,28.30142974853516,159.56321716308594
2022-07-14,66.57640838623047,31.04755210876465,366.9886474609375,31.99131393432617,266.5941467285156,107.25555419921876,82.47201538085938,99.69255065917967,27.64986991882324,158.293212890625
2022-07-15,67.81303405761719,32.03305435180664,365.2193298339844,32.26796340942383,269.2924499511719,109.0861358642578,84.72859191894531,102.6255111694336,29.595367431640625,161.3655242919922
2022-07-18,67.30496978759766,32.27732849121094,355.0432434082031,32.483131408691406,269.8818664550781,107.3209457397461,83.76911163330078,100.92798614501952,29.60454559326172,159.637939453125
2022-07-19,69.25096893310547,32.5131721496582,357.8851928710937,33.01337432861328,276.1258239746094,111.85997772216795,85.99017333984375,103.67233276367188,30.60481834411621,165.50238037109375
2022-07-20,69.58648681640625,32.782718658447266,362.32232666015625,32.52155685424805,278.4006042480469,112.16817474365234,84.53314971923828,102.06909942626952,30.613994598388672,166.4642333984375
2022-07-21,71.4557876586914,32.39524841308594,362.3039855957031,32.867366790771484,280.8871459960937,114.8299560546875,83.273193359375,104.38907623291016,30.88011932373047,168.11712646484375
2022-07-22,71.80089569091797,32.56371307373047,361.88232421875,33.113277435302734,282.3514099121094,119.29427337646484,84.05061340332031,102.98388671875,30.6782341003418,169.4617919921875
2022-07-25,71.76256561279297,32.639522552490234,366.5210571289063,33.68194961547852,281.9461669921875,118.4910659790039,84.43484497070312,102.32372283935548,30.953533172607425,169.2657012939453
2022-07-26,70.96690368652344,32.723751068115234,363.7799987792969,33.920166015625,274.6062927246094,117.88400268554688,85.16758728027344,102.88013458251952,30.329513549804688,169.41513061523438
2022-07-27,72.73078155517578,33.0354118347168,365.365966796875,33.86637496948242,275.2785949707031,118.54711151123048,85.66801452636719,103.7289047241211,30.8250675201416,171.50689697265625
2022-07-28,73.85234832763672,33.2207145690918,372.2783203125,33.812583923339844,275.9416809082031,121.75056457519533,85.36418151855469,104.0778579711914,30.577287673950195,177.83828735351562
2022-07-29,74.6192398071289,33.37232971191406,379.3649291992188,33.70499420166016,277.1481018066406,120.75123596191406,85.49821472167969,102.64437866210938,31.02695846557617,179.72457885742188
2022-08-01,74.2358169555664,33.59975051879883,384.3796691894531,33.85100173950195,281.6423034667969,120.76990509033205,85.80203247070312,103.2856674194336,30.935182571411133,179.2856903076172
2022-08-02,73.19090270996094,32.8922119140625,393.0887756347656,33.68194961547852,276.936279296875,118.2855987548828,85.22119903564453,102.4557647705078,30.32033348083496,176.6055908203125
2022-08-03,74.16870880126953,33.010135650634766,393.5655212402344,33.98932647705078,282.1488037109375,119.77059173583984,90.5916519165039,103.37055206298828,30.870946884155277,178.828125
2022-08-04,74.19745635986328,32.833255767822266,392.4929504394531,34.00470352172852,282.8855285644531,119.66785430908205,91.0295181274414,103.47428894042967,30.65070152282715,179.70590209960938
2022-08-05,74.14954376220703,32.841678619384766,390.91607666015625,33.889427185058594,285.20635986328125,118.9487075805664,91.37800598144533,103.03103637695312,31.164609909057617,179.54714965820312
2022-08-08,73.30595397949219,33.25440216064453,388.578369140625,33.981651306152344,287.3061218261719,119.8172836303711,91.14566802978516,102.79527282714844,30.733295440673828,181.1346893310547
2022-08-09,73.5935287475586,32.959598541259766,392.8779296875,33.981651306152344,281.0805358886719,119.36680603027344,92.65584564208984,101.76731872558594,31.12789535522461,181.2467193603516
2022-08-10,74.33167266845703,33.60817337036133,394.1980895996094,34.381248474121094,286.9468994140625,125.32624816894533,92.97753143310548,103.99297332763672,32.1832389831543,184.1789703369141
2022-08-11,73.9674072265625,33.751365661621094,393.1530456542969,34.680946350097656,286.1272888183594,125.1385498046875,93.15624237060548,104.20044708251952,32.95409393310547,186.2999420166016
2022-08-12,75.87506866455078,34.18937683105469,398.0943298339844,34.69632339477539,289.9952697753906,127.21258544921876,95.06851196289062,105.13409423828124,33.31198501586914,188.51475524902344
2022-08-15,75.83671569824219,34.59368133544922,401.5504760742188,34.79622268676758,289.7373046875,128.0009307861328,94.96128845214844,105.53019714355467,33.266109466552734,189.80992126464844
2022-08-16,76.229736328125,35.41072463989258,403.5216369628906,35.149715423583984,301.497802734375,128.7705078125,95.10425567626952,105.65279388427734,33.62400436401367,191.1425323486328
2022-08-17,75.97090911865234,34.42521667480469,404.8325500488281,34.92686462402344,300.0058898925781,125.93622589111328,93.75494384765624,104.2570343017578,33.412933349609375,190.30731201171875
2022-08-18,76.03801727294922,32.59272766113281,402.779052734375,35.04981231689453,299.49932861328125,125.26990509033205,92.61115264892578,103.70063018798828,33.29364013671875,191.18948364257807
2022-08-19,75.40532684326172,32.57568359375,403.40240478515625,34.942230224609375,295.9168701171875,123.82464599609376,92.97753143310548,103.79492950439452,32.55949020385742,189.162353515625
2022-08-22,73.2963638305664,31.800067901611328,396.3433227539063,34.873069763183594,287.5270690917969,119.40435791015624,91.44950103759766,101.33349609375,31.862045288085938,185.67112731933597
2022-08-23,73.24844360351562,31.910871505737305,397.0675964355469,34.98833465576172,282.63690185546875,119.79852294921876,90.36825561523438,99.97547912597656,31.57756233215332,185.3990020751953
2022-08-24,73.01834869384766,31.33982276916504,397.60845947265625,35.19581985473633,283.7512512207031,120.13636779785156,90.50228881835938,99.43792724609376,31.67851448059082,185.62423706054688
2022-08-25,73.70857238769531,31.365388870239254,402.1281127929688,35.64921569824219,285.28924560546875,124.03113555908205,91.27971649169922,99.86229705810548,32.24747085571289,188.10183715820312
2022-08-26,71.5612564086914,30.68353843688965,395.2432556152344,35.25730514526367,274.5326538085937,118.28754425048828,89.41212463378906,96.09943389892578,31.22884559631348,181.1851501464844
2022-08-29,71.12028503417969,30.64944076538086,393.9139404296875,35.12666320800781,272.89337158203125,118.1937026977539,89.65338897705078,96.0428466796875,31.10955047607422,180.5845184326172
2022-08-30,71.07234954833984,29.9846305847168,389.7243041992188,34.67325973510742,269.92791748046875,119.92051696777344,88.28619384765625,96.3823471069336,31.283910751342773,178.97035217285156
2022-08-31,71.08195495605469,29.88235664367676,387.6940307617188,34.67325973510742,267.3510437011719,119.16973114013672,87.70536041259766,96.80673217773438,30.84341049194336,177.70335388183594
2022-09-01,72.18435668945312,30.05281639099121,390.0011901855469,34.86538314819336,271.939453125,116.87980651855467,89.29597473144531,98.87205505371094,30.917316436767575,178.99847412109375
2022-09-02,71.59001922607422,30.061338424682617,386.27294921875,34.58104705810547,270.5767822265625,116.14778900146484,88.85810089111328,96.665283203125,30.8803653717041,175.3946533203125
2022-09-06,70.77518463134766,30.103952407836918,385.5438537597656,34.250606536865234,268.3891906738281,116.08208465576172,88.22366333007812,96.86331939697266,30.538583755493164,174.18399047851562
2022-09-07,71.4078598022461,30.751724243164062,387.7218322753906,34.542633056640625,275.73992919921875,119.97683715820312,89.96615600585938,98.74004364013672,31.00968360900879,177.45936584472656
2022-09-08,71.5612564086914,30.64944076538086,387.26953125,34.69632339477539,277.99237060546875,119.9017562866211,91.37800598144533,100.89968872070312,32.00732421875,176.26747131347656
2022-09-09,72.76913452148438,30.888090133666992,389.0045471191406,35.01907730102539,277.87188720703125,120.230224609375,91.27971649169922,102.3048858642578,32.27519989013672,179.89942932128906
2022-09-12,73.89070892333984,31.220495223999023,386.3375549316406,34.69632339477539,275.8048095703125,123.4867935180664,92.0749969482422,103.06876373291016,32.58003616333008,180.21853637695312
2022-09-13,72.89372253417969,29.609607696533203,377.745849609375,33.02106094360352,257.6272888183594,116.8328857421875,89.76061248779297,99.81513214111328,31.40689468383789,173.6021270751953
2022-09-14,69.13594055175781,29.63517570495605,384.4826354980469,32.808929443359375,256.1534729003906,112.76921081542967,90.2967758178711,99.75855255126952,31.28681182861328,168.9003143310547
2022-09-15,67.33372497558594,29.174924850463867,381.67718505859375,33.00535202026367,251.7040863037109,113.03199005126952,91.42269134521484,99.0795440673828,31.87799644470215,165.98162841796875
2022-09-16,65.98206329345703,29.20901679992676,382.3231201171875,33.2253303527832,255.81044006347656,110.25405883789062,91.19927978515624,98.07988739013672,31.517742156982425,166.4414825439453
2022-09-19,66.2121353149414,29.106739044189453,384.3810424804688,33.712432861328125,259.9354248046875,111.89643096923828,91.24398040771484,98.16475677490234,32.04426574707031,167.64273071289062
2022-09-20,65.2918701171875,28.970369338989254,388.1278076171875,33.720298767089844,254.1419677734375,109.48448944091795,90.55590057373048,96.4861068725586,31.563928604125977,166.12237548828125
2022-09-21,63.98812484741211,28.49306869506836,387.777099609375,33.79100799560547,251.73190307617188,106.3311538696289,89.15296936035156,94.92059326171876,30.62171936035156,163.57907104492188
2022-09-22,63.29792022705078,28.39931297302246,389.5120849609375,33.99527740478516,249.47938537597656,105.03604125976562,89.20660400390625,95.31668090820312,30.02129554748535,162.5936737060547
2022-09-23,61.87915802001953,27.981678009033203,381.197265625,32.74608612060547,251.1478729248047,105.41143035888672,87.88407897949219,94.94888305664062,29.310022354125977,160.83868408203125
2022-09-26,60.824668884277344,27.862350463867188,376.1954956054688,32.58109664916992,247.1063690185547,104.33216094970705,87.3390121459961,94.15668487548828,28.663410186767575,159.60928344726562
2022-09-27,59.8372802734375,27.640748977661133,368.8958435058594,32.04685592651367,249.06234741210935,104.22892761230467,86.86540985107422,92.73265075683594,28.238494873046875,159.60928344726562
2022-09-28,60.46039581298828,28.29703521728516,369.13580322265625,32.53395462036133,261.5761413574219,106.3311538696289,87.71431732177734,93.10045623779295,28.700359344482425,163.13795471191406
2022-09-29,58.85948944091797,26.89070701599121,359.71356201171875,32.34539794921875,257.998046875,104.74510192871094,86.6598892211914,92.69493103027344,28.321630477905277,159.60928344726562
2022-09-30,58.54314041137695,26.762859344482425,356.48370361328125,31.7247371673584,255.78265380859372,103.8816909790039,85.22119903564453,91.25202941894533,27.896709442138672,156.69993591308594
2022-10-03,60.46997833251953,27.640748977661133,368.8958435058594,32.50252914428711,262.975830078125,107.16641998291016,87.35688018798828,93.85492706298828,28.718830108642575,162.3965606689453
2022-10-04,62.97198486328125,28.45897483825684,374.7742919921875,33.39031982421875,268.40771484375,111.82134246826172,89.82316589355469,97.21226501464844,29.91044807434082,167.2298126220703
2022-10-05,63.88268280029297,28.262941360473636,371.4521484375,33.70458221435547,268.6765441894531,112.83490753173828,89.76061248779297,97.49518585205078,29.48553276062012,166.8731689453125
2022-10-06,62.59812927246094,27.48733139038086,368.77587890625,33.775291442871094,269.17706298828125,110.4886703491211,88.08961486816406,96.6181182861328,29.06061363220215,164.27354431152344
2022-10-07,60.67129135131836,26.0128173828125,372.790283203125,33.64173126220703,263.55047607421875,107.3353500366211,78.85888671875,95.99569702148438,28.40476417541504,160.8668212890625
2022-10-10,59.981075286865234,27.13787841796875,378.3549499511719,34.14455032348633,261.8263244628906,103.9380111694336,78.85888671875,95.3732681274414,28.321630477905277,161.31729125976562
2022-10-11,60.1352424621582,27.79416847229004,379.3424072265625,34.843772888183594,262.2249450683594,103.94738006591795,79.082275390625,95.9579849243164,27.4995059967041,162.9408721923828
2022-10-12,61.4553108215332,27.22311210632324,366.7548522949219,35.15803909301758,260.028076171875,102.94319152832033,78.49250030517578,94.38304138183594,27.5826416015625,162.16192626953125
2022-10-13,62.82355117797852,28.68058013916016,374.6358642578125,36.053688049316406,262.1693725585937,105.31757354736328,80.51200866699219,97.09296417236328,29.27307510375977,166.629150390625
2022-10-14,61.96599578857422,28.33112907409668,359.3628845214844,35.535160064697266,256.23681640625,103.54383850097656,79.79714965820312,95.61482238769533,29.28230857849121,163.4476776123047
2022-10-17,64.57720184326172,28.126569747924805,366.6534118652344,35.0323371887207,260.7140808105469,106.34053802490234,81.21794128417969,98.08785247802734,31.05587387084961,166.15054321289062
2022-10-18,64.58685302734375,28.211801528930664,398.51898193359375,35.17375564575195,264.2364807128906,109.55956268310548,82.15621948242188,99.47125244140624,32.21977615356445,168.8158416748047
2022-10-19,63.88346099853516,28.45897483825684,406.012451171875,35.09518814086914,255.36557006835935,107.58871459960938,81.906005859375,92.96173858642578,31.332992553710938,168.2527313232422
2022-10-20,66.72594451904297,28.43340492248535,410.0544738769531,34.223114013671875,249.7759704589844,101.741943359375,81.79812622070312,90.21392059326172,31.1297664642334,166.71365356445312
2022-10-21,70.0501937866211,29.234582901000977,419.5320434570313,34.94591522216797,255.40264892578125,105.6648178100586,83.35336303710938,90.07179260253906,32.2844352722168,171.56561279296875
2022-10-24,70.26216888427734,29.566987991333008,422.1621398925781,35.67657470703125,262.56793212890625,105.06417083740234,85.2232437133789,93.1323013305664,32.395286560058594,175.4040985107422
2022-10-25,70.47415161132812,30.274415969848636,424.6445617675781,35.93584442138672,269.056640625,106.01205444335938,82.90387725830078,92.81015014648438,32.69088363647461,177.98489379882812
2022-10-26,72.0929183959961,30.265893936157227,426.86865234375,36.38366317749024,268.95465087890625,105.88068389892578,83.36235046386719,93.25547790527344,32.97724151611328,178.56675720214844
2022-10-27,72.41089630126953,30.40226173400879,435.515625,35.68443298339844,269.79815673828125,105.448974609375,83.33538818359375,91.84366607666016,33.13426971435547,184.40419006347656
2022-10-28,74.54035186767578,31.177881240844727,447.4571533203125,36.38366317749024,276.83367919921875,107.13826751708984,84.67486572265625,94.26934051513672,33.42062759399414,192.32505798339844
2022-10-31,75.22447204589844,31.109697341918945,449.1274719238281,36.35224151611328,274.497802734375,107.1570281982422,85.13333892822266,93.74819946289062,33.29130935668945,191.47103881835935
2022-11-01,74.29945373535156,30.90513801574707,448.1585388183594,36.25009536743164,274.4328918457031,106.98809814453124,85.0614242553711,94.09877014160156,33.43910217285156,190.60765075683597
2022-11-02,72.38199615478516,30.52159309387207,444.864013671875,35.2287483215332,267.63836669921875,103.30921173095705,87.02120971679688,92.89542388916016,33.337493896484375,188.13938903808597
2022-11-03,72.29527282714844,30.461929321289062,447.4110412597656,35.28374481201172,260.9365234375,102.96196746826172,87.9201889038086,91.38883209228516,33.15274810791016,191.8182678222656
2022-11-04,73.22991180419922,31.59551048278809,444.5040588378906,35.74728012084961,263.2817077636719,108.35829162597656,89.50238037109375,92.9238510131836,33.984107971191406,195.06544494628903
2022-11-07,73.94292449951172,32.89104461669922,450.9270629882813,36.04582977294922,269.0658264160156,109.18416595458984,90.95872497558594,94.27880859375,34.18732833862305,196.8673553466797
2022-11-08,72.88302612304688,32.635345458984375,455.993408203125,36.06155014038086,269.872314453125,109.29679870605467,91.38124084472656,94.41146850585938,34.27968978881836,198.3595428466797
2022-11-09,72.90230560302734,31.44209671020508,447.7432556152344,35.519439697265625,265.8030090332031,107.73054504394533,89.50238037109375,94.24089050292967,33.73469924926758,196.75631713867188
2022-11-10,74.3572769165039,32.80581283569336,452.9018859863281,34.74164581298828,288.9303894042969,117.76012420654295,89.81702423095703,98.76060485839844,35.2219123840332,202.5751800537109
2022-11-11,74.90647888183594,35.16673278808594,428.06829833984375,34.86734771728516,291.9337463378906,122.74186706542967,87.69541931152344,98.62793731689452,35.480552673339844,200.62298583984372
2022-11-14,75.6677017211914,34.95977020263672,426.38873291015625,34.53738021850586,284.4996032714844,120.73219299316406,87.35382080078125,96.65709686279295,34.880130767822266,200.8776092529297
2022-11-15,76.29399871826172,35.05463409423828,431.19671630859375,34.30167770385742,289.1435852050781,122.18521118164062,87.85726165771484,97.72779846191406,34.82469940185547,203.16929626464844
2022-11-16,76.9781265258789,34.83041763305664,430.2646789550781,34.238826751708984,291.90594482421875,121.70401763916016,86.39191436767578,98.17314910888672,34.5106315612793,201.8207244873047
2022-11-17,76.31327819824219,34.606204986572266,436.2908630371094,34.309532165527344,288.6894226074219,119.50562286376952,85.3401107788086,97.17823791503906,34.33512878417969,202.3016662597656
2022-11-18,76.8239517211914,34.278507232666016,440.0283203125,34.72593307495117,290.3022766113281,121.21338653564452,87.51564025878906,98.41949462890624,34.35359573364258,202.320556640625
2022-11-21,76.91067504882812,35.00288772583008,443.8304138183594,35.197322845458984,293.63934326171875,121.7606201171875,88.00109100341797,98.4289779663086,34.464454650878906,204.23497009277344
2022-11-22,79.12684631347656,36.03771209716797,442.5015258789063,35.48016357421875,301.1476135253906,124.53456115722656,89.45743560791016,99.36703491210938,34.63072204589844,206.30978393554688
2022-11-23,79.55081176757812,36.0118408203125,443.9503784179688,35.37016677856445,298.0237731933594,125.54410552978516,89.95186614990234,100.45667266845705,34.7415657043457,206.4512634277344
2022-11-25,79.7049789428711,35.92560195922852,446.1559753417969,35.15018844604492,302.5380249023437,125.8271713256836,91.03064727783205,101.34732818603516,34.82469940185547,207.52638244628903
2022-11-28,78.42345428466797,35.19260787963867,445.9252624511719,35.472312927246094,295.623046875,122.94001770019533,90.26652526855467,99.85973358154295,34.04876708984375,203.489990234375
2022-11-29,77.90314483642578,35.42544174194336,446.7465515136719,35.998687744140625,292.87921142578125,124.38359832763672,90.68903350830078,99.4902114868164,34.17809295654297,204.3858795166016
2022-11-30,80.00367736816406,35.787628173828125,450.5445556640625,36.595794677734375,302.1394958496094,127.5821304321289,91.58802032470705,101.934814453125,34.963260650634766,207.0548095703125
2022-12-01,81.04431915283203,35.623779296875,449.1516418457031,36.93361282348633,305.01177978515625,127.3367919921875,91.38124084472656,102.26644134521484,33.95979309082031,205.01776123046875
2022-12-02,80.31201171875,35.77037811279297,460.7962341308594,37.42072677612305,305.86968994140625,129.54461669921875,92.2173080444336,102.41806030273438,33.52310562133789,206.6115875244141
2022-12-05,76.5348892211914,35.53754806518555,455.6332702636719,37.07503890991211,298.49322509765625,126.9876708984375,91.70487213134766,99.8786849975586,32.0272102355957,203.32960510253903
2022-12-06,76.03385162353516,35.00288772583008,449.4395751953125,36.30509948730469,296.04058837890625,124.58173370361328,90.96773529052734,98.41002655029295,30.661376953125,201.0568084716797
2022-12-07,75.90858459472656,35.05463409423828,446.8394775390625,36.43080520629883,298.5584716796875,122.12859344482422,91.94760131835938,99.31016540527344,30.419797897338867,201.302001953125
2022-12-08,77.15156555175781,35.27021789550781,450.7210083007813,36.81576919555664,302.2327575683594,122.99662017822266,92.17234802246094,101.30945587158205,30.141061782836918,201.2076873779297
2022-12-09,76.94922637939453,34.86491394042969,449.0494995117188,36.69791793823242,298.8662109375,123.04379272460938,91.38124084472656,101.86849212646484,30.085317611694336,199.58560180664065
2022-12-12,78.31745147705078,35.408199310302734,451.5938415527344,36.89433670043945,305.8603820800781,124.84591674804688,93.3050537109375,103.74456787109376,30.41051483154297,202.292236328125
2022-12-13,77.62371063232422,35.38232421875,445.929443359375,36.776493072509766,310.4393005371094,126.49707794189452,90.96773529052734,105.6775360107422,30.42909049987793,202.72607421875
2022-12-14,78.83778381347656,35.03738021850586,450.5445556640625,37.02789688110352,310.9428100585937,125.27049255371094,90.50924682617188,105.42171478271484,29.992403030395508,202.49972534179688
2022-12-15,77.15156555175781,34.08879089355469,444.6015319824219,36.8864860534668,305.50604248046875,121.49642944335938,87.74038696289062,102.82546997070312,29.518543243408203,197.07696533203125
2022-12-16,76.67943572998047,33.67486572265625,447.3873596191406,36.58008575439453,301.5333557128906,119.04330444335938,85.80757141113281,101.29997253417967,29.453508377075195,197.8031463623047
2022-12-19,77.5658950805664,33.90769958496094,447.3873596191406,36.438663482666016,295.9286804199219,118.53379821777344,85.44799041748047,100.99676513671876,29.787994384765625,197.49191284179688
2022-12-20,77.9898452758789,34.08879089355469,451.4360046386719,36.48579788208008,293.60662841796875,117.71292877197266,85.40304565429688,100.90202331542967,29.90877723693848,199.45355224609372
2022-12-21,78.52944946289062,33.28680419921875,452.828857421875,36.55796813964844,297.8217468261719,119.96794128417967,84.6119384765625,102.46543884277344,30.364051818847656,202.85809326171875
2022-12-22,77.55626678466797,33.14883041381836,445.0750732421875,36.7103271484375,294.8002319335937,118.75080108642578,83.96466827392578,102.36119842529295,30.09460830688477,200.2268524169922
2022-12-23,77.90314483642578,33.31268310546875,448.7802429199219,37.07918930053711,297.2342529296875,119.5622329711914,84.10850524902344,102.50333404541016,30.16893577575684,201.69808959960935
2022-12-27,78.02839660644531,33.03672409057617,450.8324279785156,37.27164077758789,297.9989318847656,119.27918243408205,83.62306213378906,102.87285614013672,30.22468376159668,202.6600646972656
2022-12-28,77.40209197998047,32.40721130371094,448.7151794433594,36.76646041870117,294.4365539550781,117.25061798095705,83.38932037353516,102.17168426513672,30.44767951965332,200.1136932373047
2022-12-29,78.43311309814453,32.31235122680664,452.2717590332031,36.782493591308594,298.8009338378906,119.2602996826172,84.00961303710938,104.52156066894533,30.79145050048828,202.52801513671875
2022-12-30,78.76068878173828,32.217491149902344,451.7517395019531,36.65419006347656,294.55780029296875,118.63758087158205,83.77587890625,104.02883911132812,30.772872924804688,202.10362243652344
2023-01-03,80.66853332519531,32.07088851928711,443.4315490722656,36.50182723999024,294.6044616699219,119.6754379272461,83.52417755126953,103.8298797607422,31.135236740112305,202.10362243652344
2023-01-04,81.40081787109375,32.32959747314453,442.4750061035156,36.41362380981445,298.1668395996094,122.62865447998048,82.68812561035156,105.37432861328124,31.7205867767334,198.0860748291016
2023-01-05,81.23703002929688,30.346179962158203,443.00433349609375,36.38155364990234,294.1940612792969,116.15614318847656,81.31268310546875,104.9858627319336,31.65555000305176,192.83306884765625
2023-01-06,82.53783416748047,31.57072257995605,439.4477844238281,37.24758529663086,296.1151123046875,121.24168395996094,82.34650421142578,106.4355697631836,31.971458435058597,198.30296325683597
2023-01-09,83.58235931396484,31.346511840820312,426.2153930664063,36.870704650878906,296.3763122558594,121.59080505371094,82.24762725830078,106.26500701904295,31.488306045532227,198.6802215576172
2023-01-10,83.65972137451172,31.648332595825195,429.2797546386719,36.878719329833984,299.006103515625,122.44939422607422,81.49246978759766,107.87579345703124,31.702003479003903,199.3120574951172
2023-01-11,85.6907730102539,32.01052474975586,429.9390258789063,36.74239349365234,306.8116149902344,124.62889099121094,80.68339538574219,107.2125473022461,31.943580627441406,200.2174530029297
2023-01-12,85.8648681640625,31.613842010498047,428.7690124511719,36.405609130859375,307.6229553222656,124.18545532226562,80.1709976196289,105.99420928955078,32.0272102355957,203.68798828125
2023-01-13,86.27106475830078,31.717315673828125,417.70947265625,36.5820198059082,308.87261962890625,124.92139434814452,80.83621978759766,108.0406265258789,32.733341217041016,204.2821502685547
2023-01-17,85.6907730102539,31.329269409179688,415.2301330566406,36.21316146850586,305.4407653808594,123.241943359375,80.34178161621094,107.92639923095705,32.07366180419922,200.16085815429688
2023-01-18,83.86283874511719,30.708375930786133,409.7607116699219,35.290985107421875,301.8597106933594,120.56234741210938,79.28997039794922,106.1369857788086,31.330352783203125,192.61614990234372
2023-01-19,83.11812591552734,30.5359001159668,407.940673828125,35.71598434448242,289.91363525390625,116.61846923828124,79.18588256835938,106.41300964355467,30.875072479248047,189.23992919921875
2023-01-20,84.3851089477539,30.94121360778809,411.6271667480469,36.036739349365234,293.7557983398437,123.60047149658205,78.75139617919922,107.38385772705078,31.451135635375977,190.53192138671875
2023-01-23,86.04861450195312,31.622465133666992,409.77001953125,35.9324951171875,294.2033996582031,122.94001770019533,78.93242645263672,108.51652526855467,31.887836456298828,192.8236541748047
2023-01-24,86.75465393066406,30.95845413208008,417.15228271484375,35.90843963623047,296.264404296875,123.57218170166016,77.86430358886719,107.10784149169922,32.120113372802734,195.15306091308597
2023-01-25,86.69662475585938,31.28614616394043,421.7303161621094,36.02872085571289,295.8634033203125,120.91144561767578,77.61991119384766,105.65155792236328,32.39885711669922,194.9078369140625
2023-01-26,86.88038635253906,31.47587203979492,426.9768371582031,35.51551055908203,292.6460266113281,120.48688507080078,79.34882354736328,105.71819305419922,32.83555221557617,197.43533325195312
2023-01-27,86.06798553466797,32.05364227294922,426.7818298339844,35.39522933959961,295.3318786621094,120.15664672851562,79.45743560791016,104.6521453857422,32.9377555847168,196.2847900390625
2023-01-30,84.48181915283203,31.50173568725586,427.7011413574219,35.68391036987305,293.0470886230469,120.43971252441406,78.7966537475586,104.5188980102539,32.79838562011719,194.0684967041016
2023-01-31,85.55536651611328,31.786312103271484,430.1805114746094,36.11692810058594,302.3073425292969,122.97776794433594,79.85572052001953,105.2232437133789,32.96562957763672,196.6148681640625
2023-02-01,87.09317016601562,32.0622673034668,429.2426452636719,38.12164306640625,305.9630126953125,124.5534210205078,79.19493103027344,106.43203735351562,33.374446868896484,194.95501708984372
2023-02-02,86.4451675415039,32.51931381225586,424.54388427734375,37.66456985473633,316.8739318847656,126.83673858642578,78.0091323852539,106.8413314819336,33.56956481933594,195.5774688720703
2023-02-03,86.67728424072266,31.98465156555176,426.2989501953125,37.616458892822266,309.1430053710937,123.345703125,77.63800811767578,106.40348815917967,33.84830856323242,191.15435791015625
2023-02-06,85.6230697631836,31.28614616394043,435.60345458984375,37.65654373168945,307.0633850097656,122.12859344482422,77.16730499267578,105.4135971069336,33.79255294799805,192.4275665283203
2023-02-07,84.8590087890625,31.682830810546875,434.8884582519531,37.3358039855957,303.2679138183594,123.85523223876952,77.8281021118164,106.5938491821289,34.164207458496094,193.7761688232422
2023-02-08,83.84349060058594,31.527606964111328,436.11419677734375,37.28768157958984,299.15533447265625,123.01551055908205,80.52557373046875,104.89009857177734,33.91333770751953,190.7111358642578
2023-02-09,83.80480194091797,30.88084602355957,436.5227966308594,37.1513671875,294.2686767578125,121.58135986328124,81.53031921386719,102.86273956298828,33.18861389160156,187.88185119628903
2023-02-10,84.27871704101562,31.518983840942383,446.495849609375,37.88108444213867,295.19195556640625,119.09991455078124,81.15921020507812,102.94840240478516,33.05854034423828,189.06072998046875
2023-02-13,86.48384857177734,32.00189971923828,447.554443359375,38.37022399902344,301.71051025390625,121.4681396484375,81.34928894042969,103.29104614257812,33.12357711791992,191.7956695556641
2023-02-14,86.1646728515625,31.691455841064453,447.1922912597656,38.01739501953125,296.9544982910156,122.44939422607422,80.12728118896484,102.09176635742188,33.095706939697266,189.56057739257807
2023-02-15,85.43931579589844,31.90989875793457,446.1986999511719,38.209842681884766,299.06201171875,123.63822174072266,79.97339630126953,102.11080169677734,33.03995895385742,190.2301788330078
2023-02-16,84.83968353271484,31.735143661499023,437.5999450683594,38.00938034057617,299.5749206542969,122.43424987792967,79.62943267822266,100.9686279296875,32.7797966003418,188.013916015625
2023-02-17,84.41412353515625,32.119598388671875,441.6672058105469,38.54664611816406,296.50689697265625,123.1547393798828,80.18158721923828,101.59680938720705,32.84484100341797,189.9566650390625
2023-02-21,83.36956787109375,31.5953426361084,444.9729919433594,38.04145050048828,275.5709533691406,119.63765716552734,79.31260681152344,98.6557159423828,32.07366180419922,185.5618438720703
2023-02-22,83.48564147949219,31.525440216064453,445.2886962890625,37.8008918762207,276.31695556640625,121.97920989990234,78.94148254394531,97.7419662475586,31.85995864868164,184.36415100097656
2023-02-23,85.67143249511719,31.63902473449707,444.870849609375,38.09758758544922,279.1239624023437,121.50521850585938,78.63372802734375,97.60871124267578,31.83208274841309,184.89508056640625
2023-02-24,85.7488021850586,31.28078269958496,446.0965576171875,37.82494354248047,276.65264892578125,122.96514129638672,77.63800811767578,95.61941528320312,31.785619735717773,182.0697784423828
2023-02-27,85.07179260253906,30.92254447937012,445.2515869140625,37.31975936889648,276.0465393066406,124.76634979248048,76.79618835449219,94.962646484375,31.785619735717773,182.45851135253903
2023-02-28,84.53018951416016,31.044872283935547,443.1677551269531,37.23154830932617,276.5408020019531,125.19292449951172,75.61945343017578,96.81871032714844,31.869251251220703,181.5388641357422
2023-03-01,83.50498962402344,30.75652885437012,443.233154296875,37.00702667236328,271.1785583496094,126.3021011352539,74.65089416503906,95.97158813476562,31.7205867767334,182.8661651611328
2023-03-02,84.11431121826172,30.913806915283203,446.9522399902344,37.25560760498047,273.2581787109375,127.82840728759766,73.7094955444336,97.68485260009766,31.318471908569336,184.3546600341797
2023-03-03,86.31941986083984,31.534177780151367,446.5598449707031,37.31173706054688,278.3219909667969,130.31214904785156,74.05345916748047,99.41716766357422,31.94502258300781,186.6016540527344
2023-03-06,86.7933349609375,30.9749698638916,448.6903076171875,37.84098815917969,278.09814453125,126.69078826904295,75.10348510742188,97.799072265625,31.879566192626957,186.8101959228516
2023-03-07,85.45865631103516,29.83033561706543,447.279296875,37.32777404785156,271.0946960449219,124.1027374267578,72.82240295410156,95.1625518798828,30.860240936279297,185.46392822265625
2023-03-08,85.58438110351562,30.127410888671875,448.0642395019531,37.52824401855469,273.7998046875,124.38713836669922,72.24308013916016,94.61048889160156,30.448774337768555,185.41651916503903
2023-03-09,84.01757049560547,29.08763694763184,444.653564453125,37.48013305664063,270.5216369628906,120.77525329589844,69.69950866699219,93.13516998291016,28.55975151062012,182.8661651611328
2023-03-10,81.30951690673828,29.06142234802246,444.326416015625,37.37589263916016,268.93426513671875,119.44805145263672,69.79003143310547,92.2880630493164,28.307260513305664,183.29281616210935
2023-03-13,82.14128112792969,29.33228874206543,446.0364379882813,37.43202209472656,269.1314392089844,118.2251434326172,69.04777526855469,93.45879364013672,26.661378860473636,183.07476806640625
2023-03-14,81.78341674804688,29.08763694763184,447.4754943847656,37.48013305664063,268.2391357421875,122.44374084472656,68.39602661132812,93.80146026611328,26.89516830444336,182.95150756835935
2023-03-15,80.25531768798828,29.306081771850582,442.2800903320313,37.584381103515625,270.4934997558594,118.90769958496094,68.25121307373047,93.08758544921876,26.642675399780277,178.35328674316406
2023-03-16,82.03488159179688,29.192487716674805,442.2145690917969,37.0230598449707,269.3287048339844,119.96945190429688,68.64044189453125,94.25833129882812,27.091550827026367,179.32034301757812
2023-03-17,82.46044158935547,28.755603790283203,435.3278503417969,36.34146118164063,270.8880310058594,116.1205596923828,67.31886291503906,92.33565521240234,26.01612091064453,175.05398559570312
2023-03-20,84.1046142578125,29.000259399414062,444.5133666992188,36.94287109375,271.70513916015625,118.7939224243164,67.87103271484375,93.15422058105467,25.950658798217773,180.02194213867188
2023-03-21,84.70426177978516,29.306081771850582,443.6349182128906,37.04711532592773,271.8648681640625,120.01685333251952,68.39602661132812,93.592041015625,26.73619079589844,181.2354736328125
2023-03-22,85.01376342773438,28.39735984802246,438.15911865234375,36.20513916015625,265.4587707519531,117.1823272705078,67.3550796508789,92.1928939819336,25.84779167175293,177.44314575195312
2023-03-23,84.89769744873047,28.248823165893555,437.2247009277344,35.5909309387207,266.67987060546875,117.0875244140625,65.50848388671875,92.3642120361328,25.221235275268555,177.215576171875
2023-03-24,85.12014770507812,28.57211303710937,443.4293518066406,36.00859832763672,265.8439025878906,118.91718292236328,66.31410217285156,93.3255386352539,25.38020896911621,178.3912353515625
2023-03-27,87.18021392822266,28.781816482543945,442.3547668457031,36.27064895629883,264.2000427246094,119.44805145263672,66.59471130371094,93.7157974243164,26.642675399780277,178.23004150390625
2023-03-28,86.89973449707031,29.550731658935547,440.5326843261719,36.32797622680664,263.7773742675781,119.65660858154295,66.1873779296875,92.43082427978516,26.296669006347656,178.1636962890625
2023-03-29,87.64443969726562,29.839073181152344,443.1023254394531,36.4590072631836,266.16326904296875,121.57157135009766,67.06541442871094,93.86809539794922,26.811006546020508,179.25401306152344
2023-03-30,87.5380630493164,30.25848388671875,442.1585083007813,36.442630767822266,268.0418395996094,123.07889556884766,67.61758422851562,94.305908203125,26.464994430541992,179.30137634277344
2023-03-31,89.8689193725586,30.21479797363281,441.7380676269531,36.540897369384766,277.20953369140625,126.63389587402344,67.2645492553711,96.38087463378906,26.74554252624512,181.19757080078125
2023-04-03,90.83609771728516,30.98370361328125,454.7174072265625,36.835716247558594,279.66119384765625,132.7579803466797,68.87578582763672,96.69495391845705,26.73619079589844,183.2454071044922
2023-04-04,90.91345977783205,31.324472427368164,456.5115356445313,36.40168380737305,277.0592956542969,131.12744140625,69.02062225341797,97.84666442871094,26.16574478149414,181.02691650390625
2023-04-05,91.77423858642578,31.56039428710937,457.866455078125,36.38530349731445,271.1510009765625,131.72467041015625,70.37840270996094,99.188720703125,25.84779167175293,179.59527587890625
2023-04-06,92.77041625976562,31.2633113861084,458.0346984863281,36.38530349731445,271.0946350097656,130.89041137695312,70.18831634521484,99.87403106689452,26.034822463989254,180.5718231201172
2023-04-10,91.06107330322266,31.542911529541016,464.1833801269531,36.442630767822266,273.4992980957031,131.14637756347656,68.83053588867188,98.70330047607422,26.128337860107425,181.7284393310547
2023-04-11,91.2650375366211,31.72640991210937,455.8574523925781,36.92579650878906,275.94146728515625,132.05648803710938,69.05682373046875,98.31305694580078,26.84840965270996,182.2119903564453
2023-04-12,91.1970443725586,31.184667587280277,456.1004028320313,36.7128791809082,272.8136291503906,130.83352661132812,67.81672668457031,97.61822509765624,26.633323669433597,183.19798278808597
2023-04-13,92.799560546875,31.2633113861084,459.8755187988281,36.82753372192383,274.4197692871094,132.04698181152344,68.2693099975586,99.1104965209961,26.70813369750977,185.72938537597656
2023-04-14,92.95494079589844,30.861377716064453,455.9975891113281,36.87666320800781,274.45733642578125,131.2222137451172,67.61758422851562,99.44528198242188,27.60589027404785,186.34564208984372
2023-04-17,92.8384017944336,31.403114318847656,457.5394592285156,37.2124252319336,277.4725341796875,133.6016845703125,68.61328887939453,99.98096466064452,28.400775909423828,187.58763122558597
2023-04-18,93.6930694580078,31.08855438232422,468.537841796875,37.785682678222656,280.80712890625,134.246337890625,68.9210433959961,99.62702941894533,28.57845497131348,186.70591735839844
2023-04-19,93.05207061767578,30.433237075805664,462.6975708007813,38.04773712158203,278.89093017578125,133.241455078125,67.17402648925781,107.41353607177734,28.11087417602539,187.54022216796875
2023-04-20,92.10028839111328,30.905065536499023,458.4364929199219,37.662845611572266,280.4501647949219,134.0946502685547,66.85004425048828,105.55778503417967,27.96124839782715,186.53526306152344
2023-04-21,92.41105651855467,30.81769371032715,450.9142150878906,37.79386901855469,281.8309631347656,134.5970916748047,66.47586822509766,106.8108901977539,27.933195114135746,185.90005493164065
2023-04-24,92.69271850585938,31.01865768432617,449.3911437988281,38.21971893310547,283.3339233398437,135.52615356445312,67.02346801757812,105.60562133789062,27.83032989501953,186.5636749267578
2023-04-25,91.3524398803711,30.48566055297852,444.4011840820313,38.481781005859375,278.3461303710937,133.12770080566406,66.50325775146484,105.1942901611328,26.9699821472168,185.7862701416016
2023-04-26,91.01252746582033,30.415756225585938,431.3563232421875,38.2360954284668,270.5874328613281,130.48277282714844,65.94654083251953,104.02726745605467,26.59592056274414,180.98898315429688
2023-04-27,92.3042449951172,30.669151306152344,434.5148315429688,38.64556503295898,276.0917053222656,131.70570373535156,66.67665100097656,104.74468994140624,27.01673889160156,188.2987060546875
2023-04-28,91.9934539794922,30.800212860107425,434.0008850097656,38.90761947631836,282.3006286621094,132.96653747558594,66.90480041503906,105.67256927490234,27.38144874572754,189.46481323242188
2023-05-01,92.13912200927734,30.24100685119629,438.65435791015625,39.12873458862305,279.6329650878906,132.4925537109375,67.43413543701172,106.2847671508789,27.157012939453125,190.07162475585935
2023-05-02,92.0711441040039,29.27112579345703,428.805419921875,38.63737869262695,276.4205627441406,132.34083557128906,66.40287017822266,106.65785217285156,26.33407211303711,187.96685791015625
2023-05-03,92.05170440673828,27.925525665283203,423.366943359375,38.10506820678711,275.2933349609375,131.14637756347656,63.9570198059082,106.90654754638672,26.05352783203125,187.68243408203125
2023-05-04,92.23625183105467,27.567285537719727,422.30169677734375,37.77749633789063,268.4081726074219,128.4540557861328,62.77972412109375,106.04564666748048,25.23993682861328,186.0327911376953
2023-05-05,94.17868041992188,28.109018325805664,425.6750183105469,38.2360954284668,272.0433654785156,130.8524932861328,64.50460815429688,106.42827606201172,25.913249969482425,188.11854553222656
2023-05-08,94.0038604736328,27.66339874267578,421.3952941894531,38.17058563232422,270.4559326171875,131.46868896484375,63.59197235107422,106.08390045166016,25.894546508789062,186.724853515625
2023-05-09,93.37257385253906,27.471174240112305,422.4044494628906,38.031368255615234,272.945068359375,130.59262084960938,63.85662460327149,105.46212005615234,25.866493225097656,186.89553833007807
2023-05-10,94.7128448486328,27.602235794067383,423.4417419433594,37.62189102172852,271.4891662597656,130.32598876953125,63.61935043334961,105.88301849365234,25.54853630065918,187.09461975097656
2023-05-11,94.6351547241211,27.23525619506836,421.1429748535156,37.400787353515625,270.2304382324219,130.68785095214844,62.94400405883789,105.27081298828124,25.614002227783203,184.8740234375
2023-05-12,95.03335571289062,27.147878646850582,421.2364501953125,37.400787353515625,272.841796875,131.5067901611328,62.588077545166016,105.6916961669922,25.33345031738281,184.5308990478516
2023-05-15,94.4603271484375,27.523595809936523,422.2923583984375,37.31069946289063,271.0289001464844,133.91600036621094,62.83447647094727,105.06993865966795,25.857139587402344,185.18850708007807
2023-05-16,95.42183685302734,27.39253044128418,418.3770446777344,36.92579650878906,265.1957092285156,132.67808532714844,61.23738479614258,104.63947296142578,25.585947036743164,182.615234375
2023-05-17,96.8980712890625,27.99542999267578,427.3196411132813,37.13053131103516,274.6452331542969,135.6110382080078,63.36382293701172,104.09422302246094,26.717491149902344,186.8182373046875
2023-05-18,99.39410400390624,27.906721115112305,425.8712158203125,36.90942001342773,277.2471618652344,135.76336669921875,63.25429916381836,103.7594223022461,26.623973846435547,188.94357299804688
2023-05-19,99.87969970703124,27.747055053710938,424.6938781738281,37.0977783203125,273.22686767578125,135.6014862060547,63.31818008422852,104.19944763183594,26.28731346130371,188.0858154296875
2023-05-22,98.84050750732422,27.667221069335938,424.9087829589844,36.79476547241211,273.02020263671875,133.96360778808594,63.35468292236328,103.54898071289062,26.50240135192871,187.68551635742188
2023-05-23,95.70348358154295,28.030912399291992,422.9558410644531,36.79476547241211,277.0404357910156,130.3450164794922,63.58284759521485,101.1479721069336,26.72683906555176,185.8175201416016
2023-05-24,95.48982238769533,27.31239891052246,423.0398559570313,36.811153411865234,273.4335327148437,127.04071044921876,62.80709838867188,99.52181243896484,26.277963638305664,182.853515625
2023-05-25,101.2879638671875,26.585010528564453,413.79827880859375,36.581844329833984,269.3474426269531,126.68836975097656,61.7575798034668,97.7043228149414,26.34342384338379,183.2442779541016
2023-05-26,101.08401489257812,26.620494842529297,419.0498352050781,36.53271484375,275.0584716796875,127.34542083740234,61.73019790649414,98.40261840820312,26.474346160888672,184.65480041503903
2023-05-30,102.12321472167967,26.549530029296875,418.6012878417969,36.29521942138672,274.6545715332031,127.93582916259766,61.28302383422852,97.2929916381836,26.427587509155277,185.417236328125
2023-05-31,102.89046478271484,26.939836502075195,417.6982116699219,36.37711334228516,268.16455078125,125.02190399169922,62.08612823486328,97.57039642333984,25.98806381225586,182.6057281494141
2023-06-01,102.93903350830078,26.895483016967773,423.0227661132813,36.508148193359375,272.83819580078125,128.53573608398438,62.86186218261719,98.35479736328124,26.18601417541504,184.7596435546875
2023-06-02,102.84191131591795,27.667221069335938,427.55712890625,37.122344970703125,279.98101806640625,132.9161376953125,63.87487030029297,99.67485809326172,27.062652587890625,189.5153961181641
2023-06-05,103.85198974609376,27.720439910888672,427.7452697753906,36.55727767944336,277.29412841796875,131.33535766601562,64.5593490600586,99.25397491455078,26.902406692504883,187.9237823486328
2023-06-06,104.01708221435548,27.96881675720215,431.4517822265625,36.57365798950195,280.03778076171875,132.5733184814453,64.34944915771484,98.1634750366211,27.552812576293945,187.1232147216797
2023-06-07,102.2203369140625,28.323640823364254,434.386962890625,36.933990478515625,285.430419921875,135.0777587890625,65.23469543457031,97.24517059326172,27.788469314575195,189.0769805908203
2023-06-08,104.38614654541016,28.25267601013184,436.6635437011719,37.14691162109375,284.853271484375,134.43020629882812,65.4811019897461,96.40338134765624,27.552812576293945,188.84825134277344
2023-06-09,106.68791961669922,27.871240615844727,435.2712097167969,37.03226089477539,281.31500244140625,133.00181579589844,65.490234375,97.27387237548828,27.59052085876465,188.60043334960935
2023-06-12,113.0785140991211,28.06639289855957,432.6183166503906,37.286128997802734,284.6356811523437,133.30654907226562,65.2529525756836,96.9964599609375,27.45855140686035,189.18182373046875
2023-06-13,113.32131958007812,28.341381072998047,425.5628051757813,37.4744873046875,283.8977355957031,134.57305908203125,65.94654083251953,97.4364776611328,27.713062286376957,191.66929626464844
2023-06-14,118.75040435791016,27.951074600219727,425.7321166992188,36.74707412719727,283.5476989746094,133.982666015625,60.82670211791992,98.76611328125,27.449125289916992,191.1069793701172
2023-06-15,122.90721130371094,28.403472900390625,428.9306640625,36.91429138183594,285.7331237792969,134.5254669189453,63.42768478393555,100.4592514038086,27.68478202819824,194.16632080078125
2023-06-16,121.8485870361328,28.98005485534668,431.9598388671875,36.84740829467773,284.1816101074219,136.24903869628906,61.8032112121582,101.58800506591795,27.51511001586914,193.4419860839844
2023-06-20,118.52703857421876,28.73168182373047,431.2166442871094,36.34573745727539,285.1559753417969,135.25869750976562,62.67021942138672,102.06629180908205,27.213468551635746,190.99261474609372
2023-06-21,118.58529663085938,27.99542999267578,438.4227294921875,36.74707412719727,284.4844055175781,135.54437255859375,62.761474609375,101.63583374023438,26.93068504333496,192.3269195556641
2023-06-22,117.10906982421876,28.288158416748047,435.9674072265625,36.58820724487305,284.9384155273437,134.04931640625,63.34556579589844,103.54898071289062,26.35568618774414,191.2308807373047
2023-06-23,115.22490692138672,27.853500366210938,432.1385498046875,36.30392837524414,284.58837890625,132.25904846191406,63.51895523071289,103.357666015625,26.15773582458496,190.6971740722656
2023-06-26,113.41844177246094,28.02204132080078,425.9673156738281,37.00626373291016,291.28662109375,134.34451293945312,63.74710464477539,103.79769134521484,26.47822570800781,193.0702667236328
2023-06-27,114.44792175292967,25.40523147583008,426.2966003417969,37.07315444946289,296.8211364746094,137.53457641601562,62.679344177246094,103.10895538330078,26.61962127685547,193.7946014404297
2023-06-28,113.1756362915039,25.795534133911133,423.0133666992188,37.20692825317383,289.98101806640625,136.45851135253906,62.186519622802734,102.93677520751952,26.459375381469727,192.9940490722656
2023-06-29,114.38966369628906,25.16572952270508,430.3323059082031,37.59989929199219,291.22039794921875,138.4296875,62.75235366821289,102.98460388183594,27.015522003173828,196.77767944335935
2023-06-30,115.66194152832033,25.272172927856445,433.09808349609375,37.87582015991211,293.8882751464844,141.21978759765625,63.09001159667969,104.28553009033205,27.04380226135254,197.7593231201172
2023-07-03,113.7778091430664,25.742311477661133,435.1677856445313,38.39420318603516,293.3017272949219,141.95306396484375,63.674102783203125,102.56371307373048,27.524538040161133,198.52175903320312
2023-07-05,112.62205505371094,25.95520401000977,435.3371276855469,38.44437789916992,294.0397033691406,139.20103454589844,63.50983047485352,102.70719909667967,27.411422729492188,196.73956298828125
2023-07-06,112.12672424316406,25.8221492767334,434.2834777832031,38.53634262084961,285.7331237792969,138.29637145996094,63.46419143676758,102.54458618164062,26.65732955932617,194.43316650390625
2023-07-07,111.3109130859375,25.813276290893555,431.527099609375,38.44437789916992,286.4805603027344,139.7628631591797,63.12651443481445,101.7314910888672,26.89298439025879,193.7183532714844
2023-07-10,111.08753204345705,26.425342559814453,433.09808349609375,37.58317947387695,293.5477294921875,140.83889770507812,63.2999267578125,102.37239837646484,27.015522003173828,197.9880828857422
2023-07-11,111.96469116210938,27.117246627807617,438.6578979492188,38.160099029541016,296.7454528808594,143.40049743652344,65.04304504394531,102.83154296875,27.3548641204834,198.93157958984372
2023-07-12,113.07575988769533,26.895483016967773,434.5845336914063,38.201904296875,300.39727783203125,144.4289093017578,64.31294250488281,102.20978546142578,27.675352096557617,198.7314453125
2023-07-13,114.46946716308594,26.380990982055664,438.7425842285156,38.10993194580078,297.6347351074219,144.2765655517578,64.99742126464844,103.5553970336914,27.96757125854492,198.9125518798828
2023-07-14,116.24327850341795,25.90198135375977,436.7952270507813,38.0346794128418,299.4322814941406,142.591064453125,65.14342498779297,103.7380142211914,27.439697265625,196.4631805419922
2023-07-17,115.8729248046875,25.831018447875977,442.1197814941406,37.94271469116211,299.0065612792969,143.98133850097656,64.9517822265625,102.8441390991211,27.713062286376957,198.3978576660156
2023-07-18,117.70521545410156,26.239063262939453,428.6954345703125,37.95106887817383,299.67828369140625,144.1432342529297,65.99217987060547,102.79607391357422,28.9384708404541,195.6149444580078
2023-07-19,115.67800903320312,26.549530029296875,424.7537841796875,37.94271469116211,302.2515869140625,143.08624267578125,67.88131713867188,103.11326599121094,29.72084617614746,195.5386962890625
2023-07-20,112.93931579589844,26.82451629638672,428.9870910644531,38.17681503295898,301.8825988769531,142.572021484375,68.88883972167969,107.4865493774414,29.871665954589844,198.1977386474609
2023-07-21,114.66439819335938,27.019670486450195,427.8111267089844,38.12664794921875,303.188232421875,142.21969604492188,69.0544662475586,109.85099029541016,30.145023345947266,198.8076934814453
2023-07-24,115.07373809814452,27.179340362548828,429.7302856445313,38.12664794921875,307.57794189453125,138.90582275390625,69.88256072998047,110.16817474365234,30.77657890319824,199.4939117431641
2023-07-25,114.9567642211914,27.223691940307617,427.2372741699219,38.00959777832031,307.596923828125,139.99139404296875,69.61573791503906,108.5438232421875,30.305273056030277,199.8369903564453
2023-07-26,112.5689468383789,27.36562156677246,425.9767150878906,38.09321212768555,311.8163757324219,139.20103454589844,69.10047149658203,109.64916229248048,30.550350189208984,198.4836578369141
2023-07-27,113.44612121582033,27.170469284057617,422.0538330078125,38.12664794921875,311.929931640625,137.88690185546875,69.44091033935547,108.27469635009766,30.116744995117188,187.1899261474609
2023-07-28,113.04652404785156,26.434213638305664,422.3924560546875,38.0346794128418,313.5003967285156,138.46780395507812,68.64962768554688,108.35159301757812,30.069616317749023,186.02720642089844
2023-07-31,114.25505828857422,26.585010528564453,419.9183349609375,37.97615051269531,315.83721923828125,137.02987670898438,68.72322845458984,107.0059814453125,30.163875579833984,185.01695251464844
2023-08-01,114.91779327392578,26.23019027709961,424.5373840332031,37.775489807128906,314.16265869140625,138.60110473632812,68.0423355102539,106.23703002929688,29.805679321289062,184.3974456787109
2023-08-02,112.77362060546876,27.205951690673828,421.97857666015625,37.26546096801758,310.78521728515625,135.00157165527344,70.30582427978516,104.4012222290039,29.400354385375977,183.8447113037109
2023-08-03,111.64307403564452,26.88661193847656,421.3765258789063,37.03970718383789,312.0623779296875,133.58270263671875,68.38277435302734,103.36317443847656,29.607728958129883,181.56689453125
2023-08-04,111.53585052490234,26.487436294555664,419.306884765625,36.788875579833984,308.8267822265625,133.85887145996094,67.0670166015625,103.46890258789062,29.504039764404297,180.3279266357422
2023-08-07,113.15372467041016,26.50517845153809,423.1262817382813,36.88920211791992,311.4190673828125,136.4204559326172,68.00553894042969,104.2378158569336,30.05076026916504,180.6996307373047
2023-08-08,112.30580139160156,26.19470977783203,422.8346557617188,36.98954391479492,310.13238525390625,136.4871063232422,68.08834075927734,101.4792938232422,29.47576332092285,178.84115600585938
2023-08-09,110.2298583984375,25.95520401000977,425.9767150878906,36.86412811279297,310.5107727050781,133.3877410888672,68.6404037475586,101.21017456054688,29.08928871154785,180.3564910888672
2023-08-10,110.1226577758789,25.92859268188477,423.3802795410156,36.72198486328125,311.6366577148437,133.39727783203125,68.0515365600586,100.67191314697266,29.164697647094727,180.8643798828125
2023-08-11,110.19086456298828,26.0350399017334,427.1432800292969,36.56312942504883,313.2544250488281,130.70924377441406,68.88883972167969,101.2197723388672,29.49461555480957,182.7138519287109
2023-08-14,112.63717651367188,25.786664962768555,423.4085083007813,36.39590072631836,312.156982421875,133.56947326660156,68.40119171142578,101.97909545898438,29.15526962280273,181.6022491455078
2023-08-15,114.31352996826172,25.369749069213867,417.2936401367188,36.01129150390625,314.2288818359375,132.8424530029297,67.47187042236328,100.8641586303711,28.222076416015625,179.96360778808594
2023-08-16,112.41301727294922,25.006059646606445,418.7518310546875,35.743736267089844,315.0708923339844,131.6658477783203,66.91060638427734,100.4700698852539,27.609373092651367,178.70828247070312
2023-08-17,111.96469116210938,24.09239196777344,420.2099304199219,35.593238830566406,309.6309509277344,132.0771942138672,61.46353912353516,100.85455322265624,27.599946975708008,178.21954345703125
2023-08-18,113.5045928955078,23.965970993041992,423.3896789550781,35.87751770019531,309.7161560058594,133.47381591796875,61.47273635864258,99.68192291259766,27.439697265625,178.79452514648438
2023-08-21,113.63128662109376,23.875667572021484,424.7349548339844,35.72701644897461,306.5845947265625,132.5841827392578,61.721168518066406,99.8357162475586,27.477405548095703,179.1490936279297
2023-08-22,113.58255004882812,23.965970993041992,426.0990295410156,35.76045608520508,306.98199462890625,132.35458374023438,61.69355773925781,101.06599426269533,26.80814743041992,178.248291015625
2023-08-23,114.8495635986328,23.965970993041992,427.6324768066406,36.05309677124024,308.505126953125,131.8667449951172,61.09548568725586,101.04676818847656,26.81757354736328,179.2736358642578
2023-08-24,110.04468536376952,22.86429214477539,425.7321166992188,36.28720474243164,305.19384765625,131.2927703857422,61.17829895019531,99.72036743164062,26.97781562805176,177.43377685546875
2023-08-25,113.11473846435548,22.81011199951172,424.3586120605469,36.512962341308594,305.4493408203125,132.3641357421875,61.94198989868164,100.16249084472656,26.864702224731445,178.52621459960938
2023-08-28,113.87493896484376,22.72884178161621,425.5157775878906,36.763790130615234,308.3348388671875,132.80419921875,61.86837768554688,98.79766082763672,27.10978507995605,180.04026794433594
2023-08-29,117.58826446533205,23.062959671020508,421.82806396484375,36.97282028198242,311.6177062988281,134.84176635742188,61.76717376708984,99.8357162475586,27.49625968933105,181.6118621826172
2023-08-30,118.04634857177734,23.117137908935547,425.6004028320313,37.22364807128906,314.7978210449219,135.8748779296875,61.49113845825195,100.354736328125,27.37371635437012,180.69189453125
2023-08-31,117.3348617553711,22.855262756347656,424.5965576171875,36.97282028198242,314.4836120605469,135.60702514648438,59.963748931884766,98.90338897705078,27.250158309936523,180.09779357910156
2023-09-01,117.86116790771484,21.1575984954834,424.43560791015625,36.8808479309082,317.1304626464844,135.84617614746094,60.42380142211914,98.85533142089844,27.54480361938477,180.5289764404297
2023-09-05,120.83377075195312,20.525487899780277,421.60394287109375,36.86412811279297,312.08428955078125,130.546630859375,60.36860275268555,96.96183776855467,27.23114585876465,177.9512481689453
2023-09-06,121.17487335205078,20.44421768188477,401.4797973632813,36.39590072631836,310.3894958496094,131.10147094726562,60.27659225463867,97.61542510986328,26.98402404785156,176.81088256835938
2023-09-07,121.91558837890624,19.90241241455078,403.3738098144531,36.55476379394531,312.6936340332031,130.26919555664062,60.3593978881836,96.75999450683594,26.73690223693848,176.43714904785156
2023-09-08,123.11436462402344,19.857261657714844,400.6748046875,36.85576629638672,312.9697265625,129.81002807617188,60.580223083496094,96.8176727294922,26.955507278442383,176.8204803466797
2023-09-11,123.49446868896484,19.3515739440918,398.3735961914063,37.173484802246094,312.6459655761719,130.4318389892578,63.25774765014648,98.47086334228516,27.06956672668457,178.43997192382812
2023-09-12,106.82843017578124,19.61344718933105,395.6934509277344,37.51629257202149,310.65606689453125,128.03077697753906,64.88634490966797,98.4228057861328,27.53529930114746,181.31478881835935
2023-09-13,109.00181579589844,19.77598762512207,398.6860656738281,37.41596603393555,310.2752685546875,127.2272491455078,64.62871551513672,98.70154571533205,27.44975471496582,183.595458984375
2023-09-14,110.77564239501952,20.29973602294922,403.3265075683594,37.698055267333984,313.8456726074219,128.55691528320312,64.36188507080078,98.6630859375,27.753908157348636,185.48326110839844
2023-09-15,111.0193099975586,20.245553970336918,401.5840148925781,37.2108039855957,306.0097351074219,127.99252319335938,65.2083969116211,97.78843688964844,27.41173553466797,184.9849395751953
2023-09-18,109.36244201660156,20.03786277770996,407.0861511230469,37.05693054199219,302.06805419921875,126.73937225341795,65.05197143554688,97.07718658447266,27.3356990814209,186.34571838378903
2023-09-19,109.90821838378906,19.893383026123047,402.7772216796875,36.80902862548828,299.5448913574219,126.47152709960938,66.23890686035156,96.75999450683594,27.23114585876465,187.19857788085935
2023-09-20,110.00569915771484,19.7218074798584,404.330322265625,36.79193115234375,295.97442626953125,125.12273406982422,65.70526123046875,96.38514709472656,27.136096954345703,186.3265380859375
2023-09-21,106.65299987792967,19.369632720947266,395.4188537597656,36.68080520629883,292.0708312988281,122.72166442871094,66.14691162109375,95.08758544921876,26.660860061645508,183.4421539306641
2023-09-22,106.2631378173828,19.07164001464844,391.7349243164063,36.18500518798828,291.09014892578125,124.48181915283205,65.46601867675781,94.33787536621094,26.271163940429688,181.8610076904297
2023-09-25,105.55166625976562,19.270301818847656,391.0246887207031,35.97984313964844,291.813720703125,126.3184814453125,66.7725830078125,93.68428802490234,26.23314476013184,183.85421752929688
2023-09-26,102.21845245361328,19.08066749572754,387.0945434570313,35.81742477416992,288.0528564453125,123.02779388427734,65.63165283203125,92.49243927001952,25.824440002441406,180.0498504638672
2023-09-27,101.9650650024414,18.98133659362793,387.0661926269531,35.82596969604492,287.36737060546875,122.47296142578124,64.2054672241211,91.81963348388672,25.91948890686035,180.04026794433594
2023-09-28,103.45622253417967,18.872976303100582,389.1874694824219,36.0225830078125,288.9573974609375,124.89312744140624,64.43549346923828,94.3090362548828,26.195125579833984,179.30239868164062
2023-09-29,103.2320556640625,20.0830135345459,387.2934265136719,35.94565200805664,287.6910705566406,124.1661376953125,64.24226379394531,93.08836364746094,26.02404022216797,177.0312957763672
2023-10-02,104.00201416015624,20.245553970336918,386.2138671875,35.54387664794922,285.47265625,123.75479888916016,64.12266540527344,92.0118637084961,25.37771797180176,174.99017333984375
2023-10-03,101.86759948730467,20.362945556640625,382.4351806640625,35.159202575683594,277.9604797363281,123.0660400390625,63.71780776977539,92.06954193115234,24.626840591430664,173.58151245117188
2023-10-04,104.36262512207033,20.12816619873047,380.0676574707031,35.60371780395508,278.38897705078125,127.43770599365234,63.46937942504883,91.93497467041016,24.65535545349121,174.88475036621094
2023-10-05,105.60040283203124,20.028833389282227,376.2985534667969,35.89436340332031,277.7319641113281,125.62974548339844,64.17787170410156,92.4636001586914,24.7694091796875,172.50823974609375
2023-10-06,107.1695556640625,19.69471740722656,379.49945068359375,35.96274948120117,278.7983093261719,127.35163879394533,64.31587982177734,93.11719512939452,24.77891731262207,176.95465087890625
2023-10-09,107.52041625976562,20.1101016998291,413.4027404785156,36.50129318237305,281.2167053222656,123.17124938964844,65.55803680419922,93.00187683105467,25.007030487060547,178.73704528808594
2023-10-10,106.9258804321289,20.209434509277344,412.048583984375,36.32177734375,284.891845703125,124.6252899169922,65.99968719482422,93.77079010009766,25.672367095947266,178.56451416015625
2023-10-11,107.2486801147461,20.408098220825195,413.5164489746094,36.38161087036133,283.77783203125,126.76808166503906,65.99968719482422,89.04187774658203,25.681869506835938,179.5802764892578
2023-10-12,106.73023986816406,21.843891143798828,411.139404296875,36.10806655883789,278.9887390136719,124.4148406982422,65.25440216064453,87.16690826416016,25.567811965942383,176.26467895507812
2023-10-13,105.88899993896484,20.99505615234375,417.69281005859375,36.46709060668945,277.94146728515625,122.88430786132812,65.82486724853516,87.8241195678711,25.43474578857422,175.9005584716797
2023-10-16,106.3389663696289,20.57063865661621,417.0772705078125,36.646610260009766,283.09234619140625,124.69227600097656,65.77885437011719,89.0902099609375,25.65335464477539,178.45912170410156
2023-10-17,106.66177368164062,20.63385009765625,417.7591247558594,36.92015838623047,281.7688903808594,125.74451446533205,66.25732421875,89.05155181884766,26.25215530395508,178.54537963867188
2023-10-18,105.88899993896484,19.189027786254883,422.4373474121094,36.86032104492188,276.3418273925781,122.23381042480467,65.41080474853516,92.3569107055664,25.95750999450684,175.8142852783203
2023-10-19,105.97703552246094,18.927156448364254,425.3825988769531,36.42435836791992,273.0380554199219,118.94312286376952,65.52681732177734,92.2409439086914,25.62484169006348,174.6643524169922
2023-10-20,99.62858581542967,19.198060989379883,420.6380310058594,36.50984191894531,272.6952209472656,119.30662536621094,64.0791244506836,93.53601837158205,25.007030487060547,173.7540283203125
2023-10-23,101.39911651611328,19.830167770385746,422.5226135253906,36.014034271240234,271.41943359375,118.32134246826172,64.02342987060547,92.5695343017578,24.303680419921875,172.98739624023438
2023-10-24,100.94914245605467,19.297393798828125,417.541259765625,36.36452102661133,269.74371337890625,117.5177993774414,64.0048828125,91.63204956054688,24.208629608154297,173.88818359375
2023-10-25,99.21776580810548,19.56829643249512,423.9715576171875,36.6038703918457,267.4776916503906,116.20726013183594,63.5965461730957,90.4336166381836,24.284666061401367,170.65878295898438
2023-10-26,98.21022033691406,19.595388412475582,422.3426818847656,33.5606689453125,264.6880187988281,116.7142562866211,63.08615493774414,90.8298797607422,24.826438903808597,168.71348571777344
2023-10-27,98.78734588623048,19.089696884155277,419.89935302734375,33.5948600769043,263.2216796875,115.48023986816406,61.51781463623047,89.73774719238281,23.923490524291992,169.61428833007812
2023-10-30,99.43296813964844,19.053577423095703,422.2195434570313,34.40695571899414,268.0013122558594,116.53250122070312,63.11398696899414,89.88272094726562,24.41773796081543,172.24951171875
2023-10-31,101.14479064941406,19.0355167388916,430.5533752441406,34.33856964111328,271.0576171875,117.4412612915039,64.04199981689453,91.38076782226562,25.03554344177246,175.613037109375
2023-11-01,103.44352722167967,18.6291618347168,428.4130554199219,34.107765197753906,272.9046936035156,117.63258361816406,63.78216552734375,91.82535552978516,25.092575073242188,176.31260681152344
2023-11-02,104.5391082763672,19.414783477783203,433.773193359375,34.7659797668457,280.4264221191406,119.4979476928711,64.62664794921875,92.74349975585938,26.25215530395508,178.6507568359375
2023-11-03,105.69336700439452,19.965620040893555,429.32220458984375,34.7659797668457,281.4547119140625,122.74079895019533,65.19273376464844,92.62752532958984,27.012535095214844,181.10397338867188
2023-11-06,106.73023986816406,19.658597946166992,427.2576904296875,34.65486145019531,280.46453857421875,122.20510864257812,65.9629898071289,91.81568145751952,26.92699241638184,179.6761474609375
2023-11-07,106.61286163330078,19.550233840942383,426.30120849609375,34.629207611083984,280.65496826171875,122.26251220703124,65.19273376464844,91.62239074707033,26.76541519165039,178.82327270507812
2023-11-08,109.88002014160156,18.963275909423828,421.1020812988281,34.36421203613281,281.7498779296875,123.9269790649414,63.80071640014648,91.56439971923828,26.508787155151367,176.91632080078125
2023-11-09,109.73329162597656,18.46662139892578,419.01861572265625,34.28727722167969,274.0853271484375,122.45601654052734,61.9354133605957,90.41429138183594,26.16661262512207,177.0512237548828
2023-11-10,110.60387420654295,18.74655532836914,421.3009643554688,34.21034240722656,277.6272277832031,123.84044647216795,62.80774688720703,90.82020568847656,26.30918312072754,179.97189331054688
2023-11-13,111.66033172607422,18.64487075805664,421.4524841308594,34.19325256347656,274.2757873535156,124.29232025146484,62.91912078857422,92.5792007446289,26.328197479248047,179.77911376953125
2023-11-14,113.56778717041016,19.49530601501465,420.6853637695313,34.381309509277344,289.0906982421875,128.35911560058594,63.56872177124024,93.82596588134766,27.772918701171875,183.37452697753903
2023-11-15,111.57227325439452,19.920522689819336,421.55670166015625,34.83436965942383,293.43231201171875,128.46490478515625,64.15335845947266,94.71512603759766,28.15310859680176,182.70941162109372
2023-11-16,112.16897583007812,19.18101501464844,421.9827880859375,34.7916259765625,291.7660827636719,129.94546508789062,63.33671951293945,96.89938354492188,28.07707023620605,183.82757568359372
2023-11-17,112.84392547607422,19.615476608276367,421.1209716796875,34.89420700073242,292.5563659667969,130.62808227539062,63.85640335083008,96.21317291259766,28.49527931213379,184.30950927734372
2023-11-20,114.36990356445312,19.439844131469727,420.2970886230469,34.91130447387695,293.43231201171875,130.33001708984375,63.34599685668945,97.80786895751952,28.523794174194336,184.87820434570312
2023-11-21,113.5482406616211,19.39362335205078,424.4071350097656,34.84291458129883,290.71881103515625,131.31068420410156,63.178955078125,98.49407196044922,28.191125869750977,184.33843994140625
2023-11-22,113.7047348022461,19.125551223754883,426.5379333496094,35.21049880981445,294.3939208984375,131.3683624267578,64.16262817382812,99.25757598876952,28.162612915039062,185.3697967529297
2023-11-24,113.71451568603516,19.273452758789062,428.0626831054688,35.449851989746094,295.8221435546875,131.1857147216797,64.4224853515625,99.42189025878906,28.25765991210937,186.43011474609372
2023-11-27,113.92971801757812,18.58940887451172,421.8880920410156,35.42420196533203,296.0316162109375,131.9932861328125,63.79143524169922,99.26725006103516,28.096078872680664,186.0059814453125
2023-11-28,113.7047348022461,18.469236373901367,424.5208129882813,35.74903869628906,298.33575439453125,132.75283813476562,64.32968139648438,98.63902282714844,28.06756591796875,187.25906372070312
2023-11-29,113.6753921508789,18.469236373901367,421.43353271484375,35.697750091552734,298.115234375,134.16612243652344,62.08390045166016,100.15641021728516,28.80893325805664,187.2494354248047
2023-11-30,113.6753921508789,18.432262420654297,427.0702819824219,35.937103271484375,300.4827575683594,136.51197814941406,63.05830764770508,100.7942886352539,29.21132469177246,188.8495178222656
2023-12-01,114.60466003417967,19.21799087524414,428.6344604492188,36.41581344604492,306.3583984375,138.08868408203125,63.55016326904297,101.36450958251952,29.66161346435547,190.64239501953125
2023-12-04,113.25476837158205,19.21799087524414,429.8553466796875,36.330322265625,310.5758361816406,137.627197265625,63.55016326904297,101.66413879394533,29.527482986450195,191.20147705078125
2023-12-05,112.0320281982422,18.95916175842285,425.6109924316406,36.3901596069336,310.07745361328125,137.146484375,65.90729522705078,100.8522720336914,29.29754638671875,189.84234619140625
2023-12-06,109.5865478515625,19.763376235961918,428.6344604492188,35.35581970214844,312.5791015625,137.194580078125,68.20877075195312,101.42250061035156,29.249645233154297,190.6520538330078
2023-12-07,110.40824127197266,21.17768859863281,426.4407653808594,35.32162094116211,312.6366882324219,139.38661193847656,68.68204498291016,100.56233978271484,29.374195098876957,190.6520538330078
2023-12-08,111.13209533691406,21.408784866333008,427.3087463378906,35.304527282714844,312.9241943359375,138.42518615722656,69.6935806274414,101.00691986083984,29.66161346435547,187.58677673339844
2023-12-11,112.6189422607422,21.260883331298828,430.3989868164063,35.381465911865234,317.58251953125,140.21343994140625,68.4500503540039,102.65960693359376,29.556224822998047,193.158203125
2023-12-12,98.61126708984376,21.196176528930664,430.75189208984375,35.35581970214844,319.375,139.7615509033203,68.29228973388672,103.10418701171876,29.450838088989254,194.23779296875
2023-12-13,100.74372863769533,22.76763153076172,430.5706787109375,35.92000961303711,329.1517944335937,141.78054809570312,69.86991882324219,103.6550750732422,30.69632148742676,195.75112915039065
2023-12-14,98.12217712402344,23.23906898498535,424.6858825683594,35.99694061279297,337.2127990722656,143.39573669433594,69.12749481201172,104.95983123779295,32.51663589477539,196.0692443847656
2023-12-15,101.06653594970705,23.29453468322754,421.3858337402344,35.6891975402832,339.3119506835937,142.94386291503906,69.07182312011719,103.69373321533205,32.19089889526367,196.0595703125
2023-12-18,102.70988464355467,23.09116744995117,426.25006103515625,36.07388305664063,336.2543334960937,143.01113891601562,69.48942565917969,104.43792724609376,32.02802658081055,197.69825744628903
2023-12-19,103.93262481689452,24.0617733001709,427.0894165039063,36.27903366088867,337.4620666503906,143.74183654785156,70.77008056640625,104.78585052490234,32.104671478271484,197.2162933349609
2023-12-20,101.8784408569336,23.47941017150879,422.1393432617188,35.26398849487305,334.1934814453125,140.67491149902344,71.67953491210938,103.80005645751952,31.596899032592773,195.5776214599609
2023-12-21,103.55113220214844,24.08950424194336,427.3087463378906,35.27274703979492,334.4906616210937,142.0497283935547,72.96018981933594,104.84385681152344,31.80766868591309,197.65005493164065
2023-12-22,103.88371276855467,24.23740577697754,427.49951171875,35.316490173339844,334.1264343261719,143.01113891601562,73.0901107788086,105.37540435791016,32.02802658081055,198.21871948242188
2023-12-26,103.87394714355467,24.597919464111328,429.368896484375,35.29899215698242,334.8165283203125,143.91488647460938,73.31282043457031,105.56871032714844,32.43999099731445,200.53211975097656
2023-12-27,103.62938690185548,24.62564849853516,428.21484375,35.15898895263672,334.06890869140625,144.36679077148438,73.1457748413086,106.10993194580078,32.420833587646484,201.47677612304688
2023-12-28,103.93262481689452,24.58867454528809,430.3703918457031,35.15898895263672,332.9474182128906,144.57827758789062,73.28498077392578,106.69949340820312,32.459163665771484,201.6213531494141
2023-12-29,103.1305160522461,24.135725021362305,432.2874450683594,35.29899215698242,332.1710205078125,143.78028869628906,73.27569580078125,106.38055419921876,32.257957458496094,202.1418609619141
2024-01-02,101.79039764404295,24.6348934173584,435.0342712402344,36.384037017822266,330.7620544433594,141.5978546142578,75.02964782714844,106.16793060302734,32.47832107543945,201.45748901367188
2024-01-03,100.22528076171876,23.63655662536621,437.8956298828125,36.22653198242188,324.2250061035156,140.00192260742188,75.05748748779297,105.84898376464844,32.12383270263672,197.14878845214844
2024-01-04,100.3524398803711,22.425609588623047,436.7033996582031,36.33154296875,324.5413513183594,139.31930541992188,74.71412658691406,107.26004791259766,32.38250732421875,197.5054473876953
2024-01-05,100.4894027709961,23.118900299072266,435.396728515625,36.3052864074707,328.7107849121094,140.30958557128906,75.55860137939453,107.0860824584961,32.98609161376953,196.1848907470703
2024-01-08,102.37731170654295,23.692018508911133,437.399658203125,36.67280197143555,333.4937744140625,141.70361328125,74.87188720703125,108.6324462890625,32.72740936279297,195.34629821777344
2024-01-09,101.36976623535156,23.44243431091309,435.1964416503906,36.629051208496094,331.82598876953125,140.58839416503906,74.57491302490234,108.95138549804688,32.21963882446289,194.35345458984372
2024-01-10,102.04733276367188,22.813854217529297,434.34759521484375,35.92901992797852,341.9957275390625,141.6074676513672,73.53555297851562,110.56541442871094,32.19089889526367,195.09567260742188
2024-01-11,102.88201141357422,22.213003158569336,432.1825256347656,36.40153884887695,341.7369689941406,140.74220275878906,73.24786376953125,110.22550964355467,31.759769439697266,194.39202880859372
2024-01-12,104.67904663085938,21.510467529296875,441.7679443359375,36.17403030395508,340.95098876953125,139.9346160888672,71.0484848022461,110.63338470458984,31.424449920654297,193.84259033203125
2024-01-16,104.64958190917967,21.140714645385746,436.6748046875,35.85027313232422,343.55810546875,138.2136993408203,71.84656524658203,110.47801208496094,30.772964477539062,190.6327667236328
2024-01-17,104.51210021972656,20.493640899658203,435.36810302734375,35.649009704589844,340.9414367675781,137.55992126464844,71.4475326538086,110.6431121826172,30.46638298034668,190.8062744140625
2024-01-18,106.74119567871094,20.475154876708984,438.3247985839844,35.386497497558594,343.05010986328125,139.35777282714844,68.56140899658203,110.7305145263672,30.399320602416992,192.90760803222656
2024-01-19,107.69371032714844,20.336498260498047,436.5984802246094,35.290245056152344,347.3729858398437,135.93511962890625,68.56609344482422,111.38117218017578,30.868772506713867,193.53414916992188
2024-01-22,108.11595916748048,20.85415267944336,437.5522766113281,35.4214973449707,341.8903503417969,136.65615844726562,69.23096466064453,110.89559936523438,31.1849308013916,193.7847595214844
2024-01-23,109.8147964477539,20.872642517089844,419.3448181152344,35.386497497558594,336.2255859375,136.94461059570312,70.32659912109375,110.7110824584961,31.39570617675781,195.6161651611328
2024-01-24,112.2500991821289,20.67852210998535,411.6954956054688,34.94022750854492,332.86114501953125,135.58901977539062,69.47443389892578,107.57427215576172,31.596899032592773,192.65696716308597
2024-01-25,112.92767333984376,21.36256599426269,411.11370849609375,35.18523406982422,336.4076843261719,137.2810821533203,67.41426849365234,109.205810546875,31.989707946777344,195.2499084472656
2024-01-26,112.57416534423828,21.12222671508789,410.0359802246094,35.17648696899414,340.5580444335937,137.52145385742188,68.36007690429688,108.77851104736328,32.02802658081055,194.517333984375
2024-01-29,111.70018768310548,21.00205421447754,408.2237854003906,35.46524810791016,340.9414367675781,137.348388671875,68.80957794189453,110.17694854736328,32.200477600097656,195.72222900390625
2024-01-30,112.10279846191406,21.03903007507324,411.72412109375,35.403995513916016,342.2832946777344,137.55030822753906,69.15603637695312,110.2061004638672,33.33099365234375,198.4693603515625
2024-01-31,109.6871337890625,20.86339569091797,409.55908203125,35.10648727416992,338.31512451171875,135.5986328125,69.64300537109375,109.88561248779295,32.58370590209961,194.96072387695312
2024-02-01,113.4481201171875,21.491981506347656,409.9024658203125,36.50654983520508,345.1300964355469,136.04086303710938,69.22159576416016,111.18695068359376,32.14299392700195,190.18934631347656
2024-02-02,113.70343780517578,20.9281063079834,406.278076171875,36.191532135009766,342.4079284667969,134.68527221679688,68.44435119628906,108.87561798095705,32.066341400146484,189.03268432617188
2024-02-05,114.2926254272461,20.484397888183597,402.2054443359375,35.456504821777344,340.4046325683594,132.26251220703125,67.8356704711914,108.42888641357422,31.606483459472656,186.04454040527344
2024-02-06,113.22227478027344,21.36256599426269,407.2127990722656,35.52649688720703,341.46856689453125,134.49298095703125,69.07176971435547,110.7110824584961,31.654380798339844,186.6518096923828
2024-02-07,115.15676879882812,21.085248947143555,410.2171630859375,35.22898864746094,347.64141845703125,133.99302673339844,71.21621704101562,110.0409927368164,31.78850746154785,187.09521484375
2024-02-08,114.57740020751952,20.83566665649414,407.260498046875,35.080230712890625,348.62860107421875,133.28158569335938,70.30786895751953,109.18639373779295,31.73102569580078,186.47830200195312
2024-02-09,114.53811645507812,20.558349609375,406.7835693359375,35.09773254394531,348.082275390625,134.19496154785156,71.46904754638672,108.58426666259766,31.68312263488769,187.8085021972656
2024-02-12,113.7525405883789,20.918859481811523,408.281005859375,35.482749938964844,350.2868957519531,135.4640350341797,72.37740325927734,109.28348541259766,32.21005630493164,190.22792053222656
2024-02-13,111.63146209716795,19.920522689819336,406.8026428222656,35.20273971557617,342.7530212402344,133.38735961914062,71.72189331054688,108.12781524658205,31.376543045043945,187.0084381103516
2024-02-14,112.20101165771484,19.91128158569336,398.8577270507813,35.35149383544922,343.3664855957031,134.6948699951172,71.55333709716797,108.82705688476562,31.7406063079834,187.83743286132807
2024-02-15,110.7476806640625,20.604570388793945,403.5598449707031,35.15024185180664,346.09820556640625,137.5635986328125,71.73126220703125,110.36146545410156,32.64118576049805,190.8062744140625
2024-02-16,109.30416107177734,20.54847717285156,404.4659423828125,35.15898895263672,347.3155212402344,137.0709991455078,72.19947814941406,110.7208023071289,32.66034698486328,190.05441284179688
2024-02-20,106.4957046508789,20.85698509216309,404.65667724609375,35.22024154663086,347.5263977050781,136.34657287597656,71.4596939086914,113.27491760253906,32.53580093383789,191.7605438232422
2024-02-21,106.21092987060548,20.333457946777344,407.7850646972656,35.412750244140625,349.0216369628906,137.78575134277344,72.24629211425781,114.4694366455078,32.28670120239258,192.3292236328125
2024-02-22,109.0095672607422,20.165178298950195,409.0630493164063,35.78901290893555,355.9324645996094,138.49085998535156,72.19947814941406,115.58625793457033,32.200477600097656,193.5630340576172
2024-02-23,109.93262481689452,20.314760208129883,411.1900024414063,35.990272521972656,356.5267639160156,139.44711303710938,72.2931137084961,116.01356506347656,32.49747467041016,193.3895721435547
2024-02-26,108.97029113769533,19.622955322265625,409.3396606445313,35.62275695800781,356.18170166015625,137.486328125,71.57205963134766,115.26578521728516,32.200477600097656,192.0015411376953
2024-02-27,109.37289428710938,20.221271514892575,410.5318603515625,35.78901290893555,359.9773864746094,136.10511779785156,71.42223358154297,115.95529174804688,32.84238052368164,191.0279541015625
2024-02-28,109.66749572753906,19.781883239746094,412.4871520996094,35.867767333984375,361.9422912597656,135.68975830078125,70.41088104248047,116.5865478515625,32.871124267578125,190.44000244140625
2024-02-29,109.66749572753906,19.87537002563477,411.4399108886719,35.79776763916016,364.8178405761719,136.77159118652344,69.64300537109375,115.21721649169922,33.3052864074707,192.61099243164065
2024-03-01,111.72966003417967,20.090391159057617,409.7297058105469,35.7540168762207,368.49853515625,134.7624969482422,69.14667510986328,115.1977996826172,33.14126968383789,192.55284118652344
2024-03-04,112.00460815429688,19.23965835571289,414.9947204589844,34.765220642089844,364.58782958984375,134.4727325439453,69.19351196289062,116.57684326171876,33.913116455078125,193.1053009033203
2024-03-05,108.94083404541016,19.64165306091309,415.0331726074219,34.948978424072266,362.7474365234375,134.05738830566406,69.02495574951172,115.06183624267578,34.14467239379883,191.2735137939453
2024-03-06,110.24685668945312,19.52946662902832,416.474365234375,36.270286560058594,363.9431457519531,135.34205627441406,69.61490631103516,115.89703369140624,34.17361831665039,194.32650756835935
2024-03-07,112.47595977783205,19.57621192932129,413.1212463378906,36.3577880859375,363.0849609375,136.09542846679688,69.57746124267578,117.4314422607422,34.37622833251953,196.3715362548828
2024-03-08,110.39415740966795,19.781883239746094,415.9170837402344,36.63779830932617,359.9993896484375,135.93124389648438,70.29850006103516,117.47029113769533,34.3472785949707,194.5688018798828
2024-03-11,112.07333374023438,20.137136459350582,417.6944885253906,37.34658050537109,358.2347717285156,137.64088439941406,71.11321258544922,116.7225112915039,34.62708282470703,194.12298583984372
2024-03-12,125.24169921875,19.894067764282227,417.8482360839844,37.67034149169922,361.1468811035156,136.49147033691406,70.42960357666016,117.27606964111328,34.69461441040039,192.9986724853516
2024-03-13,123.25811004638672,19.679044723510746,417.5504455566406,37.93285369873047,365.4377136230469,137.04202270507812,70.30786895751953,116.69337463378906,34.810394287109375,193.5802001953125
2024-03-14,123.26790618896484,19.27705192565918,418.6744689941406,38.74664306640625,361.8507690429688,134.22158813476562,71.56269836425781,115.42115783691406,34.434112548828125,190.30430603027344
2024-03-15,123.2777328491211,19.46402740478516,418.7225341796875,38.38787078857422,359.8836975097656,133.1591033935547,72.48040771484375,112.15808868408205,34.16396713256836,191.60302734375
2024-03-18,125.49701690673828,19.342493057250977,416.2052917480469,38.947898864746094,358.6108703613281,134.3278350830078,72.63961029052734,109.19609832763672,34.74285888671875,190.70162963867188
2024-03-19,126.86196899414062,19.361188888549805,420.0387878417969,39.05290603637695,365.8426818847656,136.77159118652344,73.09846496582031,109.89533233642578,34.762149810791016,192.91143798828125
2024-03-20,126.9110870361328,19.716442108154297,423.1324768066406,39.19290542602539,370.6639099121094,137.40907287597656,73.9599838256836,108.28321075439452,35.456817626953125,194.98558044433597
2024-03-21,126.6851806640625,19.445327758789062,425.7745666503906,39.33291244506836,381.068115234375,138.71302795410156,73.29511260986328,108.29293823242188,36.19007110595703,195.17942810058597
2024-03-22,125.48719024658205,19.23965835571289,428.3879089355469,38.44731903076172,376.3240051269531,137.69882202148438,73.49176025390625,107.38004302978516,35.74625778198242,194.5494079589844
2024-03-25,123.8080062866211,19.286401748657227,428.8009338378906,38.69778823852539,369.7961120605469,136.3369140625,73.9599838256836,106.8362045288086,35.56294631958008,192.36871337890625
2024-03-26,124.19097137451172,19.174217224121094,428.4935302734375,38.57255172729492,366.3440856933594,136.98406982421875,74.27838134765625,108.28321075439452,35.78485107421875,194.8111114501953
2024-03-27,123.01260375976562,19.6510009765625,438.8602294921875,39.05560302734375,372.0910339355469,139.61131286621094,74.38138580322266,110.2061004638672,36.47951889038086,198.81393432617188
2024-03-28,123.34647369384766,20.277362823486328,437.0252075195313,39.01982498168945,369.88287353515625,139.9590606689453,74.6904067993164,110.3809051513672,36.58564376831055,198.9302520751953
2024-04-01,123.21881103515624,18.267391204833984,435.02679443359375,38.66201019287109,354.86962890625,138.49085998535156,74.50311279296875,108.85618591308594,36.1997184753418,195.7900238037109
2024-04-02,122.09934997558594,17.50079345703125,435.4591369628906,38.40259552001953,350.0194702148437,136.82952880859375,69.12796020507812,108.78821563720705,35.98746109008789,194.0648193359375
2024-04-03,123.9651107788086,17.295124053955078,430.3286437988281,37.678016662597656,347.03033447265625,136.8971405029297,69.85838317871094,108.0695571899414,36.12253189086914,191.87440490722656
2024-04-04,121.95205688476562,17.743860244750977,436.2277526855469,37.15023040771485,344.8897705078125,135.0039825439453,69.20287322998047,106.93331909179688,35.62083435058594,190.01351928710935
2024-04-05,122.64927673339844,17.884092330932617,437.5151977539063,37.25758743286133,345.07293701171875,134.29885864257812,69.83965301513672,107.99186706542967,35.80414581298828,191.07965087890625
2024-04-08,122.1091766357422,17.912139892578125,434.63287353515625,37.53489303588867,349.1034545898437,135.13919067382812,69.70855712890625,107.33148193359376,36.180419921875,191.6708831787109
2024-04-09,121.3998794555664,17.930835723876953,430.0115966796875,37.669071197509766,348.4960632324219,137.35110473632812,68.69719696044922,109.19609832763672,36.4023323059082,192.3008575439453
2024-04-10,119.94185638427734,16.846385955810547,433.9891662597656,37.28442001342773,338.0243530273437,133.0335235595703,66.62767028808594,107.96273040771484,35.36033630371094,189.62582397460935
2024-04-11,121.40972137451172,16.902477264404297,434.5752258300781,37.0607795715332,334.9483947753906,132.90798950195312,65.30728149414062,108.23464965820312,35.070892333984375,190.80825805664065
2024-04-12,119.31136322021484,16.68745994567871,432.73052978515625,36.72085952758789,330.6093139648437,129.84605407714844,64.27719116210938,106.4876708984375,34.530601501464844,190.12013244628903
2024-04-15,118.09962463378906,16.5004825592041,435.3053588867188,36.63140106201172,325.845947265625,130.4159393310547,64.57686614990234,106.27296447753906,34.684967041015625,188.06539916992188
2024-04-16,118.8286361694336,16.491132736206055,436.4871520996094,36.45249176025391,322.8568115234375,128.95742797851562,64.64241790771484,106.58527374267578,33.45965576171875,184.8476409912109
2024-04-17,116.90760040283205,16.48178482055664,438.1589050292969,36.765586853027344,320.9283142089844,130.35800170898438,64.23973846435547,103.35482788085938,33.99029922485352,184.49871826171875
2024-04-18,114.27725219726562,16.44439125061035,438.19732666015625,36.94449234008789,320.9862365722656,130.5028839111328,64.97953033447266,102.7399673461914,34.51129531860352,185.19656372070312
2024-04-19,113.1738739013672,17.05205726623535,445.6720886230469,37.651180267333984,323.3678894042969,126.43643951416016,65.94866943359375,104.70166015625,35.66907501220703,188.27862548828125
2024-04-22,112.82908630371094,17.03335952758789,443.2317504882813,38.08055877685547,324.091064453125,126.68757629394533,65.835205078125,104.49671173095705,36.4023323059082,189.55799865722656
2024-04-23,113.38075256347656,16.874431610107422,442.0307922363281,38.34891891479492,326.8777160644531,125.9824447631836,64.76679992675781,105.00421142578124,37.019805908203125,190.12013244628903
2024-04-24,113.62704467773438,16.650062561035156,441.127685546875,38.39364242553711,321.1019287109375,126.06939697265624,64.07657623291016,104.32102966308594,36.97157669067383,188.79232788085935
2024-04-25,113.1837387084961,16.4537410736084,446.54638671875,38.9482650756836,320.1087341308594,124.82337188720705,63.660552978515625,104.291748046875,36.57599639892578,187.07681274414065
2024-04-26,115.46926879882812,16.54722785949707,443.1933288574219,38.80513381958008,323.1075439453125,125.7216567993164,63.51873016357422,104.9456558227539,36.49881362915039,187.49359130859372
2024-04-29,114.7599639892578,16.846385955810547,449.2077331542969,39.19873046875,324.75634765625,126.28189086914062,63.77400970458984,104.69189453125,36.228660583496094,187.80372619628903
2024-04-30,112.06066131591795,16.575273513793945,446.6905212402344,39.18978500366211,322.26861572265625,124.60122680664062,64.01984405517578,103.4231414794922,35.707664489746094,186.79574584960935
2024-05-01,112.92759704589844,16.210674285888672,443.6160583496094,39.19873046875,320.0990905761719,126.4847183227539,53.24114227294922,103.7354507446289,35.649776458740234,189.2866058349609
2024-05-02,113.25270080566406,16.3882999420166,445.0284118652344,39.34185791015625,323.5317687988281,127.74039459228516,52.14436340332031,103.37433624267578,35.58224105834961,187.677734375
2024-05-03,114.0802230834961,16.650062561035156,443.7890319824219,38.99299240112305,330.5899963378906,128.38754272460938,52.85348510742188,103.35482788085938,35.93922424316406,189.7808990478516
2024-05-06,116.5824966430664,16.135883331298828,444.6249084472656,38.90353775024414,330.0500793457031,128.5034637451172,52.91967010498047,103.10107421875,36.36373519897461,188.9958648681641
2024-05-07,116.17857360839844,16.220022201538086,448.3718872070313,39.22557067871094,328.5072631835937,129.63357543945312,52.70221328735352,103.61833190917967,36.50845718383789,190.7888946533203
2024-05-08,115.64661407470705,16.10783576965332,447.8722534179688,39.6191635131836,326.7137756347656,128.88015747070312,51.917442321777344,102.41790771484376,36.38302993774414,191.95193481445312
2024-05-09,114.90774536132812,16.126535415649414,450.0148010253906,39.994873046875,335.015869140625,130.404052734375,52.64547729492188,102.15438079833984,36.93297576904297,194.4525146484375
2024-05-10,114.9373016357422,16.07044219970703,450.4855651855469,40.16484069824219,334.0419921875,131.3552703857422,52.77785110473633,102.22270965576172,37.09699249267578,196.67198181152344
2024-05-13,114.6417465209961,16.93987464904785,452.09967041015625,40.29007339477539,328.76763916015625,131.7532196044922,53.392425537109375,102.25198364257812,36.86543655395508,197.52490234375
2024-05-14,119.0749282836914,17.15489387512207,448.8522338867188,40.70155715942383,328.32403564453125,131.40379333496094,52.94803237915039,101.51025390625,37.135589599609375,196.95306396484372
2024-05-15,119.82363891601562,16.724851608276367,445.8738403320313,41.0146484375,336.201904296875,131.0737762451172,53.19386291503906,102.07630920410156,37.540809631347656,198.7460784912109
2024-05-16,120.34577178955078,17.145544052124023,446.5944519042969,41.104103088378906,330.4743347167969,130.82144165039062,54.385196685791016,102.34957885742188,37.83989715576172,201.318359375
2024-05-17,121.66586303710938,16.9959659576416,447.9107360839844,41.22039031982422,331.9013977050781,130.49142456054688,54.53647994995117,101.58831787109376,37.90744018554688,200.6850433349609
2024-05-20,122.67071533203124,16.891695022583008,448.7561645507813,41.05937957763672,325.7399597167969,129.8411102294922,54.27174377441406,100.72947692871094,37.45397567749024,199.36965942382807
2024-05-21,122.7790756225586,15.81108283996582,449.93792724609375,41.44402694702149,324.1296081542969,129.80226135253906,54.19609451293945,100.48548889160156,38.25476837158203,198.2881622314453
2024-05-22,122.74952697753906,15.612020492553713,451.2830200195313,41.4350814819336,318.7684326171875,130.74375915527344,54.30955505371094,102.30078125,38.36089324951172,197.5963897705078
2024-05-23,122.2470932006836,15.119111061096191,448.7561645507813,40.82680130004883,315.2007751464844,127.17186737060548,52.61711502075195,101.72496032714844,37.79165267944336,194.2738800048828
2024-05-24,121.08463287353516,15.19494342803955,449.0155944824219,40.6926155090332,313.4747619628906,127.56009674072266,52.51310348510742,101.45169830322266,38.303009033203125,194.5661773681641
2024-05-28,122.64115142822266,14.57880401611328,440.4935607910156,40.68367385864258,316.9460754394531,125.79356384277344,50.70720291137695,99.499755859375,37.93637847900391,194.0692443847656
2024-05-29,121.9022979736328,14.11432933807373,434.9595336914063,40.38846969604492,314.2557983398437,123.41551971435548,50.74501800537109,98.30908203125,37.35749435424805,192.01341247558597
2024-05-30,115.35104370117188,14.58828353881836,442.8570861816406,40.64788436889648,319.6154479980469,125.3276596069336,52.98585891723633,99.2947998046875,37.27066040039063,195.7548675537109
2024-05-31,115.4495849609375,15.375044822692873,451.8882751464844,41.37246322631836,325.1400756835937,127.55040740966795,56.351837158203125,99.7339859008789,38.58280563354492,197.0020294189453
2024-06-03,117.50853729248048,15.090672492980955,452.284912109375,41.64082717895508,318.4794006347656,127.79306030273438,56.928592681884766,100.39764404296876,38.476680755615234,197.2650909423828
2024-06-04,118.28679656982422,15.270776748657228,453.53265380859375,41.89129638671875,318.72216796875,127.81246948242188,56.975868225097656,100.9441909790039,38.28371047973633,201.9126892089844
2024-06-05,120.80878448486328,15.109631538391112,449.9925231933594,41.748165130615234,320.6640319824219,129.29754638671875,57.39189147949219,100.7490005493164,38.55385971069336,203.90036010742188
2024-06-06,121.66586303710938,15.033798217773438,453.271484375,41.76606750488281,321.47967529296875,126.78359985351562,57.61880874633789,101.76399230957033,38.303009033203125,203.1013946533203
2024-06-07,124.0499267578125,15.014841079711914,454.7319946289063,41.77500915527344,317.5278625488281,124.63851928710938,58.41303253173828,104.99444580078124,38.61362457275391,203.42291259765625
2024-06-10,122.65100860595705,15.109631538391112,452.1494140625,41.58715438842773,322.897216796875,124.68704986572266,56.994773864746094,104.9066162109375,38.50685119628906,205.3326568603516
2024-06-11,122.04022216796876,15.100152969360352,447.6420593261719,41.50664520263672,325.96539306640625,125.76445770263672,56.73004150390625,103.26699829101562,37.72060394287109,204.10498046875
2024-06-12,138.29518127441406,14.73046875,444.0729064941406,41.03253936767578,334.1407775878906,126.57978057861328,56.72058868408203,101.8713607788086,38.25447463989258,203.15011596679688
2024-06-13,137.77304077148438,14.645156860351562,443.54095458984375,40.92519378662109,337.7720947265625,125.97797393798828,57.70391082763672,100.96369934082033,38.1088752746582,203.2767791748047
2024-06-14,136.07859802246094,14.739948272705078,443.32818603515625,40.51383972167969,336.76226806640625,123.58052825927734,56.93804931640625,101.18819427490234,38.08945846557617,203.17935180664065
2024-06-17,139.2113494873047,14.360784530639648,443.9762268066406,40.861209869384766,339.34503173828125,124.50263214111328,57.76063919067383,100.96369934082033,38.351539611816406,206.51158142089844
2024-06-18,142.49191284179688,15.270776748657228,444.9337768554688,40.95261764526367,343.5880126953125,124.10466766357422,57.68499755859375,101.49073028564452,38.81747055053711,207.40798950195312
2024-06-20,140.78759765625,15.043277740478516,451.0661315917969,41.52851486206055,343.1705322265625,124.68704986572266,57.675537109375,104.00871276855467,38.81747055053711,208.6453857421875
2024-06-21,139.39854431152344,15.138069152832031,452.284912109375,41.811893463134766,345.4619140625,124.81322479248048,58.02537536621094,103.1791534423828,38.332130432128906,209.57102966308597
2024-06-24,137.8124542236328,15.081193923950195,456.0668029785156,42.46091842651367,340.6849060058594,124.38614654541016,58.36575698852539,102.76924896240234,38.846588134765625,210.3504943847656
2024-06-25,137.1031494140625,14.88213348388672,452.739501953125,42.43349075317383,328.4898376464844,121.54219818115234,57.14605712890625,102.95467376708984,38.22535705566406,208.9474334716797
2024-06-26,136.17710876464844,14.844218254089355,451.6948547363281,42.3786506652832,331.8881530761719,121.57132720947266,57.3257064819336,102.35933685302734,37.85649490356445,207.9535980224609
2024-06-27,138.09814453125,11.554981231689451,451.8302307128906,41.555938720703125,331.5677490234375,121.23160552978516,55.179420471191406,102.13487243652344,38.09917068481445,208.87924194335935
2024-06-28,139.1029815673828,11.464930534362791,451.80126953125,41.63821029663086,334.2378234863281,122.1925277709961,55.841270446777344,101.41265869140624,38.60391998291016,208.060791015625
2024-07-01,140.96493530273438,10.97675895690918,451.1628723144531,42.07698822021485,326.4217529296875,120.33863067626952,54.98086166381836,100.71971130371094,38.83687973022461,205.5372467041016
2024-07-02,141.152099609375,10.967279434204102,450.4471130371094,42.09526824951172,325.2372131347656,121.21219635009766,54.385196685791016,100.71971130371094,39.72991180419922,207.75872802734372
2024-07-03,142.2357940673828,10.521763801574709,450.7662658691406,42.00386047363281,323.9458312988281,121.2024917602539,53.60988998413086,99.8706283569336,39.70079040527344,207.00851440429688
2024-07-05,142.67909240722656,10.673429489135742,447.0230712890625,42.14097595214844,324.8585205078125,121.55191802978516,53.53424072265625,101.52000427246094,39.22515487670898,206.79417419433597
2024-07-08,142.8760986328125,10.256348609924316,446.63616943359375,42.06784439086914,329.732666015625,123.2699203491211,53.78953170776367,99.66567993164062,39.428993225097656,206.19981384277344
2024-07-09,138.59071350097656,10.227911949157717,445.2239074707031,42.689449310302734,327.29559326171875,121.58103942871094,54.47974395751953,99.19721221923828,40.20553970336914,205.1962432861328
2024-07-10,139.9600830078125,10.673429489135742,445.9107055664063,42.89970016479492,334.1795654296875,122.9205093383789,54.394649505615234,100.57332611083984,40.51615905761719,208.9864044189453
2024-07-11,141.0369110107422,10.834572792053224,445.3013610839844,43.03681564331055,343.5103759765625,125.90033721923828,55.03759002685547,101.67616271972656,40.584110260009766,209.33718872070312
2024-07-12,143.0226593017578,10.900925636291504,448.5416259765625,43.6309928894043,349.31658935546875,126.78359985351562,55.78454208374024,101.71520233154295,40.37055587768555,209.5904998779297
2024-07-15,141.34320068359375,11.09050750732422,448.6867065429688,43.62185287475586,348.04461669921875,127.03598022460938,55.4725227355957,101.01858520507812,40.66176223754883,210.18487548828125
2024-07-16,140.8887176513672,11.11894416809082,453.2327575683594,43.90523147583008,358.3949279785156,129.31695556640625,56.78677368164063,100.78311920166016,42.836082458496094,212.86428833007807
2024-07-17,137.57916259765625,11.232693672180176,460.47747802734375,45.148433685302734,361.08447265625,129.8313751220703,58.24283981323242,102.7061538696289,42.69047927856445,214.5596618652344
2024-07-18,136.36399841308594,10.768218994140623,460.4097595214844,45.09358978271485,355.4432373046875,127.84161376953124,56.64494323730469,98.1830825805664,41.74892044067383,212.0848388671875
2024-07-19,136.8876190185547,10.43645191192627,459.3651123046875,45.20328140258789,352.8022766113281,124.27937316894533,56.3234748840332,100.10611724853516,41.64215087890625,209.10336303710935
2024-07-22,138.47817993164062,10.711344718933104,459.0458984375,45.15757751464844,352.69549560546875,124.59968566894533,55.77367782592773,101.7642593383789,41.05973815917969,211.4027862548828
2024-07-23,141.38270568847656,10.644990921020508,484.8714294433594,44.9016227722168,349.17095947265625,122.99815368652344,55.42945098876953,101.96048736572266,41.16651153564453,211.80227661132807
2024-07-24,137.0950927734375,10.578638076782228,498.3258666992188,45.17585754394531,340.1314392089844,121.56160736083984,55.97447204589844,105.2375030517578,40.95296096801758,208.1679534912109
2024-07-25,136.15655517578125,10.910405158996582,504.3228454589844,45.523223876953125,343.02490234375,122.2410659790039,56.07965469360352,103.96202087402344,40.457916259765625,197.2553558349609
2024-07-26,137.33216857910156,11.204256057739258,507.61138916015625,46.09912109375,349.06414794921875,123.80377197265624,58.32666015625,103.2555923461914,40.44820785522461,197.5379180908203
2024-07-29,136.64064025878906,11.318004608154297,510.3583679199219,46.190528869628906,351.1614074707031,123.98818969726562,58.87167739868164,102.79444885253906,39.885215759277344,196.2322998046875
2024-07-30,134.03250122070312,11.526544570922852,520.0502319335938,46.20881652832031,353.1227111816406,123.4737548828125,60.4111213684082,103.33409118652344,40.06964492797852,197.4404754638672
2024-07-31,137.76686096191406,11.251651763916016,524.170654296875,44.80106735229492,357.4628295898437,123.2505111694336,57.68602752685547,103.94239044189452,39.12808609008789,199.496337890625
2024-08-01,135.85028076171875,11.194777488708496,530.8833618164062,45.72433090209961,348.1611328125,122.1828155517578,57.399169921875,108.0730209350586,38.34183883666992,199.3306884765625
2024-08-02,131.6713409423828,10.881967544555664,530.79638671875,46.68415451049805,345.1026916503906,119.83389282226562,56.72028732299805,109.21114349365234,36.47813415527344,198.46353149414065
2024-08-05,126.31676483154295,10.161559104919434,527.5173950195312,45.11186599731445,339.8401794433594,115.88343811035156,55.27646255493164,106.5816650390625,35.575401306152344,194.58566284179688
2024-08-06,126.66253662109376,10.341660499572754,523.8224487304688,45.2307014465332,343.6268615722656,115.56311798095705,55.78323745727539,107.4352798461914,35.837486267089844,193.6989898681641
2024-08-07,124.38040924072266,10.218433380126951,530.5448608398438,45.73347091674805,332.4512939453125,114.8448715209961,53.99519348144531,107.86698150634766,36.20634078979492,192.84158325195312
2024-08-08,127.40348815917967,10.294265747070312,533.5530395507812,46.11740112304688,338.2186889648437,115.72814178466795,55.3147087097168,107.69036865234376,37.08965301513672,194.69284057617188
2024-08-09,130.466064453125,10.123642921447754,533.5142822265625,46.09912109375,338.5100402832031,115.73784637451172,54.60714340209961,106.66016387939452,37.15760803222656,193.1436309814453
2024-08-12,130.9797821044922,9.668646812438965,538.6697387695312,45.98942947387695,335.7622375488281,115.58164978027344,53.36411666870117,105.767333984375,37.05082702636719,191.74057006835935
2024-08-13,132.63951110839844,10.009894371032717,541.0975341796875,46.72072219848633,339.8984375,116.4211883544922,53.373680114746094,106.19902801513672,37.33232498168945,191.6821136474609
2024-08-14,133.96334838867188,9.886666297912598,544.7730102539062,46.79384613037109,345.3260192871094,117.01666259765624,53.536224365234375,107.8179168701172,37.67207336425781,192.5298309326172
2024-08-15,135.2772674560547,10.256348609924316,541.93896484375,46.38249588012695,349.6078796386719,119.16429138183594,55.03742218017578,108.8481216430664,37.88561630249024,193.3677520751953
2024-08-16,135.81077575683594,10.351140022277832,541.7842407226562,46.91268539428711,351.5400695800781,119.48643493652344,55.79279708862305,108.906982421875,38.18652725219727,194.4649658203125
2024-08-19,136.25534057617188,10.28478717803955,540.1012573242188,46.91268539428711,352.520751953125,120.31620025634766,56.22307586669922,109.7900161743164,38.50685119628906,194.99400329589844
2024-08-20,137.49026489257812,10.171037673950195,538.7664794921875,47.02238082885742,356.59869384765625,120.07215881347656,56.318695068359375,108.68132019042967,37.55558776855469,196.0030517578125
2024-08-21,138.5078125,10.083691596984863,535.6229248046875,47.36061096191406,359.69598388671875,121.97573852539062,55.76411056518555,109.28963470458984,37.61382293701172,197.3256072998047
2024-08-22,136.4134063720703,9.734304428100586,538.7858276367188,47.3788948059082,354.7441711425781,122.18074035644533,55.20953369140625,109.98624420166016,38.08945846557617,196.07164001464844
2024-08-23,137.510009765625,9.996344566345217,536.8319702148438,47.936500549316406,364.6769409179688,123.51812744140624,56.175270080566406,110.56512451171876,38.60391998291016,198.3640594482422
2024-08-26,137.22349548339844,10.073986053466797,539.82080078125,48.18331527709961,363.2398986816406,123.87931823730467,56.12746047973633,110.5749282836914,38.7495231628418,199.70620727539065
2024-08-27,136.80859375,9.17140293121338,542.0549926757812,48.45755386352539,362.3369445800781,124.08432006835938,54.94179916381836,110.96739196777344,38.50685119628906,201.92027282714844
2024-08-28,136.21580505371094,9.103466987609863,545.5081176757812,48.64952087402344,361.8612365722656,124.60169982910156,54.7314453125,110.77116394042967,38.77864074707031,200.8328399658203
2024-08-29,137.7372283935547,8.977299690246582,548.2840576171875,48.77749252319336,358.5594787597656,125.77313995361328,54.47327423095703,110.63379669189452,38.99219131469727,203.29180908203125
2024-08-30,139.58462524414062,8.977299690246582,549.4932250976562,49.15228271484375,359.96612548828125,126.64195251464844,54.7314453125,111.1341781616211,39.5551872253418,203.6836853027344
2024-09-03,137.81625366210938,8.705554962158203,551.7011108398438,49.42652130126953,356.2931823730469,124.90432739257812,54.86531066894531,112.49797058105467,39.506649017333984,200.69569396972656
2024-09-04,139.05116271972656,8.394988059997559,559.0542602539062,50.01155853271485,356.2248229980469,123.65479278564452,56.70116424560547,112.24288177490234,39.31251525878906,201.3618621826172
2024-09-05,140.8887176513672,8.482335090637207,553.0336303710938,49.60934448242188,353.4701232910156,122.29788208007812,55.52507019042969,110.96739196777344,38.96306610107422,198.85389709472656
2024-09-06,140.09837341308594,8.51145076751709,551.1272583007812,49.07915115356445,351.7117919921875,121.8097915649414,55.21909713745117,111.71305847167967,37.86882019042969,194.1024932861328
2024-09-09,138.2015380859375,8.647323608398438,560.7952270507812,49.48136901855469,357.0551147460937,123.13741302490234,53.99519348144531,114.2345962524414,38.5625,197.07090759277344
2024-09-10,154.00845336914062,8.618207931518555,556.53515625,49.435665130615234,362.28125,122.8933563232422,54.4445915222168,114.90177154541016,38.37686538696289,196.86517333984372
2024-09-11,155.28286743164062,8.482335090637207,551.4482421875,48.60380935668945,361.9100341796875,122.5126495361328,53.650970458984375,114.4013900756836,38.103302001953125,199.892333984375
2024-09-12,159.43218994140625,8.579386711120605,552.722412109375,48.11932373046875,365.7587585449219,122.5028839111328,55.008731842041016,114.62705993652344,37.88836288452149,200.50955200195312
2024-09-13,160.07432556152344,8.93847942352295,554.3174438476562,48.41184616088867,371.1900329589844,123.9574203491211,55.43901062011719,114.20516204833984,37.7613525390625,200.00010681152344
2024-09-16,168.27415466308594,8.754080772399902,557.2451171875,48.18815231323242,373.1632690429688,124.308837890625,55.811920166015625,115.41197204589844,38.20100402832031,200.5193328857422
2024-09-17,165.44866943359375,8.792901992797852,551.4968872070312,47.06966018676758,374.3647766113281,124.42599487304688,55.29559326171875,115.9025421142578,38.640655517578125,200.0882873535156
2024-09-18,162.54415893554688,8.744375228881836,550.0184326171875,47.19083404541016,375.116943359375,124.42599487304688,55.8597297668457,112.71382904052734,38.70904922485352,197.5411376953125
2024-09-19,165.5672149658203,8.715259552001953,549.7169799804688,46.8180046081543,381.3003234863281,126.15386199951172,55.84061050415039,111.99758911132812,39.9303092956543,199.5592498779297
2024-09-20,165.9722900390625,8.453219413757324,556.2725219726562,46.967132568359375,380.8314514160156,123.48884582519533,54.98960876464844,111.55606842041016,39.3441047668457,199.2163848876953
2024-09-23,163.947021484375,8.307641983032227,564.6275024414062,47.554344177246094,382.8828430175781,124.2697982788086,55.04698181152344,112.64513397216795,38.95330047607422,199.6278533935547
2024-09-24,163.798828125,8.278526306152344,562.7989501953125,47.71279144287109,391.3813781738281,125.2655258178711,55.534629821777344,111.2028579711914,38.5429573059082,201.0973358154297
2024-09-25,164.2730255126953,8.006780624389648,562.1278686523438,47.57298278808594,387.73773193359375,124.79694366455078,56.07008361816406,110.48663330078124,38.34755325317383,202.5766448974609
2024-09-26,166.07107543945312,8.268821716308594,561.6026000976562,47.61958312988281,387.5130920410156,131.34722900390625,56.42387390136719,110.60436248779295,38.6113510131836,202.82156372070312
2024-09-27,166.70333862304688,8.792901992797852,566.4268798828125,47.58230209350586,390.2774963378906,131.35699462890625,58.69001007080078,110.31002044677734,38.49411010742188,203.40939331054688
2024-09-30,168.34332275390625,8.695849418640137,568.5667114257812,47.57298278808594,395.8162231445313,129.30699157714844,60.124271392822266,111.8602294921875,38.767669677734375,202.50808715820312
2024-10-01,165.14239501953125,8.443513870239258,589.283935546875,47.47045135498047,399.5770568847656,127.62792205810548,58.842994689941406,111.41871643066406,38.31824493408203,201.881103515625
2024-10-02,165.685791015625,8.443513870239258,586.6967163085938,47.15354537963867,401.7358703613281,127.56934356689452,59.5123176574707,111.49720001220705,38.3280143737793,199.7356109619141
2024-10-03,164.8460235595703,8.414399147033691,589.2450561523438,46.58498001098633,402.0484313964844,124.79694366455078,60.16251754760742,110.1137924194336,38.34755325317383,198.7559509277344
2024-10-04,168.79776000976562,8.46292495727539,588.573974609375,46.69683074951172,398.9030151367188,125.50958251953124,61.75932312011719,110.5160675048828,39.187782287597656,199.6376190185547
2024-10-07,167.9185028076172,8.608502388000488,588.97265625,46.52906036376953,398.6099853515625,125.6852798461914,62.390403747558594,111.22248840332033,39.04123306274414,199.19679260253903
2024-10-08,172.26539611816406,8.812311172485352,591.4140014648438,46.1841926574707,404.5882263183594,124.20147705078124,63.01191329956055,112.46853637695312,39.01192474365234,202.7921905517578
2024-10-09,176.1380615234375,8.647323608398438,588.554443359375,46.8180046081543,406.4344787597656,124.4064712524414,63.0788459777832,113.76364135742188,39.26594161987305,209.35598754882807
2024-10-10,173.68251037597656,8.763785362243652,581.1429443359375,46.305362701416016,400.4659729003906,124.31861114501952,63.9202880859375,113.43987274169922,39.05099868774414,209.25802612304688
2024-10-11,174.0389404296875,8.93847942352295,587.64013671875,46.45449447631836,402.3610534667969,125.19718933105467,63.70991897583008,113.9304428100586,40.985477447509766,211.5994415283203
2024-10-14,174.385498046875,8.73466968536377,594.1569213867188,46.47313690185547,405.799560546875,125.44123840332033,64.50354766845703,115.03913116455078,40.94639587402344,213.1767120361328
2024-10-15,172.37548828125,10.112807273864746,588.4474487304688,46.51042175292969,405.955810546875,126.7786102294922,62.1513557434082,114.3983917236328,41.17111206054688,212.8534240722656
2024-10-16,173.04881286621094,10.743643760681152,596.063232421875,46.75275421142578,408.9156494140625,127.25695037841795,62.17048263549805,116.1431884765625,41.81593704223633,214.5090789794922
2024-10-17,173.9498291015625,10.345730781555176,592.9411010742188,46.361289978027344,405.9753723144531,128.23316955566406,60.87964630126953,116.2122039794922,41.62053298950195,215.08706665039065
2024-10-18,172.9696044921875,10.471899032592772,595.0711669921875,46.240116119384766,405.3892822265625,127.8133773803711,57.695587158203125,117.69084930419922,41.34697341918945,217.50686645507807
2024-10-21,172.04873657226562,10.141921997070312,597.7945556640625,45.72747421264648,396.9884338378906,125.75362396240234,56.240509033203125,115.32501220703124,40.79984664916992,216.9974365234375
2024-10-22,173.58348083496094,9.443148612976074,561.1940307617188,46.659549713134766,392.5437927246094,123.58645629882812,54.96428680419922,114.46739196777344,41.327430725097656,217.8301544189453
2024-10-23,171.39524841308594,9.074352264404297,555.4749145507812,46.41720962524414,390.385009765625,123.27407836914062,54.89661407470703,115.3447265625,41.366512298583984,215.8610076904297
2024-10-24,172.6626434326172,9.06464672088623,548.7734375,46.547698974609375,393.35455322265625,124.21121978759766,54.25850677490234,114.88141632080078,41.66938400268555,204.84950256347656
2024-10-25,171.8111114501953,8.987005233764648,546.906005859375,46.33332443237305,389.6719055175781,123.44003295898438,54.6162338256836,112.59442901611328,40.926856994628906,203.77186584472656
2024-10-28,170.72193908691406,9.161698341369627,539.9807739257812,46.83664321899414,393.5597229003906,124.34789276123048,55.45737838745117,112.44656372070312,41.64007568359375,201.9104766845703
2024-10-29,171.7220001220703,9.074352264404297,531.8397827148438,46.55702209472656,385.92083740234375,123.50836944580078,54.38419342041016,111.7861099243164,41.55214309692383,201.7929229736328
2024-10-30,172.8408660888672,8.967594146728516,531.0032958984375,47.06966018676758,383.4298706054688,122.67859649658205,54.51955032348633,112.82115173339844,41.33720397949219,200.0491180419922
2024-10-31,166.18704223632812,9.181108474731444,531.1102905273438,50.76066970825195,384.6313781738281,121.54621124267578,54.58722686767578,111.75653076171876,40.85846710205078,201.4990081787109
2024-11-01,168.3455810546875,9.181108474731444,530.429443359375,50.21074295043945,383.4982299804688,121.44860076904295,53.95878601074219,116.91209411621094,40.79984664916992,204.9376678466797
2024-11-04,167.91981506347656,9.054941177368164,528.240966796875,50.22006607055664,386.4092102050781,121.88787841796876,52.8372688293457,115.97561645507812,40.37973403930664,203.3211975097656
2024-11-05,170.08824157714844,9.33639144897461,531.7911376953125,50.50900650024414,390.8245544433594,121.6828842163086,53.50437927246094,116.0544891357422,40.917091369628906,204.53599548339844
2024-11-06,179.455078125,8.95788860321045,536.7224731445312,50.60221481323242,379.37591552734375,122.76646423339844,59.566402435302734,115.1377182006836,44.36592483520508,212.0010986328125
2024-11-07,184.53456115722656,8.996710777282715,536.7418823242188,49.90316390991211,390.1896057128906,122.9812240600586,55.17699432373047,113.65906524658205,43.74064254760742,213.0787506103516
2024-11-08,187.3861846923828,8.802605628967285,549.1138916015625,50.378517150878906,396.4999694824219,122.53216552734376,53.69774627685547,114.93070220947266,44.09236145019531,215.02828979492188
2024-11-11,187.26739501953125,9.11317253112793,554.9691772460938,50.26666641235352,398.8346557617188,122.9616928100586,53.95878601074219,115.1377182006836,45.02052307128906,220.6614227294922
2024-11-12,187.7129669189453,8.744375228881836,550.4756469726562,50.74202346801758,393.7453002929688,119.49700927734376,52.23782730102539,114.7828369140625,44.80558013916016,229.15516662597656
2024-11-13,187.7624664306641,8.763785362243652,542.470703125,51.49700546264648,400.690673828125,121.1361083984375,52.469871520996094,114.0927963256836,44.81534957885742,228.33224487304688
2024-11-14,185.20785522460935,8.550271987915039,524.2435302734375,51.62749481201172,396.32415771484375,121.23426055908205,53.262672424316406,113.39289855957033,44.84466171264648,225.9810333251953
2024-11-15,181.9304656982422,8.229999542236328,520.197265625,52.13081741333008,398.7272033691406,120.26258087158205,51.42569351196289,114.25052642822266,45.67511367797852,225.43955993652344
2024-11-18,183.9008636474609,8.65999984741211,516.4331665039062,52.51296615600586,400.9348449707031,121.1361083984375,54.190826416015625,115.6897430419922,45.645809173583984,225.3017425537109
2024-11-19,187.0396423339844,8.289999961853027,518.6702880859375,52.06557083129883,397.379150390625,118.83940887451172,53.92011260986328,115.4630126953125,45.34293365478516,224.66180419921875
2024-11-20,188.8714141845703,8.239999771118164,520.0999755859375,52.17741775512695,390.7366638183594,119.0455322265625,54.9449577331543,114.28009796142578,45.00098419189453,223.155517578125
2024-11-21,190.5348663330078,8.300000190734863,527.1807861328125,52.22402191162109,400.9446411132813,120.40980529785156,55.205997467041016,115.59117126464844,45.39178466796875,222.58450317382807
2024-11-22,190.3962554931641,8.65999984741211,527.3850708007812,52.87647247314453,410.2734680175781,120.38036346435548,56.08581161499024,116.08405303955078,45.91936874389648,225.5576934814453
2024-11-25,186.13861083984372,9.0600004196167,507.611328125,52.89511489868164,418.7427062988281,123.4622573852539,58.08715438842773,116.44878387451172,46.40787124633789,227.0246124267578
2024-11-26,188.49514770507807,8.729999542236328,507.1833801269531,53.67805480957031,419.572998046875,121.0674057006836,57.052642822265625,116.2812042236328,46.652122497558594,226.82769775390625
2024-11-27,180.9007110595703,9.0600004196167,511.36572265625,53.73398208618164,419.4944458007813,121.16555786132812,57.971134185791016,117.25711059570312,46.671661376953125,226.0794677734375
2024-11-29,183.01963806152344,9.020000457763672,514.9254760742188,53.81787109375,421.3995056152344,122.06854248046876,57.86478042602539,117.07966613769533,46.41764068603516,229.31846618652344
2024-12-02,179.6234130859375,8.979999542236328,509.2782897949219,53.29590606689453,419.2685852050781,123.63892364501952,57.12032318115234,115.14756774902344,45.95845031738281,226.3846740722656
2024-12-03,181.08883666992188,8.949999809265137,506.0092468261719,53.03492736816406,421.6155395507813,123.84503936767578,57.2266731262207,114.63497161865234,45.74351119995117,223.4410400390625
2024-12-04,186.33663940429688,8.739999771118164,506.4986267089844,52.61549758911133,420.2113037109375,124.4830093383789,56.12448501586914,114.31951904296876,45.30385208129883,226.22715759277344
2024-12-05,184.4058380126953,8.470000267028809,506.47900390625,53.044246673583984,418.8561706542969,123.17761993408205,54.97396087646485,113.94493103027344,45.91936874389648,222.7814178466797
2024-12-06,189.8021697998047,8.5600004196167,502.1236877441406,53.426395416259766,423.5991516113281,123.24632263183594,53.45603561401367,113.9547882080078,45.92919158935547,222.8700408935547
2024-12-09,188.57437133789065,8.850000381469727,499.1678466796875,52.06557083129883,421.4486083984375,124.51245880126952,54.21016311645508,113.26475524902344,45.10393905639648,221.6000213623047
2024-12-10,175.9895477294922,10.420000076293944,502.0355529785156,51.720703125,414.9773254394531,123.09910583496094,53.320682525634766,113.85620880126952,44.94675064086914,225.52818298339844
2024-12-11,176.82127380371094,9.84000015258789,493.5204772949219,50.97504425048828,413.78912353515625,120.32146453857422,50.04312515258789,112.51557159423828,45.270957946777344,225.5084686279297
2024-12-12,173.59339904785156,9.729999542236328,486.0233154296875,51.254669189453125,406.9544982910156,121.72500610351562,47.93544006347656,112.23955535888672,45.270957946777344,224.1597137451172
2024-12-13,171.682373046875,10.390000343322754,484.1343688964844,51.18941879272461,409.4683837890625,121.87223815917967,47.732398986816406,111.7663803100586,44.8681526184082,224.09078979492188
2024-12-16,169.5436553955078,10.18000030517578,481.1981201171875,50.9843635559082,403.3113098144531,120.37055206298828,45.05428314208984,111.01720428466795,44.67166519165039,232.34088134765625
2024-12-17,168.0386505126953,9.970000267028809,480.1802368164063,50.453086853027344,401.1116638183594,119.80127716064452,42.579200744628906,111.67767333984376,44.259037017822266,229.515380859375
2024-12-18,163.78097534179688,9.699999809265137,472.6733093261719,49.63286209106445,386.7255859375,119.00627136230467,43.77806854248047,110.33702087402344,42.73625183105469,223.34259033203125
2024-12-19,167.12770080566406,9.350000381469728,469.4630126953125,49.39052581787109,378.0841064453125,117.30828094482422,42.327823638916016,110.8200454711914,42.61835861206055,223.36227416992188
2024-12-20,167.98912048339844,9.550000190734863,478.6240539550781,50.18278503417969,385.527587890625,117.98551177978516,42.88858413696289,112.6042938232422,43.39448928833008,224.77993774414065
2024-12-23,167.4742431640625,9.300000190734863,476.1478271484375,49.94044494628906,385.3802795410156,117.92662811279295,42.675880432128906,112.6831512451172,43.11940383911133,223.6182403564453
2024-12-24,169.72189331054688,9.1899995803833,477.75299072265625,49.8379135131836,389.0038146972656,118.74127197265624,42.78223037719727,113.12674713134766,43.600807189941406,225.3509521484375
2024-12-26,169.98924255371094,9.68000030517578,479.5636596679688,49.98044204711914,388.0218200683594,118.98664855957033,43.43000793457031,113.62947845458984,43.76781845092773,228.2650604248047
2024-12-27,167.29603576660156,9.619999885559082,478.57513427734375,49.77140426635742,385.7828674316406,118.15235900878906,43.01427459716797,113.35347747802734,43.56150436401367,225.9514923095703
2024-12-30,165.26622009277344,9.260000228881836,473.0941467285156,49.48634338378906,382.4146423339844,116.88623809814452,42.482513427734375,111.19464111328124,43.13905334472656,223.08660888671875
